{
  "train_loss": [
    1.288204625248909,
    1.2778029789527257,
    1.2671542515357335,
    1.2378593633572261,
    1.203719640771548,
    1.162148726483186,
    1.1077187657356262,
    1.062746601800124,
    1.0052026510238647,
    0.9573804462949435,
    0.9188328286012014,
    0.8880448266863823,
    0.8539425631364187,
    0.8284957235058149,
    0.809671439230442,
    0.794729287425677,
    0.7828188190857569,
    0.7698336467146873,
    0.7598207096258799,
    0.7490494673450788,
    0.7382747655113538,
    0.7290957272052765,
    0.7315021033088366,
    0.7186445643504461,
    0.7199405580759048,
    0.7069123536348343,
    0.7059317827224731,
    0.6972346231341362,
    0.6947369650006294,
    0.6951244299610456,
    0.6850965892275175,
    0.6872280488411585,
    0.6831801484028498,
    0.6839593425393105,
    0.6800085380673409,
    0.6765621627370516,
    0.6763062079747518,
    0.6765167613824209,
    0.6753611092766126,
    0.6695325796802839,
    0.6720989470680555,
    0.6703491310278574,
    0.6679288322726885,
    0.6682134419679642,
    0.6666017932196459,
    0.6706223090489706,
    0.6706515004237493,
    0.6667926895121733,
    0.6642357458670934,
    0.6679909576972326
  ],
  "val_loss": [
    4.262766063213348,
    4.171523571014404,
    4.0280721783638,
    3.813441753387451,
    3.527884304523468,
    3.204629600048065,
    2.8757375478744507,
    2.5409445762634277,
    2.2603111565113068,
    2.061426341533661,
    1.8844238221645355,
    1.7386634945869446,
    1.6449552178382874,
    1.5544305443763733,
    1.4967368841171265,
    1.4447391480207443,
    1.4096283316612244,
    1.3691311329603195,
    1.3423557877540588,
    1.3160908371210098,
    1.292740285396576,
    1.2810893058776855,
    1.2600284218788147,
    1.2440803200006485,
    1.2305489927530289,
    1.2170901000499725,
    1.2128219455480576,
    1.2007252722978592,
    1.187969297170639,
    1.1828994750976562,
    1.1687463372945786,
    1.1684776544570923,
    1.1601153314113617,
    1.1563690900802612,
    1.1521770805120468,
    1.1461449265480042,
    1.1356172561645508,
    1.1334847062826157,
    1.1332775503396988,
    1.131659597158432,
    1.1299199312925339,
    1.1284321248531342,
    1.1255276650190353,
    1.1242008060216904,
    1.1231074035167694,
    1.1227505505084991,
    1.122600480914116,
    1.1225023865699768,
    1.1225186586380005,
    1.1225131005048752
  ],
  "val_mse": [
    4.262243747711182,
    4.170908451080322,
    4.027310848236084,
    3.812467336654663,
    3.5266499519348145,
    3.203066110610962,
    2.8737881183624268,
    2.538677930831909,
    2.2577474117279053,
    2.058462619781494,
    1.8812843561172485,
    1.7353887557983398,
    1.6415441036224365,
    1.5511033535003662,
    1.4934232234954834,
    1.4415408372879028,
    1.406504511833191,
    1.3661667108535767,
    1.3395087718963623,
    1.3133825063705444,
    1.2901883125305176,
    1.278536319732666,
    1.257636547088623,
    1.241775631904602,
    1.2283473014831543,
    1.2149741649627686,
    1.2107079029083252,
    1.198691964149475,
    1.186042308807373,
    1.180977702140808,
    1.1669729948043823,
    1.1666806936264038,
    1.1583915948867798,
    1.1546441316604614,
    1.1504863500595093,
    1.1444982290267944,
    1.1340855360031128,
    1.1319642066955566,
    1.1317439079284668,
    1.1301391124725342,
    1.1284072399139404,
    1.1269278526306152,
    1.124053716659546,
    1.1227372884750366,
    1.1216551065444946,
    1.1213008165359497,
    1.1211508512496948,
    1.1210529804229736,
    1.1210687160491943,
    1.121063232421875
  ],
  "val_mae": [
    1.2157284021377563,
    1.2029354572296143,
    1.1825239658355713,
    1.1513272523880005,
    1.1085829734802246,
    1.058112382888794,
    1.0038701295852661,
    0.9452926516532898,
    0.892550528049469,
    0.8523566722869873,
    0.8141810894012451,
    0.780843198299408,
    0.7581357955932617,
    0.735626220703125,
    0.7205069065093994,
    0.7066039443016052,
    0.6966496109962463,
    0.6856054067611694,
    0.6778090596199036,
    0.6701755523681641,
    0.6633113622665405,
    0.6597426533699036,
    0.6533506512641907,
    0.648444414138794,
    0.6442574262619019,
    0.640215277671814,
    0.6385008096694946,
    0.6346835494041443,
    0.6309507489204407,
    0.6291831135749817,
    0.6248487234115601,
    0.624428391456604,
    0.6217955350875854,
    0.6205344796180725,
    0.6190905570983887,
    0.6172344088554382,
    0.6141394376754761,
    0.6133266687393188,
    0.6131143569946289,
    0.6125556230545044,
    0.6119561791419983,
    0.6114506125450134,
    0.6105937361717224,
    0.6101825833320618,
    0.6098467111587524,
    0.6097230315208435,
    0.6096616387367249,
    0.6096253991127014,
    0.6096263527870178,
    0.609624445438385
  ],
  "epoch_time": [
    0.07259273529052734,
    0.06625175476074219,
    0.06768393516540527,
    0.07470870018005371,
    0.06619000434875488,
    0.06845927238464355,
    0.0653374195098877,
    0.06744813919067383,
    0.06631207466125488,
    0.0670011043548584,
    0.06556987762451172,
    0.06352639198303223,
    0.06480741500854492,
    0.06360101699829102,
    0.0648338794708252,
    0.06683206558227539,
    0.06633806228637695,
    0.07187867164611816,
    0.06761312484741211,
    0.0673372745513916,
    0.06581735610961914,
    0.0668039321899414,
    0.06659460067749023,
    0.0659172534942627,
    0.0647432804107666,
    0.06530117988586426,
    0.06438517570495605,
    0.06740379333496094,
    0.06601142883300781,
    0.06651639938354492,
    0.06510066986083984,
    0.0688161849975586,
    0.07101750373840332,
    0.06753802299499512,
    0.06898140907287598,
    0.06902408599853516,
    0.06926274299621582,
    0.06870651245117188,
    0.06518006324768066,
    0.06689071655273438,
    0.06470227241516113,
    0.06470751762390137,
    0.06636977195739746,
    0.06420660018920898,
    0.06537175178527832,
    0.06645607948303223,
    0.06324291229248047,
    0.06504464149475098,
    0.06336736679077148,
    0.06361770629882812
  ],
  "lr": [
    5.054745316761361e-06,
    8.172627613577566e-06,
    1.3216623067499413e-05,
    1.996505957091068e-05,
    2.8121358715584903e-05,
    3.732706973798255e-05,
    4.7177622613589726e-05,
    5.7240107987695745e-05,
    6.707230255516236e-05,
    7.62421037670928e-05,
    8.43465197533239e-05,
    9.102937989691552e-05,
    9.599698772124164e-05,
    9.903102818095995e-05,
    9.999965031344181e-05,
    9.97816048206409e-05,
    9.916274872721622e-05,
    9.814806469855052e-05,
    9.674572237381808e-05,
    9.496701258885368e-05,
    9.282625646898149e-05,
    9.034069012373445e-05,
    8.75303258718352e-05,
    8.441779111377256e-05,
    8.10281461492777e-05,
    7.738868240652574e-05,
    7.352870270760329e-05,
    6.947928533941478e-05,
    6.527303382958999e-05,
    6.094381444205021e-05,
    5.652648350576415e-05,
    5.2056606772082216e-05,
    4.757017306021908e-05,
    4.310330449644236e-05,
    3.86919656799514e-05,
    3.4371674117071375e-05,
    3.0177214255176276e-05,
    2.614235741877163e-05,
    2.2299589902646778e-05,
    1.8679851411330844e-05,
    1.5312285950784124e-05,
    1.2224007177998534e-05,
    9.439880097774024e-06,
    6.982320864320343e-06,
    4.87111629956385e-06,
    3.1232645812917545e-06,
    1.7528383838194355e-06,
    7.708715730913744e-07,
    1.8527036848043055e-07,
    7.496865581946261e-10
  ]
}