{
  "train_loss": [
    1.2575975408156712,
    1.2464772214492161,
    1.2334667990605037,
    1.2157122492790222,
    1.1841278771559398,
    1.1432666132847469,
    1.0984935636321704,
    1.059285320341587,
    1.0131760189930599,
    0.9677302514513334,
    0.9337598755955696,
    0.9018790895740191,
    0.870395245651404,
    0.8532450099786123,
    0.8362088327606519,
    0.8221349244316419,
    0.8126614664991697,
    0.7988611360390981,
    0.7916274989644686,
    0.7832517375548681,
    0.7779556016127268,
    0.7704343125224113,
    0.7638488883773485,
    0.7607885524630547,
    0.7543694997827212,
    0.7516206726431847,
    0.7473545248309771,
    0.7453325092792511,
    0.7384264742334684,
    0.7342750603953997,
    0.73418756822745,
    0.7329208677013715,
    0.7277125914891561,
    0.7260009720921516,
    0.723011295000712,
    0.7194601943095525,
    0.7202824900547663,
    0.7217113475004832,
    0.7222808276613554,
    0.7192443261543909,
    0.7173164288202921,
    0.7189299042026202,
    0.7175495028495789,
    0.7167710314194361,
    0.71893510222435,
    0.7170500780145327,
    0.7171494662761688,
    0.7147004703680674,
    0.7180031264821688,
    0.7146991739670435
  ],
  "val_loss": [
    3.679661750793457,
    3.6091268658638,
    3.4982410669326782,
    3.337037205696106,
    3.125456988811493,
    2.8761395812034607,
    2.6314929723739624,
    2.3923705220222473,
    2.1714806854724884,
    2.0072437822818756,
    1.844150573015213,
    1.7395429611206055,
    1.6288137435913086,
    1.5564872026443481,
    1.4944397509098053,
    1.4599581062793732,
    1.4246076941490173,
    1.3919066488742828,
    1.3554543554782867,
    1.3482578098773956,
    1.327277272939682,
    1.3072591871023178,
    1.2813424617052078,
    1.2780838459730148,
    1.2629134505987167,
    1.251593753695488,
    1.2398493587970734,
    1.233476161956787,
    1.223997488617897,
    1.2129958122968674,
    1.1999004930257797,
    1.2000308632850647,
    1.1969241946935654,
    1.1879890114068985,
    1.1898358315229416,
    1.1808211207389832,
    1.1705257147550583,
    1.17324897646904,
    1.173248291015625,
    1.1690489500761032,
    1.1676705479621887,
    1.165859118103981,
    1.1646101921796799,
    1.163366511464119,
    1.1634793430566788,
    1.1632426381111145,
    1.162796139717102,
    1.1626163721084595,
    1.1626489907503128,
    1.1626332104206085
  ],
  "val_mse": [
    3.652684450149536,
    3.5813872814178467,
    3.4692821502685547,
    3.306260347366333,
    3.092254400253296,
    2.8400509357452393,
    2.592111587524414,
    2.3497414588928223,
    2.1258583068847656,
    1.9585483074188232,
    1.793658971786499,
    1.6864079236984253,
    1.5750479698181152,
    1.5012905597686768,
    1.4388489723205566,
    1.4026925563812256,
    1.367111086845398,
    1.3340158462524414,
    1.2981233596801758,
    1.2900036573410034,
    1.268983244895935,
    1.2490315437316895,
    1.223913311958313,
    1.2201330661773682,
    1.2052891254425049,
    1.1942992210388184,
    1.1828497648239136,
    1.1765189170837402,
    1.1671350002288818,
    1.1565678119659424,
    1.1442266702651978,
    1.1438448429107666,
    1.1408424377441406,
    1.1323883533477783,
    1.1338694095611572,
    1.1253492832183838,
    1.1157443523406982,
    1.1180869340896606,
    1.117920994758606,
    1.113901138305664,
    1.1125597953796387,
    1.1108258962631226,
    1.109610915184021,
    1.1084160804748535,
    1.1084827184677124,
    1.1082438230514526,
    1.1078178882598877,
    1.1076465845108032,
    1.1076736450195312,
    1.107658863067627
  ],
  "val_mae": [
    1.149590015411377,
    1.13905930519104,
    1.1222593784332275,
    1.0973236560821533,
    1.0634030103683472,
    1.021653175354004,
    0.9778100252151489,
    0.9319213628768921,
    0.8867732882499695,
    0.8504512906074524,
    0.8129683136940002,
    0.7866868376731873,
    0.7593513131141663,
    0.7401251196861267,
    0.723588764667511,
    0.7133767008781433,
    0.7037404775619507,
    0.6945555210113525,
    0.6848459243774414,
    0.6820277571678162,
    0.6760792136192322,
    0.6704006791114807,
    0.6633580923080444,
    0.6619744300842285,
    0.6576871275901794,
    0.6543564796447754,
    0.6510142683982849,
    0.6489664316177368,
    0.6461504697799683,
    0.6430869102478027,
    0.6395552754402161,
    0.6390578746795654,
    0.6380687952041626,
    0.6356068849563599,
    0.6358473300933838,
    0.6333335638046265,
    0.6306572556495667,
    0.6312035322189331,
    0.6309627890586853,
    0.6297979354858398,
    0.6293668746948242,
    0.6288408637046814,
    0.6284641623497009,
    0.6281112432479858,
    0.6280950307846069,
    0.6280174255371094,
    0.6278868913650513,
    0.6278342604637146,
    0.6278396844863892,
    0.6278353333473206
  ],
  "epoch_time": [
    0.07028055191040039,
    0.07464098930358887,
    0.07189559936523438,
    0.0650639533996582,
    0.06460714340209961,
    0.06482529640197754,
    0.0661776065826416,
    0.0677955150604248,
    0.06578922271728516,
    0.06546616554260254,
    0.06515669822692871,
    0.0650796890258789,
    0.06657576560974121,
    0.06541585922241211,
    0.06454801559448242,
    0.06477141380310059,
    0.06386947631835938,
    0.0661921501159668,
    0.06532049179077148,
    0.06610965728759766,
    0.06603240966796875,
    0.06493902206420898,
    0.06452679634094238,
    0.06450891494750977,
    0.06456398963928223,
    0.06508135795593262,
    0.06570577621459961,
    0.06571364402770996,
    0.06451940536499023,
    0.06537365913391113,
    0.06455373764038086,
    0.06546521186828613,
    0.06666326522827148,
    0.06603479385375977,
    0.0660853385925293,
    0.06701445579528809,
    0.06528854370117188,
    0.0667731761932373,
    0.06456661224365234,
    0.06673765182495117,
    0.06776618957519531,
    0.0668022632598877,
    0.0668783187866211,
    0.06717824935913086,
    0.06817746162414551,
    0.0657646656036377,
    0.06496429443359375,
    0.06610584259033203,
    0.06513357162475586,
    0.06583380699157715
  ],
  "lr": [
    5.054745316761361e-06,
    8.172627613577566e-06,
    1.3216623067499413e-05,
    1.996505957091068e-05,
    2.8121358715584903e-05,
    3.732706973798255e-05,
    4.7177622613589726e-05,
    5.7240107987695745e-05,
    6.707230255516236e-05,
    7.62421037670928e-05,
    8.43465197533239e-05,
    9.102937989691552e-05,
    9.599698772124164e-05,
    9.903102818095995e-05,
    9.999965031344181e-05,
    9.97816048206409e-05,
    9.916274872721622e-05,
    9.814806469855052e-05,
    9.674572237381808e-05,
    9.496701258885368e-05,
    9.282625646898149e-05,
    9.034069012373445e-05,
    8.75303258718352e-05,
    8.441779111377256e-05,
    8.10281461492777e-05,
    7.738868240652574e-05,
    7.352870270760329e-05,
    6.947928533941478e-05,
    6.527303382958999e-05,
    6.094381444205021e-05,
    5.652648350576415e-05,
    5.2056606772082216e-05,
    4.757017306021908e-05,
    4.310330449644236e-05,
    3.86919656799514e-05,
    3.4371674117071375e-05,
    3.0177214255176276e-05,
    2.614235741877163e-05,
    2.2299589902646778e-05,
    1.8679851411330844e-05,
    1.5312285950784124e-05,
    1.2224007177998534e-05,
    9.439880097774024e-06,
    6.982320864320343e-06,
    4.87111629956385e-06,
    3.1232645812917545e-06,
    1.7528383838194355e-06,
    7.708715730913744e-07,
    1.8527036848043055e-07,
    7.496865581946261e-10
  ]
}