{
  "train_loss": [
    1.4000493812561035,
    1.390047287940979,
    1.3684626913070679,
    1.3367976713180543,
    1.2953208875656128,
    1.2410481595993041,
    1.178852527141571,
    1.1107295870780944,
    1.045798945426941,
    0.9839447903633117,
    0.9305411887168884,
    0.8873582315444947,
    0.8476157379150391,
    0.8204271697998047,
    0.7953885579109192,
    0.7743124008178711,
    0.7594396018981934,
    0.7439511847496033,
    0.7326520466804505,
    0.7220400595664977,
    0.7140128087997436,
    0.7050225973129273,
    0.6969071316719055,
    0.6922106599807739,
    0.6852616024017334,
    0.6795410132408142,
    0.6734341287612915,
    0.669867947101593,
    0.6662603902816773,
    0.6601770544052123,
    0.6577448391914368,
    0.6562636995315552,
    0.65289386510849,
    0.6498189759254456,
    0.6454668927192688,
    0.6459592390060425,
    0.6440303421020508,
    0.6405991268157959,
    0.6409745490550995,
    0.6388088738918305,
    0.6378363585472107,
    0.637008752822876,
    0.6380107975006104,
    0.6374860477447509,
    0.6367257630825043,
    0.6372673273086548,
    0.6374047327041626,
    0.6350937700271606,
    0.635337951183319,
    0.6359266519546509
  ],
  "val_loss": [
    5.206528377532959,
    5.094721126556396,
    4.923122787475586,
    4.666736793518067,
    4.328740358352661,
    3.9282968521118162,
    3.5193098545074464,
    3.1150486946105955,
    2.754853343963623,
    2.452795910835266,
    2.1987187385559084,
    1.99718279838562,
    1.847897720336914,
    1.714062476158142,
    1.6328606605529785,
    1.5420388460159302,
    1.479512107372284,
    1.424330747127533,
    1.3831101298332213,
    1.3543206810951234,
    1.326044464111328,
    1.2911787033081055,
    1.2730787992477417,
    1.2495795607566833,
    1.2304526090621948,
    1.2143953084945678,
    1.1972980976104737,
    1.1871827006340028,
    1.1730478405952454,
    1.1674440503120422,
    1.15504732131958,
    1.1414762377738952,
    1.1373196601867677,
    1.1349084734916688,
    1.1256675124168396,
    1.1155171751976014,
    1.1136123418807984,
    1.1102793097496033,
    1.1094592690467835,
    1.106634497642517,
    1.1021599411964416,
    1.1012938737869262,
    1.0997505903244018,
    1.0993187308311463,
    1.0981226801872253,
    1.0975175023078918,
    1.097305953502655,
    1.09703848361969,
    1.0969783663749695,
    1.0969768166542053
  ],
  "val_mse": [
    5.16006326675415,
    5.048654079437256,
    4.877816677093506,
    4.622237205505371,
    4.285402297973633,
    3.8868892192840576,
    3.4797379970550537,
    3.0760717391967773,
    2.7174646854400635,
    2.4176621437072754,
    2.1663155555725098,
    1.9682354927062988,
    1.8218587636947632,
    1.6917190551757812,
    1.6138026714324951,
    1.5274040699005127,
    1.4681018590927124,
    1.4160391092300415,
    1.3776525259017944,
    1.3509341478347778,
    1.3253986835479736,
    1.2930890321731567,
    1.276806354522705,
    1.2550722360610962,
    1.2379027605056763,
    1.2231194972991943,
    1.2070845365524292,
    1.1981271505355835,
    1.1852993965148926,
    1.1808702945709229,
    1.1687586307525635,
    1.1564679145812988,
    1.1528160572052002,
    1.1508914232254028,
    1.1421380043029785,
    1.1326930522918701,
    1.1312350034713745,
    1.1280505657196045,
    1.1273537874221802,
    1.1248177289962769,
    1.1206880807876587,
    1.119945764541626,
    1.1185319423675537,
    1.1181548833847046,
    1.1169815063476562,
    1.1164464950561523,
    1.1162434816360474,
    1.116008996963501,
    1.1159534454345703,
    1.115951657295227
  ],
  "val_mae": [
    1.3134433031082153,
    1.2998491525650024,
    1.2786588668823242,
    1.246148705482483,
    1.201599359512329,
    1.145761251449585,
    1.085567831993103,
    1.0219165086746216,
    0.9607874751091003,
    0.9063753485679626,
    0.8579389452934265,
    0.8169272541999817,
    0.7850169539451599,
    0.7553331851959229,
    0.7360177636146545,
    0.7147231698036194,
    0.6995745301246643,
    0.6859145760536194,
    0.6755069494247437,
    0.6677910089492798,
    0.6603156328201294,
    0.6514698266983032,
    0.646222710609436,
    0.6398749351501465,
    0.634543776512146,
    0.6301093697547913,
    0.625219464302063,
    0.6222241520881653,
    0.6184205412864685,
    0.6166499853134155,
    0.6131029725074768,
    0.6095757484436035,
    0.6080418825149536,
    0.60728520154953,
    0.6045613288879395,
    0.6017765402793884,
    0.6012019515037537,
    0.600170373916626,
    0.5997567176818848,
    0.5989370346069336,
    0.5977092385292053,
    0.5973965525627136,
    0.5969341397285461,
    0.596775472164154,
    0.5964179635047913,
    0.5962499380111694,
    0.596173882484436,
    0.596104085445404,
    0.5960865616798401,
    0.5960855484008789
  ],
  "epoch_time": [
    0.09438133239746094,
    0.06871843338012695,
    0.06805682182312012,
    0.06726312637329102,
    0.06747984886169434,
    0.06747794151306152,
    0.06896281242370605,
    0.07099556922912598,
    0.06943154335021973,
    0.07063102722167969,
    0.06765437126159668,
    0.06809449195861816,
    0.06933951377868652,
    0.06823015213012695,
    0.06822896003723145,
    0.06801676750183105,
    0.06945085525512695,
    0.06901097297668457,
    0.06723523139953613,
    0.06743764877319336,
    0.06753730773925781,
    0.07493424415588379,
    0.07194852828979492,
    0.06998157501220703,
    0.06934452056884766,
    0.06719732284545898,
    0.06850004196166992,
    0.06906723976135254,
    0.06956982612609863,
    0.0691213607788086,
    0.06714630126953125,
    0.06739068031311035,
    0.06838631629943848,
    0.06749081611633301,
    0.07002758979797363,
    0.07040095329284668,
    0.07078289985656738,
    0.07020425796508789,
    0.06926250457763672,
    0.06983184814453125,
    0.06883740425109863,
    0.06795096397399902,
    0.07262229919433594,
    0.06739449501037598,
    0.0686790943145752,
    0.06672859191894531,
    0.0666193962097168,
    0.0727989673614502,
    0.06772994995117188,
    0.0711057186126709
  ],
  "lr": [
    5.0545111795612005e-06,
    8.171711642085606e-06,
    1.3214637940212211e-05,
    1.996171415064607e-05,
    2.811648746950164e-05,
    3.732065374546556e-05,
    4.7169800635348474e-05,
    5.723117665979534e-05,
    6.706270542299162e-05,
    7.623240955023034e-05,
    8.433739089503475e-05,
    9.102153306414524e-05,
    9.599114844743248e-05,
    9.902788225407166e-05,
    9.999967772883852e-05,
    9.978230261894774e-05,
    9.916411129017151e-05,
    9.81500810555985e-05,
    9.674837629043741e-05,
    9.497028269726824e-05,
    9.283011644020109e-05,
    9.034510887954049e-05,
    8.753526783500407e-05,
    8.442321649452271e-05,
    8.103401126563336e-05,
    7.739494003601864e-05,
    7.353530246748021e-05,
    6.948617409228977e-05,
    6.528015611127542e-05,
    6.095111290812179e-05,
    5.653389939326449e-05,
    5.206408037264564e-05,
    4.7577644200808266e-05,
    4.311071302382624e-05,
    3.869925194502362e-05,
    3.4378779455109826e-05,
    3.0184081458176953e-05,
    2.614893119605382e-05,
    2.2305817326021113e-05,
    1.868568234124598e-05,
    1.5317673440020924e-05,
    1.2228907849661448e-05,
    9.444254494536366e-06,
    6.986133766111486e-06,
    4.8743370071405195e-06,
    3.1258671634103006e-06,
    1.7548018860189329e-06,
    7.721801864066394e-07,
    1.859135567264893e-07,
    7.222711614804578e-10
  ]
}