{
  "train_loss": [
    1.2877364406983058,
    1.272416998942693,
    1.2531645049651463,
    1.2302698343992233,
    1.1865517844756444,
    1.1287705128391583,
    1.0742995341618855,
    1.0106228291988373,
    0.9536231731375059,
    0.9031747157375017,
    0.857654444873333,
    0.8221733644604683,
    0.799147330224514,
    0.7735923677682877,
    0.7597937360405922,
    0.7469788814584414,
    0.7376582473516464,
    0.7294724856813749,
    0.7234796111782392,
    0.7153139561414719,
    0.7101867447296778,
    0.7078312014540037,
    0.7005226487914721,
    0.6988833372791609,
    0.688393346965313,
    0.6959104786316553,
    0.6905771493911743,
    0.6901998917261759,
    0.683092343310515,
    0.6857481723030409,
    0.6867715318997701,
    0.6798353319366773,
    0.6808624441425005,
    0.6797314683596293,
    0.6801405275861422,
    0.6790033305684725,
    0.677541472017765,
    0.6747149204214414,
    0.6737598652640978,
    0.6737579802672068,
    0.6703165123860041,
    0.6722323323289553,
    0.6707698628306389,
    0.6741112793485323,
    0.6738578776518503,
    0.6733971610665321,
    0.6716141924262047,
    0.6706677451729774,
    0.671613929172357,
    0.6737945849696795
  ],
  "val_loss": [
    1.595665693283081,
    1.6733067333698273,
    1.653358370065689,
    1.5945129692554474,
    1.539183348417282,
    1.4638656079769135,
    1.3802371323108673,
    1.2868908941745758,
    1.20938341319561,
    1.139141783118248,
    1.0833074301481247,
    1.0430607348680496,
    1.0022196769714355,
    0.9727168381214142,
    0.9508317410945892,
    0.9319005608558655,
    0.9141102433204651,
    0.8998479694128036,
    0.888353019952774,
    0.8793668299913406,
    0.8699394315481186,
    0.8651051074266434,
    0.8548159748315811,
    0.849478080868721,
    0.845658004283905,
    0.8412816375494003,
    0.837830051779747,
    0.8352650105953217,
    0.8318899422883987,
    0.8290001899003983,
    0.826601430773735,
    0.8236478865146637,
    0.8236590027809143,
    0.8198332637548447,
    0.81829434633255,
    0.8185708224773407,
    0.8170904666185379,
    0.8155363500118256,
    0.8144943714141846,
    0.814950630068779,
    0.8145706951618195,
    0.8132082670927048,
    0.8134034872055054,
    0.8123502880334854,
    0.8122225105762482,
    0.8116412460803986,
    0.8106010109186172,
    0.8123297393321991,
    0.8116711974143982,
    0.8126595318317413
  ],
  "val_mse": [
    1.5984135866165161,
    1.678067684173584,
    1.6579140424728394,
    1.5978037118911743,
    1.5416243076324463,
    1.4648587703704834,
    1.3793758153915405,
    1.2836580276489258,
    1.2040605545043945,
    1.131516456604004,
    1.0738880634307861,
    1.0325146913528442,
    0.9903779029846191,
    0.960109531879425,
    0.9376820921897888,
    0.918409526348114,
    0.9003937840461731,
    0.8857651948928833,
    0.8742046356201172,
    0.8652724623680115,
    0.8556515574455261,
    0.8507965207099915,
    0.8405078649520874,
    0.8351688385009766,
    0.8313452005386353,
    0.8269954919815063,
    0.8235596418380737,
    0.8210313320159912,
    0.8176987767219543,
    0.8149179220199585,
    0.8124591708183289,
    0.8095002174377441,
    0.809581995010376,
    0.8056401014328003,
    0.8041873574256897,
    0.8045424818992615,
    0.8031555414199829,
    0.8015398383140564,
    0.8003882765769958,
    0.800959050655365,
    0.8005512952804565,
    0.7991541028022766,
    0.7993582487106323,
    0.7982704043388367,
    0.798169732093811,
    0.7974720597267151,
    0.7964341640472412,
    0.7982940077781677,
    0.7975510954856873,
    0.7986359000205994
  ],
  "val_mae": [
    0.8260406255722046,
    0.8398631811141968,
    0.8318015336990356,
    0.8133442401885986,
    0.7933576107025146,
    0.7669644355773926,
    0.7370049357414246,
    0.7046313285827637,
    0.6769134402275085,
    0.6526364684104919,
    0.6337803602218628,
    0.6197910904884338,
    0.6062762141227722,
    0.5960226655006409,
    0.5880439281463623,
    0.5813952088356018,
    0.5749872326850891,
    0.569650411605835,
    0.5655713081359863,
    0.5616687536239624,
    0.5583270788192749,
    0.556390643119812,
    0.5525292158126831,
    0.5502708554267883,
    0.5489302277565002,
    0.5470012426376343,
    0.545538604259491,
    0.5446077585220337,
    0.5433186292648315,
    0.542407751083374,
    0.5411521196365356,
    0.5401506423950195,
    0.5399945378303528,
    0.5385498404502869,
    0.5379859805107117,
    0.5381250381469727,
    0.5375099182128906,
    0.5368911623954773,
    0.536379337310791,
    0.536418616771698,
    0.5362394452095032,
    0.5358810424804688,
    0.5357516407966614,
    0.5354773998260498,
    0.5353872776031494,
    0.535103976726532,
    0.5348756909370422,
    0.5353825688362122,
    0.5351271033287048,
    0.5354843139648438
  ],
  "epoch_time": [
    0.6267037391662598,
    0.5077896118164062,
    0.5042972564697266,
    0.5048494338989258,
    0.5085110664367676,
    0.5081324577331543,
    0.5080721378326416,
    0.5039162635803223,
    0.5060281753540039,
    0.5112183094024658,
    0.5103044509887695,
    0.5100550651550293,
    0.5127012729644775,
    0.5078718662261963,
    0.5097687244415283,
    0.5118143558502197,
    0.5138463973999023,
    0.5152637958526611,
    0.5122199058532715,
    0.5171988010406494,
    0.5059242248535156,
    0.5098450183868408,
    0.5103332996368408,
    0.5128378868103027,
    0.5118875503540039,
    0.5118045806884766,
    0.5131931304931641,
    0.511669397354126,
    0.5154232978820801,
    0.5159335136413574,
    0.5143251419067383,
    0.5137267112731934,
    0.5113282203674316,
    0.5180332660675049,
    0.5162222385406494,
    0.5127832889556885,
    0.5198864936828613,
    0.5177323818206787,
    0.5104084014892578,
    0.5119216442108154,
    0.5238749980926514,
    0.5220925807952881,
    0.5166687965393066,
    0.5213613510131836,
    0.5160667896270752,
    0.518181324005127,
    0.5195431709289551,
    0.520543098449707,
    0.5180573463439941,
    0.518540620803833
  ],
  "lr": [
    5.054745316761361e-06,
    8.172627613577566e-06,
    1.3216623067499413e-05,
    1.996505957091068e-05,
    2.8121358715584903e-05,
    3.732706973798255e-05,
    4.7177622613589726e-05,
    5.7240107987695745e-05,
    6.707230255516236e-05,
    7.62421037670928e-05,
    8.43465197533239e-05,
    9.102937989691552e-05,
    9.599698772124164e-05,
    9.903102818095995e-05,
    9.999965031344181e-05,
    9.97816048206409e-05,
    9.916274872721622e-05,
    9.814806469855052e-05,
    9.674572237381808e-05,
    9.496701258885368e-05,
    9.282625646898149e-05,
    9.034069012373445e-05,
    8.75303258718352e-05,
    8.441779111377256e-05,
    8.10281461492777e-05,
    7.738868240652574e-05,
    7.352870270760329e-05,
    6.947928533941478e-05,
    6.527303382958999e-05,
    6.094381444205021e-05,
    5.652648350576415e-05,
    5.2056606772082216e-05,
    4.757017306021908e-05,
    4.310330449644236e-05,
    3.86919656799514e-05,
    3.4371674117071375e-05,
    3.0177214255176276e-05,
    2.614235741877163e-05,
    2.2299589902646778e-05,
    1.8679851411330844e-05,
    1.5312285950784124e-05,
    1.2224007177998534e-05,
    9.439880097774024e-06,
    6.982320864320343e-06,
    4.87111629956385e-06,
    3.1232645812917545e-06,
    1.7528383838194355e-06,
    7.708715730913744e-07,
    1.8527036848043055e-07,
    7.496865581946261e-10
  ]
}