{
  "train_loss": [
    1.190371756752332,
    1.182472601532936,
    1.1573580726981163,
    1.1273811732729275,
    1.087792473534743,
    1.0390630861123402,
    0.9884362320105234,
    0.9313863292336464,
    0.8766607021292051,
    0.838919979830583,
    0.8058932945132256,
    0.7688397094607353,
    0.7415814250707626,
    0.7210991382598877,
    0.6995236948132515,
    0.6933312341570854,
    0.6746085484822592,
    0.6644560545682907,
    0.6541838124394417,
    0.6523508255680402,
    0.6434993470708529,
    0.6429782410462698,
    0.629302516579628,
    0.6300981342792511,
    0.6279814566175143,
    0.62495835373799,
    0.6202049242953459,
    0.6183348024884859,
    0.6124403675397238,
    0.6141100600361824,
    0.6148875107367834,
    0.6084953968723615,
    0.6077371127903461,
    0.6089561954140663,
    0.6098558343946934,
    0.6065223217010498,
    0.6129263987143835,
    0.6064141343037287,
    0.6081022384266058,
    0.6063834565381209,
    0.6053265531857809,
    0.607818586130937,
    0.6036491009096304,
    0.606612041592598,
    0.6023797740538915,
    0.6031971598664919,
    0.6028140870233377,
    0.601020872592926,
    0.5995320913692316,
    0.6024953089654446
  ],
  "val_loss": [
    1.5350399017333984,
    1.6421186029911041,
    1.6220188736915588,
    1.5767074823379517,
    1.5051624476909637,
    1.4307406544685364,
    1.3635364174842834,
    1.2901664823293686,
    1.2293861508369446,
    1.1773290485143661,
    1.130126178264618,
    1.0854549705982208,
    1.0478090643882751,
    1.0110428929328918,
    0.9840365946292877,
    0.9610577374696732,
    0.9397914856672287,
    0.9213772416114807,
    0.9089650064706802,
    0.8935146331787109,
    0.8846300542354584,
    0.8750441074371338,
    0.8672333210706711,
    0.8589215725660324,
    0.8546916544437408,
    0.8496841937303543,
    0.8450796753168106,
    0.8426665365695953,
    0.8393841832876205,
    0.8360030651092529,
    0.8331228047609329,
    0.8312666118144989,
    0.8296186476945877,
    0.8284420818090439,
    0.8277334868907928,
    0.8250714689493179,
    0.8235621005296707,
    0.8219577968120575,
    0.8231617212295532,
    0.8214616030454636,
    0.8213570564985275,
    0.8202490657567978,
    0.8205835968255997,
    0.8196576982736588,
    0.8199068605899811,
    0.8200085759162903,
    0.8194150924682617,
    0.8195986449718475,
    0.8188413083553314,
    0.8188585042953491
  ],
  "val_mse": [
    1.5391367673873901,
    1.6467392444610596,
    1.6265864372253418,
    1.5811136960983276,
    1.5092532634735107,
    1.4344712495803833,
    1.3669207096099854,
    1.2931315898895264,
    1.2320364713668823,
    1.1797857284545898,
    1.1326236724853516,
    1.087955117225647,
    1.0504233837127686,
    1.013784646987915,
    0.9869353175163269,
    0.9641505479812622,
    0.9429296851158142,
    0.9245625734329224,
    0.9122937321662903,
    0.8968281149864197,
    0.8880284428596497,
    0.8784586787223816,
    0.8707046508789062,
    0.8623179197311401,
    0.8581723570823669,
    0.853155255317688,
    0.8486104011535645,
    0.8462378978729248,
    0.8429778814315796,
    0.8395904302597046,
    0.8366990685462952,
    0.8349141478538513,
    0.8332687616348267,
    0.8321055173873901,
    0.8314666748046875,
    0.8287654519081116,
    0.8272296190261841,
    0.8255899548530579,
    0.8268938064575195,
    0.8251743316650391,
    0.8250826597213745,
    0.8239254951477051,
    0.8243139386177063,
    0.823348879814148,
    0.8236191272735596,
    0.8237389326095581,
    0.8231186866760254,
    0.8233133554458618,
    0.8225125670433044,
    0.8225356936454773
  ],
  "val_mae": [
    0.7810192704200745,
    0.8022642731666565,
    0.7934083938598633,
    0.7767112255096436,
    0.7520143985748291,
    0.724864661693573,
    0.6991713047027588,
    0.6735864877700806,
    0.6528911590576172,
    0.6358931660652161,
    0.6209402084350586,
    0.6070016026496887,
    0.5949970483779907,
    0.582931637763977,
    0.5740426778793335,
    0.5658562183380127,
    0.5586996674537659,
    0.5521854162216187,
    0.5471579432487488,
    0.5414793491363525,
    0.5382031202316284,
    0.5342168211936951,
    0.5307683944702148,
    0.527815580368042,
    0.5260194540023804,
    0.5237693190574646,
    0.5222826600074768,
    0.5206915140151978,
    0.5194317102432251,
    0.5180970430374146,
    0.5168277621269226,
    0.5162150263786316,
    0.5151525735855103,
    0.5146987438201904,
    0.5142737627029419,
    0.513389527797699,
    0.5126675367355347,
    0.5121162533760071,
    0.5123044848442078,
    0.5116691589355469,
    0.5116544961929321,
    0.5112537741661072,
    0.5112730264663696,
    0.5110267996788025,
    0.5110905766487122,
    0.511091947555542,
    0.5109014511108398,
    0.5109267234802246,
    0.5107482671737671,
    0.5107835531234741
  ],
  "epoch_time": [
    0.6377105712890625,
    0.49745607376098633,
    0.49950623512268066,
    0.49687719345092773,
    0.4983217716217041,
    0.4967074394226074,
    0.5000131130218506,
    0.4948396682739258,
    0.49767446517944336,
    0.4994328022003174,
    0.4970107078552246,
    0.49784159660339355,
    0.5018577575683594,
    0.49822497367858887,
    0.5038759708404541,
    0.49857568740844727,
    0.5028657913208008,
    0.49673008918762207,
    0.5017962455749512,
    0.49898862838745117,
    0.503911018371582,
    0.49927616119384766,
    0.5031304359436035,
    0.5031373500823975,
    0.5016753673553467,
    0.5084953308105469,
    0.5041911602020264,
    0.5009829998016357,
    0.5044012069702148,
    0.5001945495605469,
    0.5064067840576172,
    0.5018010139465332,
    0.5026538372039795,
    0.505556583404541,
    0.5051741600036621,
    0.5003535747528076,
    0.5080757141113281,
    0.5044841766357422,
    0.5050101280212402,
    0.5107367038726807,
    0.5029737949371338,
    0.5011823177337646,
    0.5072753429412842,
    0.507112979888916,
    0.5070626735687256,
    0.5095248222351074,
    0.5021939277648926,
    0.5080292224884033,
    0.513033390045166,
    0.5121266841888428
  ],
  "lr": [
    5.054745316761361e-06,
    8.172627613577566e-06,
    1.3216623067499413e-05,
    1.996505957091068e-05,
    2.8121358715584903e-05,
    3.732706973798255e-05,
    4.7177622613589726e-05,
    5.7240107987695745e-05,
    6.707230255516236e-05,
    7.62421037670928e-05,
    8.43465197533239e-05,
    9.102937989691552e-05,
    9.599698772124164e-05,
    9.903102818095995e-05,
    9.999965031344181e-05,
    9.97816048206409e-05,
    9.916274872721622e-05,
    9.814806469855052e-05,
    9.674572237381808e-05,
    9.496701258885368e-05,
    9.282625646898149e-05,
    9.034069012373445e-05,
    8.75303258718352e-05,
    8.441779111377256e-05,
    8.10281461492777e-05,
    7.738868240652574e-05,
    7.352870270760329e-05,
    6.947928533941478e-05,
    6.527303382958999e-05,
    6.094381444205021e-05,
    5.652648350576415e-05,
    5.2056606772082216e-05,
    4.757017306021908e-05,
    4.310330449644236e-05,
    3.86919656799514e-05,
    3.4371674117071375e-05,
    3.0177214255176276e-05,
    2.614235741877163e-05,
    2.2299589902646778e-05,
    1.8679851411330844e-05,
    1.5312285950784124e-05,
    1.2224007177998534e-05,
    9.439880097774024e-06,
    6.982320864320343e-06,
    4.87111629956385e-06,
    3.1232645812917545e-06,
    1.7528383838194355e-06,
    7.708715730913744e-07,
    1.8527036848043055e-07,
    7.496865581946261e-10
  ]
}