{
  "train_loss": [
    1.1675342321395874,
    1.156479501724243,
    1.1346731352806092,
    1.097179455757141,
    1.048432505130768,
    0.9950000405311584,
    0.9382747602462769,
    0.8851078820228576,
    0.8363976550102233,
    0.798209593296051,
    0.7596196103096008,
    0.7268933057785034,
    0.703119022846222,
    0.6794078111648559,
    0.6577637815475463,
    0.6389142966270447,
    0.627872587442398,
    0.6118244302272796,
    0.6084358716011047,
    0.6017345690727234,
    0.5916267907619477,
    0.5878966653347015,
    0.5814164209365845,
    0.5762403035163879,
    0.5738464403152466,
    0.5726053583621978,
    0.569045467376709,
    0.5648545157909394,
    0.564583705663681,
    0.5632282090187073,
    0.558555269241333,
    0.5597926378250122,
    0.5565087640285492,
    0.5556728053092956,
    0.5523363077640533,
    0.5539019560813904,
    0.5551192128658294,
    0.5518939101696014,
    0.5486453258991242,
    0.5534750533103943,
    0.5516922974586487,
    0.5534386086463928,
    0.5506458628177643,
    0.5508105683326722,
    0.5491755509376526,
    0.5500428009033204,
    0.5512933146953582,
    0.5484351003170014,
    0.5489753651618957,
    0.5523728585243225
  ],
  "val_loss": [
    1.6708202838897706,
    1.7401715755462646,
    1.704531192779541,
    1.6425506591796875,
    1.5691092491149903,
    1.4911989450454712,
    1.4083813667297362,
    1.3364888906478882,
    1.2717029929161072,
    1.2144901990890502,
    1.1592453360557555,
    1.1057408213615418,
    1.0608752369880676,
    1.0160456776618958,
    0.9783044219017029,
    0.9483716368675232,
    0.9221246719360352,
    0.8987453937530517,
    0.8812995910644531,
    0.8667420506477356,
    0.8539675354957581,
    0.8436564564704895,
    0.8353660941123963,
    0.8271885514259338,
    0.8204171895980835,
    0.8142772793769837,
    0.8091358661651611,
    0.8068083763122559,
    0.8028279066085815,
    0.7991687893867493,
    0.796298348903656,
    0.793581199645996,
    0.7916370034217834,
    0.7896264672279358,
    0.7884196400642395,
    0.7870373725891113,
    0.7855855345726013,
    0.7852033138275146,
    0.7833471179008484,
    0.7832025051116943,
    0.7828853726387024,
    0.782830011844635,
    0.7820366859436035,
    0.7816878080368042,
    0.7815027475357056,
    0.7806218266487122,
    0.7809710621833801,
    0.7815146207809448,
    0.7808655500411987,
    0.7807235717773438
  ],
  "val_mse": [
    1.6470658779144287,
    1.7151297330856323,
    1.6817872524261475,
    1.6232881546020508,
    1.5553226470947266,
    1.4830924272537231,
    1.4067577123641968,
    1.3422516584396362,
    1.2858327627182007,
    1.2375595569610596,
    1.1894587278366089,
    1.141706943511963,
    1.1022908687591553,
    1.0613137483596802,
    1.0257736444473267,
    0.9971386790275574,
    0.9712796211242676,
    0.947391152381897,
    0.9292941093444824,
    0.9137786030769348,
    0.9007555842399597,
    0.8895591497421265,
    0.8812315464019775,
    0.8720258474349976,
    0.8649271130561829,
    0.8582874536514282,
    0.8526710271835327,
    0.8502749800682068,
    0.8453758358955383,
    0.8416054844856262,
    0.8382485508918762,
    0.8357099890708923,
    0.8333017826080322,
    0.8316028118133545,
    0.8300262689590454,
    0.8284333348274231,
    0.8265249729156494,
    0.8259362578392029,
    0.8243129253387451,
    0.8240852952003479,
    0.8235363960266113,
    0.823356568813324,
    0.8226850032806396,
    0.8223350048065186,
    0.8220410346984863,
    0.8211780190467834,
    0.8215770721435547,
    0.8221361041069031,
    0.8214038014411926,
    0.821280837059021
  ],
  "val_mae": [
    0.8007700443267822,
    0.8123929500579834,
    0.7999605536460876,
    0.7797408699989319,
    0.7548050880432129,
    0.7273415923118591,
    0.699174702167511,
    0.6755328178405762,
    0.6563253402709961,
    0.6406989693641663,
    0.6264240145683289,
    0.6121703386306763,
    0.6001571416854858,
    0.5873389840126038,
    0.576183021068573,
    0.566317617893219,
    0.5575054287910461,
    0.549388587474823,
    0.5430631041526794,
    0.5376076698303223,
    0.5326330065727234,
    0.5287008285522461,
    0.5248759984970093,
    0.5213425159454346,
    0.518559992313385,
    0.5161917209625244,
    0.5139126777648926,
    0.5127060413360596,
    0.5108709335327148,
    0.5092439651489258,
    0.5080320835113525,
    0.5067955255508423,
    0.5057918429374695,
    0.5050355792045593,
    0.5042832493782043,
    0.5036365389823914,
    0.5029345750808716,
    0.5026551485061646,
    0.5018854737281799,
    0.501743495464325,
    0.5015222430229187,
    0.5014117956161499,
    0.5011497139930725,
    0.5008959174156189,
    0.5008229613304138,
    0.5005384683609009,
    0.5006175637245178,
    0.5007938742637634,
    0.5005563497543335,
    0.5005267858505249
  ],
  "epoch_time": [
    1.5742542743682861,
    0.5100877285003662,
    0.5086057186126709,
    0.5095479488372803,
    0.5093643665313721,
    0.5070104598999023,
    0.5061607360839844,
    0.5084996223449707,
    0.5082628726959229,
    0.5091009140014648,
    0.5060842037200928,
    0.5088472366333008,
    0.5099470615386963,
    0.5096452236175537,
    0.5096044540405273,
    0.5105676651000977,
    0.5097470283508301,
    0.508955717086792,
    0.5106029510498047,
    0.509047269821167,
    0.5105030536651611,
    0.509601354598999,
    0.5108404159545898,
    0.5132286548614502,
    0.5147168636322021,
    0.5176718235015869,
    0.5151104927062988,
    0.5140435695648193,
    0.5158488750457764,
    0.5137195587158203,
    0.5159125328063965,
    0.5168428421020508,
    0.5142908096313477,
    0.5128176212310791,
    0.512883186340332,
    0.5113861560821533,
    0.5132355690002441,
    0.5126054286956787,
    0.5157690048217773,
    0.5154650211334229,
    0.513920783996582,
    0.5143322944641113,
    0.5132999420166016,
    0.5145056247711182,
    0.5132784843444824,
    0.516355037689209,
    0.5174117088317871,
    0.5179684162139893,
    0.5190427303314209,
    0.5190966129302979
  ],
  "lr": [
    5.0545111795612005e-06,
    8.171711642085606e-06,
    1.3214637940212211e-05,
    1.996171415064607e-05,
    2.811648746950164e-05,
    3.732065374546556e-05,
    4.7169800635348474e-05,
    5.723117665979534e-05,
    6.706270542299162e-05,
    7.623240955023034e-05,
    8.433739089503475e-05,
    9.102153306414524e-05,
    9.599114844743248e-05,
    9.902788225407166e-05,
    9.999967772883852e-05,
    9.978230261894774e-05,
    9.916411129017151e-05,
    9.81500810555985e-05,
    9.674837629043741e-05,
    9.497028269726824e-05,
    9.283011644020109e-05,
    9.034510887954049e-05,
    8.753526783500407e-05,
    8.442321649452271e-05,
    8.103401126563336e-05,
    7.739494003601864e-05,
    7.353530246748021e-05,
    6.948617409228977e-05,
    6.528015611127542e-05,
    6.095111290812179e-05,
    5.653389939326449e-05,
    5.206408037264564e-05,
    4.7577644200808266e-05,
    4.311071302382624e-05,
    3.869925194502362e-05,
    3.4378779455109826e-05,
    3.0184081458176953e-05,
    2.614893119605382e-05,
    2.2305817326021113e-05,
    1.868568234124598e-05,
    1.5317673440020924e-05,
    1.2228907849661448e-05,
    9.444254494536366e-06,
    6.986133766111486e-06,
    4.8743370071405195e-06,
    3.1258671634103006e-06,
    1.7548018860189329e-06,
    7.721801864066394e-07,
    1.859135567264893e-07,
    7.222711614804578e-10
  ]
}