{
  "train_loss": [
    1.0950650061879839,
    0.917256270136152,
    0.795136713555881,
    0.7007464660065514,
    0.631583279797009,
    0.5839132091828755,
    0.5463832073978016,
    0.5162936587418828,
    0.48733786812850405,
    0.4591281935572624,
    0.4280597897512572,
    0.3963081570608275,
    0.3692017804299082,
    0.34107403244291035,
    0.31346701085567474,
    0.28909339010715485
  ],
  "val_loss": [
    3.2892002761363983,
    2.8660895377397537,
    2.5885968059301376,
    2.5388101935386658,
    2.4745417684316635,
    2.474213644862175,
    2.5323136746883392,
    2.6148549020290375,
    2.6695294827222824,
    2.7778648287057877,
    2.8353448808193207,
    2.895177572965622,
    2.8788866251707077,
    2.939021587371826,
    2.9899906367063522,
    3.0141845792531967
  ],
  "val_mse": [
    3.2915046215057373,
    2.8858842849731445,
    2.6262047290802,
    2.5830962657928467,
    2.5277934074401855,
    2.539759874343872,
    2.6050760746002197,
    2.696845054626465,
    2.75870418548584,
    2.8734793663024902,
    2.9344518184661865,
    2.9955270290374756,
    2.980602502822876,
    3.0397417545318604,
    3.094507932662964,
    3.1160025596618652
  ],
  "val_mae": [
    1.016014814376831,
    0.9292709827423096,
    0.8936378955841064,
    0.8629801869392395,
    0.8413878679275513,
    0.8371738195419312,
    0.8486968278884888,
    0.866000771522522,
    0.8819215893745422,
    0.9136653542518616,
    0.9305669069290161,
    0.9464004635810852,
    0.9511175155639648,
    0.9659929275512695,
    0.9883468151092529,
    0.98625248670578
  ],
  "epoch_time": [
    0.36964964866638184,
    0.2798137664794922,
    0.2924613952636719,
    0.2837386131286621,
    0.27822208404541016,
    0.28055310249328613,
    0.28223514556884766,
    0.27783894538879395,
    0.2774631977081299,
    0.2785067558288574,
    0.28160548210144043,
    0.27773094177246094,
    0.27950620651245117,
    0.27985477447509766,
    0.2787744998931885,
    0.2800114154815674
  ],
  "lr": [
    5.053909469898216e-06,
    8.169357664145326e-06,
    1.3209536234620714e-05,
    1.9953116351099305e-05,
    2.8103967890840526e-05,
    3.7304163369449866e-05,
    4.71496955727681e-05,
    5.7208218683075885e-05,
    6.703803383540891e-05,
    7.620748539325079e-05,
    8.431391619699393e-05,
    9.100134940534086e-05,
    9.59761204688087e-05,
    9.901977279013228e-05,
    9.999974308734719e-05,
    9.978409184152786e-05
  ]
}