{
  "train_loss": [
    1.1032981563497473,
    0.9434987306594849,
    0.8260093574170713,
    0.728155513604482,
    0.6573888328340318,
    0.608550109245159,
    0.5655646268968229,
    0.5309832140251443,
    0.49811341144420485,
    0.46480631166034275,
    0.4330902099609375,
    0.40425244636005825,
    0.37225091457366943,
    0.3425523594573692,
    0.31505147726447497,
    0.2868572915041888,
    0.2640173551109102
  ],
  "val_loss": [
    3.267380850655692,
    2.9371503932135448,
    2.6733963659831455,
    2.560526507241385,
    2.528755409376962,
    2.509083492415292,
    2.497751832008362,
    2.5212511845997403,
    2.5475354875837053,
    2.69671482699258,
    2.8497918844223022,
    2.972245148250035,
    3.0526429414749146,
    3.095600281442915,
    3.188368627003261,
    3.2022486414228166,
    3.200044189180647
  ],
  "val_mse": [
    3.316431760787964,
    2.9867591857910156,
    2.7235465049743652,
    2.611215591430664,
    2.5807650089263916,
    2.5632476806640625,
    2.5536251068115234,
    2.5789074897766113,
    2.605264663696289,
    2.7559781074523926,
    2.9095683097839355,
    3.032871961593628,
    3.113882064819336,
    3.157759428024292,
    3.2494895458221436,
    3.263789415359497,
    3.260727882385254
  ],
  "val_mae": [
    1.0369797945022583,
    0.9579340815544128,
    0.9109930992126465,
    0.8907802700996399,
    0.8604922890663147,
    0.8459358215332031,
    0.8436847925186157,
    0.8654729723930359,
    0.8982254862785339,
    0.9595305919647217,
    1.0195873975753784,
    1.052613615989685,
    1.0712381601333618,
    1.0876448154449463,
    1.107242226600647,
    1.1141412258148193,
    1.1091721057891846
  ],
  "epoch_time": [
    0.40346598625183105,
    0.3375282287597656,
    0.335357666015625,
    0.3370535373687744,
    0.33663153648376465,
    0.33724164962768555,
    0.3361194133758545,
    0.3386557102203369,
    0.33570289611816406,
    0.3358609676361084,
    0.33869051933288574,
    0.33672285079956055,
    0.33745837211608887,
    0.3375239372253418,
    0.33801960945129395,
    0.33623719215393066,
    0.34041571617126465
  ],
  "lr": [
    5.054095127866924e-06,
    8.170083989026303e-06,
    1.3211110388601654e-05,
    1.9955769269624626e-05,
    2.8107830962694765e-05,
    3.730925177978141e-05,
    4.715589951868689e-05,
    5.721530320410278e-05,
    6.704564748544393e-05,
    7.621517744553471e-05,
    8.432116154871834e-05,
    9.100757986375602e-05,
    9.598076068361598e-05,
    9.902227877195593e-05,
    9.999972370438025e-05,
    9.97835403983321e-05,
    9.916653090752669e-05
  ]
}