{
  "train_loss": [
    1.0985591092279978,
    0.9095837197133473,
    0.7876763790845871,
    0.6916595697402954,
    0.6196361535361835,
    0.5736907528979438,
    0.5336066037416458,
    0.5042558972324643,
    0.47762127007756916,
    0.44978100274290356,
    0.4192336584840502,
    0.3901827761105129,
    0.36365849844047,
    0.3373295824442591,
    0.3126994658793722,
    0.2893656279359545,
    0.26485236414841246
  ],
  "val_loss": [
    3.1940092146396637,
    2.757973834872246,
    2.470354378223419,
    2.407963588833809,
    2.3971248865127563,
    2.362939640879631,
    2.3527808487415314,
    2.445114240050316,
    2.49473637342453,
    2.550587847828865,
    2.586530953645706,
    2.574083000421524,
    2.645598828792572,
    2.6439449936151505,
    2.7043624371290207,
    2.727798506617546,
    2.7644475400447845
  ],
  "val_mse": [
    3.183410167694092,
    2.760523557662964,
    2.4867937564849854,
    2.4282045364379883,
    2.416916608810425,
    2.3894686698913574,
    2.3853166103363037,
    2.4822187423706055,
    2.5367870330810547,
    2.5968215465545654,
    2.635765314102173,
    2.628915786743164,
    2.699932098388672,
    2.7004001140594482,
    2.762214183807373,
    2.7871322631835938,
    2.8228328227996826
  ],
  "val_mae": [
    1.009273886680603,
    0.9154449701309204,
    0.8734170198440552,
    0.8421210050582886,
    0.8169537782669067,
    0.80991131067276,
    0.804782509803772,
    0.833303689956665,
    0.8420096635818481,
    0.8717666268348694,
    0.874976634979248,
    0.876952052116394,
    0.8896170854568481,
    0.9004514217376709,
    0.9085171818733215,
    0.9180400371551514,
    0.9244431853294373
  ],
  "epoch_time": [
    0.3870048522949219,
    0.25234150886535645,
    0.24666476249694824,
    0.2507798671722412,
    0.25037384033203125,
    0.2471785545349121,
    0.24699616432189941,
    0.2519803047180176,
    0.24984359741210938,
    0.24411988258361816,
    0.24335026741027832,
    0.24432992935180664,
    0.24376726150512695,
    0.24393653869628906,
    0.24477100372314453,
    0.2468123435974121,
    0.24517035484313965
  ],
  "lr": [
    5.053909469898216e-06,
    8.169357664145326e-06,
    1.3209536234620714e-05,
    1.9953116351099305e-05,
    2.8103967890840526e-05,
    3.7304163369449866e-05,
    4.71496955727681e-05,
    5.7208218683075885e-05,
    6.703803383540891e-05,
    7.620748539325079e-05,
    8.431391619699393e-05,
    9.100134940534086e-05,
    9.59761204688087e-05,
    9.901977279013228e-05,
    9.999974308734719e-05,
    9.978409184152786e-05,
    9.916760997105492e-05
  ]
}