{
  "train_loss": [
    0.5251297204901609,
    0.4272622453135498,
    0.39714200577524483,
    0.37687224273989345,
    0.359655408102028,
    0.3413931032588756,
    0.3209355501515285,
    0.30353429290785716,
    0.2888389851659196,
    0.27744303431110073,
    0.26833212688970814,
    0.26088707468245925,
    0.25419107861195456
  ],
  "val_loss": [
    0.4589089059614037,
    0.43626738861693365,
    0.42867229119139283,
    0.43041768447054846,
    0.44215574593430285,
    0.44433277406680743,
    0.45963825297688965,
    0.476722336864393,
    0.4887123500536147,
    0.4979856522067597,
    0.5034389358356988,
    0.5243579640886501,
    0.5236799466227623
  ],
  "val_mse": [
    0.4607959985733032,
    0.43805965781211853,
    0.4303775727748871,
    0.4320555031299591,
    0.4436589777469635,
    0.445960134267807,
    0.4615270495414734,
    0.4786979556083679,
    0.49082741141319275,
    0.5002046227455139,
    0.5055707693099976,
    0.526635468006134,
    0.5259230732917786
  ],
  "val_mae": [
    0.32296645641326904,
    0.30229511857032776,
    0.29309773445129395,
    0.29104724526405334,
    0.29972735047340393,
    0.30089902877807617,
    0.31123650074005127,
    0.31825965642929077,
    0.3211420178413391,
    0.3241739571094513,
    0.3267277479171753,
    0.3372877836227417,
    0.3336844742298126
  ],
  "epoch_time": [
    17.736701011657715,
    16.995404958724976,
    16.767269611358643,
    16.606866598129272,
    16.571484088897705,
    16.644580602645874,
    16.629369258880615,
    16.61066246032715,
    16.62662982940674,
    16.622848510742188,
    16.744284629821777,
    16.504844903945923,
    16.579335927963257
  ],
  "lr": [
    5.0490375141431306e-06,
    8.150296735485869e-06,
    1.3168221944683572e-05,
    1.9883480150585753e-05,
    2.8002548112561164e-05,
    3.717054221094358e-05,
    4.698673037328942e-05,
    5.702204803175752e-05,
    6.683785249092799e-05,
    7.600509595458576e-05,
    8.412307916045328e-05,
    9.083696590344141e-05,
    9.58532928894209e-05
  ]
}