{
  "train_loss": [
    0.7209355228512188,
    0.602458543476017,
    0.5690816142567484,
    0.5561402698568704,
    0.5476259915676926,
    0.5413660393891137,
    0.5357337864651077,
    0.531192572821989,
    0.5268000827543932,
    0.5220421860430959,
    0.5178569064374312,
    0.5133176355315562,
    0.5091836324948109,
    0.5045968331824774,
    0.5006176852789945,
    0.5011732380649455,
    0.49484228392178564,
    0.4921751948292544,
    0.49770985410658264,
    0.49236079370627667,
    0.4894240047423635,
    0.4863191063323978,
    0.4847981688672731,
    0.48294269922662897,
    0.481701571708438,
    0.4809512923134838,
    0.47967806582320166,
    0.47669431546111746,
    0.47482292874527654
  ],
  "val_loss": [
    0.6514404018719991,
    0.6159413444499174,
    0.6009513196638889,
    0.5886800084263086,
    0.5822660558753543,
    0.5827810030637516,
    0.5824463244320618,
    0.5830962017385496,
    0.5828971442663007,
    0.5802623983472586,
    0.58044293605619,
    0.5787599029847317,
    0.5789008332002494,
    0.5799540852506956,
    0.5834490620634623,
    0.5778908904434906,
    0.583128675714963,
    0.5775333336657948,
    0.5770303387608793,
    0.5776195276735557,
    0.5824367319130235,
    0.5828859602204628,
    0.5838723038840625,
    0.5893054987407393,
    0.5828524912810988,
    0.5909951156419184,
    0.5862325119475523,
    0.5853309149129523,
    0.5836207485861249
  ],
  "val_mse": [
    0.6521179676055908,
    0.6166163682937622,
    0.601594090461731,
    0.5893288850784302,
    0.5828694701194763,
    0.5833647847175598,
    0.5830232501029968,
    0.5836219787597656,
    0.5834485292434692,
    0.5807734131813049,
    0.5809776186943054,
    0.5792895555496216,
    0.5794404149055481,
    0.5804417729377747,
    0.5839662551879883,
    0.5784019231796265,
    0.5836774110794067,
    0.5779999494552612,
    0.5775562524795532,
    0.5781412124633789,
    0.5829721689224243,
    0.5834171175956726,
    0.5844139456748962,
    0.5898423790931702,
    0.5833713412284851,
    0.5915350914001465,
    0.5867651104927063,
    0.58586585521698,
    0.5841625928878784
  ],
  "val_mae": [
    0.42557281255722046,
    0.4095447361469269,
    0.40278396010398865,
    0.3981097936630249,
    0.39439553022384644,
    0.39390501379966736,
    0.3927620053291321,
    0.393733412027359,
    0.3947180509567261,
    0.393839567899704,
    0.39118239283561707,
    0.3900832533836365,
    0.390828013420105,
    0.3945862054824829,
    0.39591437578201294,
    0.3927488923072815,
    0.3937767744064331,
    0.3915053904056549,
    0.39017149806022644,
    0.39202284812927246,
    0.39374494552612305,
    0.39283186197280884,
    0.3935295045375824,
    0.3951418399810791,
    0.39434587955474854,
    0.3967342972755432,
    0.39572465419769287,
    0.39429184794425964,
    0.39407113194465637
  ],
  "epoch_time": [
    107.5204246044159,
    111.773273229599,
    111.76694655418396,
    111.73741936683655,
    111.84593510627747,
    111.74655508995056,
    111.62109518051147,
    111.62962222099304,
    111.63181233406067,
    111.70956158638,
    111.64302134513855,
    111.72197771072388,
    111.72354578971863,
    111.61331748962402,
    111.57616710662842,
    111.66062498092651,
    111.7987744808197,
    111.59318804740906,
    111.60225033760071,
    111.75917482376099,
    111.76495599746704,
    111.74874639511108,
    111.65514659881592,
    111.68063521385193,
    111.68427395820618,
    111.40358591079712,
    111.70471405982971,
    111.83506369590759,
    111.85409259796143
  ],
  "lr": [
    5.049038379643619e-06,
    8.150300121825905e-06,
    1.3168229285177304e-05,
    1.9883492524752454e-05,
    2.8002566137729504e-05,
    3.717056596464327e-05,
    4.698675935203546e-05,
    5.702208114968202e-05,
    6.683788811934102e-05,
    7.600513200108139e-05,
    8.412311318375739e-05,
    9.083699525795847e-05,
    9.58533148915081e-05,
    9.895280909189984e-05,
    9.999999984253766e-05,
    9.979835964633467e-05,
    9.919577394950309e-05,
    9.819709441775916e-05,
    9.681036183147842e-05,
    9.504674134606005e-05,
    9.29204325966606e-05,
    9.04485553710809e-05,
    8.765101177130107e-05,
    8.455032597345755e-05,
    8.117146287642083e-05,
    7.754162709910892e-05,
    7.36900439448919e-05,
    6.964772409663326e-05,
    6.54472139369056e-05
  ]
}