{
  "train_loss": [
    0.7124272649148788,
    0.5833541477849971,
    0.5413855968423539,
    0.515907980215591,
    0.5034548044074685,
    0.498331898000956,
    0.4948775630580817,
    0.4902363209148144,
    0.48603515531120084,
    0.47906056965780924,
    0.47487785617770534,
    0.467422963085911,
    0.46245277611893093,
    0.4631720628153799,
    0.45307939028916766,
    0.44894994078870426,
    0.4469232428526379,
    0.442748174175334,
    0.44071766541682406,
    0.4397458382874051,
    0.4370720959016582,
    0.43493101566405823,
    0.4340585363186883,
    0.43111154870056984,
    0.4297898685198804,
    0.42855141967222954,
    0.42701033091929985,
    0.42554903757249707,
    0.42426183847076604,
    0.422922634238452,
    0.4232811831705025,
    0.42082254124405494
  ],
  "val_loss": [
    0.5290346966130929,
    0.5039394524112437,
    0.4922209382760075,
    0.48059568265980146,
    0.4761554085467971,
    0.47822801803924003,
    0.4741207834731483,
    0.47465200647243166,
    0.4697856774916814,
    0.4610608993976746,
    0.4622472980815285,
    0.4535152368106932,
    0.4671408001497482,
    0.4499549775753381,
    0.4513499048895806,
    0.4450463280316044,
    0.4496624267326211,
    0.43938549137059246,
    0.4438077042687614,
    0.4440729687658121,
    0.4425176625731606,
    0.4320382541455563,
    0.44040521698177987,
    0.4414936188350683,
    0.43927698305942725,
    0.4370436373418607,
    0.43750193410512034,
    0.4418676605436412,
    0.4379039873726338,
    0.4357193903587524,
    0.4326177310878001,
    0.43781080539777595
  ],
  "val_mse": [
    0.5298833250999451,
    0.5047479271888733,
    0.49301058053970337,
    0.4813678562641144,
    0.47691279649734497,
    0.47899654507637024,
    0.4748598337173462,
    0.4753941297531128,
    0.47052958607673645,
    0.461792528629303,
    0.4629700779914856,
    0.4542388617992401,
    0.4678976237773895,
    0.45066505670547485,
    0.4520561099052429,
    0.4457528591156006,
    0.45036810636520386,
    0.44008639454841614,
    0.44451239705085754,
    0.4447609782218933,
    0.4432052969932556,
    0.4327165484428406,
    0.44109487533569336,
    0.4421803951263428,
    0.4399542808532715,
    0.4377117156982422,
    0.43818196654319763,
    0.44251179695129395,
    0.4385695159435272,
    0.43637722730636597,
    0.43326547741889954,
    0.4384586215019226
  ],
  "val_mae": [
    0.3407154381275177,
    0.32741332054138184,
    0.3177809715270996,
    0.31890830397605896,
    0.31645968556404114,
    0.312074214220047,
    0.3218095600605011,
    0.3100171685218811,
    0.31013184785842896,
    0.3071855902671814,
    0.3078736662864685,
    0.3008033037185669,
    0.3093815743923187,
    0.29752087593078613,
    0.29455605149269104,
    0.2934606671333313,
    0.29725101590156555,
    0.29143017530441284,
    0.2911677658557892,
    0.29238271713256836,
    0.29179927706718445,
    0.28513115644454956,
    0.2896125018596649,
    0.2901068925857544,
    0.2881122827529907,
    0.2864580750465393,
    0.28716981410980225,
    0.28900793194770813,
    0.28580084443092346,
    0.28630661964416504,
    0.284580260515213,
    0.2860751152038574
  ],
  "epoch_time": [
    330.3826656341553,
    330.74747467041016,
    330.54101634025574,
    330.39540123939514,
    330.3098306655884,
    330.2735342979431,
    330.2955536842346,
    329.8385691642761,
    330.75991320610046,
    330.13198590278625,
    330.12709760665894,
    330.1937098503113,
    330.40608286857605,
    330.47069478034973,
    330.3621344566345,
    330.22590732574463,
    330.11823987960815,
    331.1316158771515,
    330.9052164554596,
    330.73845195770264,
    330.7438917160034,
    330.6673791408539,
    330.7514600753784,
    330.8701786994934,
    331.22301602363586,
    330.91137957572937,
    330.86758065223694,
    330.5471806526184,
    330.7128255367279,
    330.36586928367615,
    330.72301721572876,
    331.50147676467896
  ],
  "lr": [
    5.049036766743538e-06,
    8.150293811224978e-06,
    1.3168215605828377e-05,
    1.988346946492108e-05,
    2.8002532546994588e-05,
    3.717052169852368e-05,
    4.698670534879753e-05,
    5.7022019432889296e-05,
    6.6837821724131e-05,
    7.600506482674773e-05,
    8.412304977972613e-05,
    9.083694055441846e-05,
    9.58532738895517e-05,
    9.89527865308427e-05,
    9.999999984663274e-05,
    9.979836430619518e-05,
    9.91957832276106e-05,
    9.819710823941179e-05,
    9.681038008539235e-05,
    9.50467638852655e-05,
    9.292045923968512e-05,
    9.044858590341054e-05,
    8.765104594710748e-05,
    8.455036351757721e-05,
    8.117150348657056e-05,
    7.75416704483197e-05,
    7.369008968414135e-05,
    6.964777185765584e-05,
    6.544726333515766e-05,
    6.112238414141094e-05,
    5.670795566069594e-05,
    5.223952027549751e-05
  ]
}