{
  "model": "PatchTST_P_Only",
  "dataset": "ETTh1",
  "seq_len": 336,
  "pred_len": 336,
  "enc_in": 7,
  "test_mse": 0.6777839064598083,
  "test_mae": 0.592942476272583,
  "test_rmse": 0.8232763409614563,
  "val_mse": 1.4600284099578857,
  "val_mae": 0.850482165813446,
  "val_rmse": 1.2083163261413574,
  "n_params": 1601712,
  "best_epoch": 5,
  "total_epochs_run": 15,
  "total_train_time_sec": 41.99212074279785,
  "avg_epoch_time_sec": 2.7908576011657713,
  "config": {
    "patch_len": 16,
    "stride": 8,
    "d_model": 16,
    "n_heads": 4,
    "d_ff": 128
  },
  "batch_size": 32,
  "lr": 0.0001,
  "patience": 10,
  "optimizer": "Adam",
  "scheduler": "OneCycleLR",
  "loss": "MSE",
  "train_size": 8640,
  "val_size": 2880,
  "test_size": 5900,
  "channel_names": null,
  "save_artifacts": "standard"
}