{
  "model": "PatchTST",
  "dataset": "ETTh1",
  "seq_len": 336,
  "pred_len": 96,
  "enc_in": 7,
  "test_mse": 0.44443899393081665,
  "test_mae": 0.4433559775352478,
  "test_rmse": 0.6666625738143921,
  "val_mse": 0.6884501576423645,
  "val_mae": 0.5519399642944336,
  "val_rmse": 0.8297289609909058,
  "n_params": 81888,
  "best_epoch": 17,
  "total_epochs_run": 27,
  "total_train_time_sec": 68.44243574142456,
  "avg_epoch_time_sec": 2.5278816046538175,
  "config": {
    "patch_len": 16,
    "stride": 8,
    "d_model": 16,
    "n_heads": 4,
    "d_ff": 128
  },
  "batch_size": 32,
  "lr": 0.0001,
  "patience": 10,
  "optimizer": "Adam",
  "scheduler": "OneCycleLR",
  "loss": "MSE",
  "train_size": 8640,
  "val_size": 2880,
  "test_size": 5900,
  "channel_names": null,
  "save_artifacts": "standard"
}