{
  "train_loss": [
    0.7645427464960091,
    0.6872778386476049,
    0.612169365447209,
    0.5577640741704458,
    0.5221147384030752,
    0.49859371326534624,
    0.4833441699843809,
    0.4736203761943373,
    0.4667915318864416,
    0.46037433915827647,
    0.4551968691818207,
    0.4516952658992216,
    0.44882589075938767,
    0.44586891821589336,
    0.442977054650525,
    0.4384107724969167,
    0.4334872274034952,
    0.429245309298297,
    0.4252983197629691
  ],
  "val_loss": [
    1.7260714249951499,
    1.5351724360670362,
    1.386029792683465,
    1.3028949665171758,
    1.2467872198138918,
    1.222718215414456,
    1.2060138647045409,
    1.2062493996960777,
    1.2032921024731227,
    1.2255760022572109,
    1.2452436630214965,
    1.2520115269081933,
    1.2547413877078466,
    1.2791634116853987,
    1.276599953855787,
    1.2608565232583455,
    1.3109948298760823,
    1.3085812794310705,
    1.3265325456857682
  ],
  "val_mse": [
    1.7351981401443481,
    1.5442487001419067,
    1.3956791162490845,
    1.3131780624389648,
    1.2570189237594604,
    1.233011245727539,
    1.2161610126495361,
    1.2166615724563599,
    1.2138539552688599,
    1.23653244972229,
    1.2562057971954346,
    1.2630751132965088,
    1.2658987045288086,
    1.2908095121383667,
    1.2880213260650635,
    1.2715015411376953,
    1.3225435018539429,
    1.3202452659606934,
    1.3383647203445435
  ],
  "val_mae": [
    0.950394332408905,
    0.8865505456924438,
    0.8331108093261719,
    0.7996882796287537,
    0.7753636837005615,
    0.7624790668487549,
    0.7541734576225281,
    0.7511803507804871,
    0.7480356693267822,
    0.7531319856643677,
    0.7570801973342896,
    0.7581906914710999,
    0.7578540444374084,
    0.7631612420082092,
    0.7627277970314026,
    0.7629233598709106,
    0.7769683003425598,
    0.7775014042854309,
    0.7829962968826294
  ],
  "epoch_time": [
    2.5911753177642822,
    2.6697611808776855,
    2.534511089324951,
    2.5309839248657227,
    2.5247507095336914,
    2.5686864852905273,
    2.5849411487579346,
    2.530906915664673,
    2.5419485569000244,
    2.522155523300171,
    2.534389019012451,
    2.6720468997955322,
    2.5090596675872803,
    2.53085994720459,
    2.5241289138793945,
    2.4979734420776367,
    2.4541449546813965,
    2.517561674118042,
    2.511392831802368
  ],
  "lr": [
    5.049475001966863e-06,
    8.152008433711072e-06,
    1.3171932325258364e-05,
    1.988973481677729e-05,
    2.8011659000642833e-05,
    3.718254836023683e-05,
    4.700137709853014e-05,
    5.703878624429646e-05,
    6.685585871491097e-05,
    7.602331233744e-05,
    8.414027155319466e-05,
    9.08517969543033e-05,
    9.586440611853553e-05,
    9.895890704537088e-05,
    9.999999675134774e-05,
    9.979709661206116e-05,
    9.919326114135532e-05,
    9.819335206739083e-05,
    9.680542007009422e-05
  ]
}