{
  "model": "PatchTST_P_Only",
  "dataset": "Weather",
  "seq_len": 336,
  "pred_len": 96,
  "enc_in": 21,
  "test_mse": 0.16312411427497864,
  "test_mae": 0.21693755686283112,
  "test_rmse": 0.40388625860214233,
  "val_mse": 0.4303775727748871,
  "val_mae": 0.29309773445129395,
  "val_rmse": 0.6560316681861877,
  "n_params": 11287264,
  "best_epoch": 3,
  "total_epochs_run": 13,
  "total_train_time_sec": 218.02888298034668,
  "avg_epoch_time_sec": 16.7415601840386,
  "config": {
    "patch_len": 16,
    "stride": 8
  },
  "batch_size": 32,
  "lr": 0.0001,
  "patience": 10,
  "optimizer": "Adam",
  "scheduler": "OneCycleLR",
  "loss": "MSE",
  "train_size": 36887,
  "val_size": 5269,
  "test_size": 10540,
  "channel_names": null,
  "save_artifacts": "standard"
}