{
  "model": "PatchTST",
  "dataset": "ETTh1",
  "seq_len": 336,
  "pred_len": 336,
  "enc_in": 7,
  "test_mse": 0.5418769717216492,
  "test_mae": 0.5081671476364136,
  "test_rmse": 0.7361229062080383,
  "val_mse": 1.2138539552688599,
  "val_mae": 0.7480356693267822,
  "val_rmse": 1.101750373840332,
  "n_params": 243408,
  "best_epoch": 9,
  "total_epochs_run": 19,
  "total_train_time_sec": 48.46972179412842,
  "avg_epoch_time_sec": 2.5448093790757027,
  "config": {
    "patch_len": 16,
    "stride": 8,
    "d_model": 16,
    "n_heads": 4,
    "d_ff": 128
  },
  "batch_size": 32,
  "lr": 0.0001,
  "patience": 10,
  "optimizer": "Adam",
  "scheduler": "OneCycleLR",
  "loss": "MSE",
  "train_size": 8640,
  "val_size": 2880,
  "test_size": 5900,
  "channel_names": null,
  "save_artifacts": "standard"
}