{
  "train_loss": [
    0.79083558952952,
    0.7281170812955343,
    0.6414917834312561,
    0.5839465422084532,
    0.5528462466944652,
    0.5230466162105162,
    0.497832554770282,
    0.477042403805208,
    0.45659534734894475,
    0.43689740003352184,
    0.41800299035497457,
    0.4007952914659278,
    0.3850085543820178,
    0.3707622152016345,
    0.35841687675939504
  ],
  "val_loss": [
    1.8586903623172215,
    1.690247143166406,
    1.5197641227926526,
    1.4609095309461866,
    1.44795979985169,
    1.4573622571570533,
    1.476393808211599,
    1.4836367206914085,
    1.5164017592157637,
    1.5527152891669955,
    1.5786773128168923,
    1.5988279036113193,
    1.618879594547408,
    1.631069752573967,
    1.6544857927731105
  ],
  "val_mse": [
    1.8682137727737427,
    1.6999586820602417,
    1.529404640197754,
    1.4712361097335815,
    1.4600284099578857,
    1.4710696935653687,
    1.491012692451477,
    1.4981950521469116,
    1.5312813520431519,
    1.5677250623703003,
    1.5943281650543213,
    1.6147706508636475,
    1.6350470781326294,
    1.6469639539718628,
    1.6702743768692017
  ],
  "val_mae": [
    0.9903778433799744,
    0.9370593428611755,
    0.8799665570259094,
    0.8588423728942871,
    0.850482165813446,
    0.8457523584365845,
    0.8432837128639221,
    0.8397276997566223,
    0.8454807996749878,
    0.8543177843093872,
    0.8607730865478516,
    0.8653072118759155,
    0.8703992366790771,
    0.8724566698074341,
    0.8778496384620667
  ],
  "epoch_time": [
    2.8309147357940674,
    2.746150493621826,
    2.76735782623291,
    2.782606363296509,
    2.834071397781372,
    2.757978916168213,
    2.77946400642395,
    2.7712719440460205,
    2.8754751682281494,
    2.7690505981445312,
    2.7641782760620117,
    2.7634503841400146,
    2.819854497909546,
    2.835158109664917,
    2.765881299972534
  ],
  "lr": [
    5.049475001966863e-06,
    8.152008433711072e-06,
    1.3171932325258364e-05,
    1.988973481677729e-05,
    2.8011659000642833e-05,
    3.718254836023683e-05,
    4.700137709853014e-05,
    5.703878624429646e-05,
    6.685585871491097e-05,
    7.602331233744e-05,
    8.414027155319466e-05,
    9.08517969543033e-05,
    9.586440611853553e-05,
    9.895890704537088e-05,
    9.999999675134774e-05
  ]
}