{
  "model": "PatchTST_P_Only",
  "dataset": "Weather",
  "seq_len": 336,
  "pred_len": 336,
  "enc_in": 21,
  "test_mse": 0.26911211013793945,
  "test_mae": 0.2963867485523224,
  "test_rmse": 0.5187601447105408,
  "val_mse": 0.5728227496147156,
  "val_mae": 0.39169368147850037,
  "val_rmse": 0.75685054063797,
  "n_params": 38387344,
  "best_epoch": 4,
  "total_epochs_run": 14,
  "total_train_time_sec": 383.4601831436157,
  "avg_epoch_time_sec": 27.307655828339712,
  "config": {
    "patch_len": 16,
    "stride": 8
  },
  "batch_size": 32,
  "lr": 0.0001,
  "patience": 10,
  "optimizer": "Adam",
  "scheduler": "OneCycleLR",
  "loss": "MSE",
  "train_size": 36887,
  "val_size": 5269,
  "test_size": 10540,
  "channel_names": null,
  "save_artifacts": "standard"
}