{
  "model": "PatchTST_CI_Only",
  "dataset": "ETTh1",
  "seq_len": 96,
  "pred_len": 336,
  "enc_in": 7,
  "test_mse": 0.5481675863265991,
  "test_mae": 0.506636381149292,
  "test_rmse": 0.7403833866119385,
  "val_mse": 1.2899870872497559,
  "val_mae": 0.7634221315383911,
  "val_rmse": 1.1357760429382324,
  "n_params": 534336,
  "best_epoch": 25,
  "total_epochs_run": 35,
  "total_train_time_sec": 188.08385300636292,
  "avg_epoch_time_sec": 5.367406599862235,
  "config": {
    "d_model": 16,
    "n_heads": 4,
    "d_ff": 128
  },
  "batch_size": 32,
  "lr": 0.0001,
  "patience": 10,
  "optimizer": "Adam",
  "scheduler": "OneCycleLR",
  "loss": "MSE",
  "train_size": 8640,
  "val_size": 2880,
  "test_size": 5900,
  "channel_names": null,
  "save_artifacts": "standard"
}