{
  "train_loss": [
    0.8689179976746322,
    0.7167139733905223,
    0.6750889186067891,
    0.6481359275000675,
    0.6356479275687102,
    0.630767375754096,
    0.6239666946369687,
    0.616894924138281,
    0.61028740623732,
    0.6044120431417326,
    0.5969584117446477,
    0.5898444033223773,
    0.5886353868942077,
    0.5828958442590025,
    0.5794144591759757,
    0.5763417105333548,
    0.5735123216373236,
    0.5709753408308507,
    0.568390038894707,
    0.5667864389069986,
    0.5657946049539115,
    0.5631175224094458,
    0.5612863284438404,
    0.5603912741181304,
    0.5591730607299035,
    0.5579293313729753,
    0.556376248624264,
    0.5552197960094991,
    0.5544954173600496,
    0.5530686215992242,
    0.5522818490012473,
    0.5514010048885948
  ],
  "val_loss": [
    0.6877587105294591,
    0.6650890329558599,
    0.6476342869236281,
    0.6381469000326959,
    0.6356757041066885,
    0.6443980076399288,
    0.6320119817790232,
    0.6319529419078639,
    0.6289498178582442,
    0.6227645959312978,
    0.616586623811408,
    0.6127767365817961,
    0.6078610391797203,
    0.6105386057966634,
    0.6026122448475737,
    0.5992384757846594,
    0.6060048124115718,
    0.5920186713337898,
    0.594075499690677,
    0.6048283263256675,
    0.5909795683661574,
    0.5882063420783532,
    0.5951842145112,
    0.5934613007856043,
    0.5924732989974713,
    0.5933394498730961,
    0.5882835668560705,
    0.5949433524357645,
    0.5896104791838872,
    0.589763789976898,
    0.5887684775026221,
    0.5900447145104408
  ],
  "val_mse": [
    0.6894541382789612,
    0.6667380332946777,
    0.6494300961494446,
    0.6400200724601746,
    0.6373354196548462,
    0.6458743810653687,
    0.6337836980819702,
    0.634035587310791,
    0.6309568881988525,
    0.6246898174285889,
    0.6186420917510986,
    0.6148890256881714,
    0.6100720763206482,
    0.6126484870910645,
    0.604821503162384,
    0.6014543175697327,
    0.6081203818321228,
    0.5943081974983215,
    0.5963301658630371,
    0.6071918606758118,
    0.5932488441467285,
    0.5904841423034668,
    0.5975197553634644,
    0.5958183407783508,
    0.594816267490387,
    0.5955960750579834,
    0.5905866622924805,
    0.597295880317688,
    0.5919495224952698,
    0.592095673084259,
    0.5910982489585876,
    0.5924047231674194
  ],
  "val_mae": [
    0.43083545565605164,
    0.4189465045928955,
    0.41466471552848816,
    0.4108855426311493,
    0.4096081554889679,
    0.4171929657459259,
    0.40922898054122925,
    0.40644899010658264,
    0.4035004675388336,
    0.40021151304244995,
    0.4002566337585449,
    0.39832058548927307,
    0.3965597152709961,
    0.394802451133728,
    0.39477109909057617,
    0.38991600275039673,
    0.39604443311691284,
    0.3880464732646942,
    0.3903915286064148,
    0.3901960849761963,
    0.38522812724113464,
    0.3844253420829773,
    0.386822909116745,
    0.38592493534088135,
    0.38496148586273193,
    0.38638103008270264,
    0.38390031456947327,
    0.3847101330757141,
    0.3827613592147827,
    0.38291823863983154,
    0.38286474347114563,
    0.383329838514328
  ],
  "epoch_time": [
    325.52121806144714,
    325.4758520126343,
    325.3744068145752,
    325.353634595871,
    325.38706278800964,
    325.7057247161865,
    325.2504851818085,
    325.2925066947937,
    325.47677206993103,
    325.30297899246216,
    325.34613394737244,
    325.5299563407898,
    325.84684586524963,
    325.6410777568817,
    326.04661321640015,
    325.7641248703003,
    325.44916462898254,
    325.3107793331146,
    325.6132023334503,
    325.7301137447357,
    325.5667977333069,
    325.45299458503723,
    325.95288133621216,
    325.61762046813965,
    325.63021516799927,
    325.7526161670685,
    326.0839593410492,
    326.10227513313293,
    325.6098096370697,
    325.57583570480347,
    325.42402267456055,
    325.67782187461853
  ],
  "lr": [
    5.0490375141431306e-06,
    8.150296735485869e-06,
    1.3168221944683572e-05,
    1.9883480150585753e-05,
    2.8002548112561164e-05,
    3.717054221094358e-05,
    4.698673037328942e-05,
    5.702204803175752e-05,
    6.683785249092799e-05,
    7.600509595458576e-05,
    8.412307916045328e-05,
    9.083696590344141e-05,
    9.58532928894209e-05,
    9.895279698541256e-05,
    9.999999984474183e-05,
    9.979836214687405e-05,
    9.919577892824481e-05,
    9.819710183461733e-05,
    9.681037162673685e-05,
    9.504675344085307e-05,
    9.292044689360805e-05,
    9.044857175507217e-05,
    8.76510301104219e-05,
    8.455034612005212e-05,
    8.11714846682806e-05,
    7.754165036077867e-05,
    7.36900684890823e-05,
    6.964774972572896e-05,
    6.54472404445562e-05,
    6.112236067643655e-05,
    5.670793181027482e-05,
    5.2239496231659184e-05
  ]
}