{
  "train_loss": [
    0.6994943956378847,
    0.5955783713143319,
    0.5450547125656158,
    0.5194230382330716,
    0.5050184634746984,
    0.496085207676515,
    0.489544962416403,
    0.4853612525621429,
    0.48191764077637345,
    0.4796574645442888,
    0.47764942108187824,
    0.47608377563301474,
    0.47493338340427727,
    0.4734151822049171,
    0.4719282903242856,
    0.4704629054758698,
    0.4699874904472381,
    0.4691126982215792,
    0.46866898622829467,
    0.4675405250163749,
    0.46717557846568525,
    0.46640933479648083,
    0.4657847471535206,
    0.4654165212996304,
    0.465385795221664,
    0.4648622297681868,
    0.46428366599138826,
    0.46398444031365216,
    0.46352641738485545,
    0.46357281948439777,
    0.4628319690236822,
    0.4624410866526887,
    0.4618264209711924,
    0.46186097559984773,
    0.4614378637634218
  ],
  "val_loss": [
    1.5444076425069337,
    1.4046220574286077,
    1.3533659724446085,
    1.3311158987608822,
    1.3210037907996734,
    1.3092087588526986,
    1.3058387571341032,
    1.2959937310063994,
    1.2945771050917638,
    1.2899243026584775,
    1.2995247546728554,
    1.2909019179158396,
    1.2876414563748744,
    1.2997390836864322,
    1.2921394423230903,
    1.2939974255376048,
    1.291017062091208,
    1.292478050891455,
    1.2875347942500919,
    1.2876031712278144,
    1.294891386063068,
    1.295341581493229,
    1.2933807164043576,
    1.2916744401702633,
    1.284646356647665,
    1.2903773711099253,
    1.2909677028656006,
    1.2850384685126217,
    1.2908130268771927,
    1.2904107129419005,
    1.2882950468496843,
    1.287324037257727,
    1.286626778252713,
    1.2860868739617335,
    1.2849306603530786
  ],
  "val_mse": [
    1.550675392150879,
    1.410330891609192,
    1.3587762117385864,
    1.3364009857177734,
    1.3262488842010498,
    1.314357042312622,
    1.3110395669937134,
    1.3011260032653809,
    1.2997530698776245,
    1.2949669361114502,
    1.3047317266464233,
    1.296073317527771,
    1.2929269075393677,
    1.3051726818084717,
    1.297580361366272,
    1.2995154857635498,
    1.2965298891067505,
    1.2978928089141846,
    1.2929415702819824,
    1.2930525541305542,
    1.3003257513046265,
    1.3008010387420654,
    1.2988475561141968,
    1.2970306873321533,
    1.2899870872497559,
    1.2957704067230225,
    1.296429991722107,
    1.2904051542282104,
    1.2962517738342285,
    1.2959389686584473,
    1.2937214374542236,
    1.2928014993667603,
    1.2920271158218384,
    1.2915024757385254,
    1.2902740240097046
  ],
  "val_mae": [
    0.8683071732521057,
    0.8113833665847778,
    0.7883802652359009,
    0.7785780429840088,
    0.7743514180183411,
    0.7713656425476074,
    0.7714107632637024,
    0.7690781354904175,
    0.7679967880249023,
    0.7660715579986572,
    0.7686554193496704,
    0.7650869488716125,
    0.7638117671012878,
    0.7674903869628906,
    0.7627973556518555,
    0.7657617330551147,
    0.764517068862915,
    0.7655161023139954,
    0.7633289694786072,
    0.7645478844642639,
    0.7660329341888428,
    0.7666478753089905,
    0.7658300995826721,
    0.76646488904953,
    0.7634221315383911,
    0.7667303085327148,
    0.7645857930183411,
    0.7644225358963013,
    0.7649562358856201,
    0.7649648785591125,
    0.7631979584693909,
    0.7639678716659546,
    0.7639113664627075,
    0.7639413475990295,
    0.7628970146179199
  ],
  "epoch_time": [
    5.355777740478516,
    5.35273814201355,
    5.365181922912598,
    5.378005266189575,
    5.382042646408081,
    5.382416009902954,
    5.372548580169678,
    5.380220174789429,
    5.364623785018921,
    5.377492666244507,
    5.360005855560303,
    5.364337921142578,
    5.367081642150879,
    5.349677085876465,
    5.365782737731934,
    5.351543188095093,
    5.363770961761475,
    5.352190017700195,
    5.3640358448028564,
    5.3525543212890625,
    5.349300146102905,
    5.369833707809448,
    5.3561928272247314,
    5.366555690765381,
    5.368479251861572,
    5.371057748794556,
    5.370054006576538,
    5.3705878257751465,
    5.378918409347534,
    5.380922079086304,
    5.3899102210998535,
    5.381571531295776,
    5.384881496429443,
    5.3622682094573975,
    5.356671333312988
  ],
  "lr": [
    5.049459687966456e-06,
    8.151948517004683e-06,
    1.317180244717964e-05,
    1.9889515881024692e-05,
    2.801134009170107e-05,
    3.7182128116631464e-05,
    4.7000864441688814e-05,
    5.7038200401876454e-05,
    6.68552285194947e-05,
    7.602267482516547e-05,
    8.413966992974719e-05,
    9.085127803533651e-05,
    9.586401738575657e-05,
    9.895869348623454e-05,
    9.999999692657943e-05,
    9.979714096471403e-05,
    9.919334931432785e-05,
    9.819348335076611e-05,
    9.68055934068557e-05,
    9.504085395635893e-05,
    9.291347364368121e-05,
    9.044058088422087e-05,
    8.764208595643966e-05,
    8.454052069600771e-05,
    8.116085708271119e-05,
    7.753030618075436e-05,
    7.367809905127035e-05,
    6.963525140100472e-05,
    6.543431386208145e-05,
    6.110910991345269e-05,
    5.669446355413406e-05,
    5.2225918920840776e-05,
    4.77394541074984e-05,
    4.32711914907854e-05,
    3.885710689399566e-05
  ]
}