{
  "model": "PatchTST_CI_Only",
  "dataset": "Weather",
  "seq_len": 96,
  "pred_len": 96,
  "enc_in": 21,
  "test_mse": 0.17407716810703278,
  "test_mae": 0.21562735736370087,
  "test_rmse": 0.41722556948661804,
  "val_mse": 0.4327165484428406,
  "val_mae": 0.28513115644454956,
  "val_rmse": 0.6578119397163391,
  "n_params": 1591008,
  "best_epoch": 22,
  "total_epochs_run": 32,
  "total_train_time_sec": 10578.605369091034,
  "avg_epoch_time_sec": 330.57001097500324,
  "config": {},
  "batch_size": 32,
  "lr": 0.0001,
  "patience": 10,
  "optimizer": "Adam",
  "scheduler": "OneCycleLR",
  "loss": "MSE",
  "train_size": 36887,
  "val_size": 5269,
  "test_size": 10540,
  "channel_names": null,
  "save_artifacts": "standard"
}