{
  "train_loss": [
    0.5790457241237164,
    0.46764672017007164,
    0.4168777138446317,
    0.39254390211267903,
    0.3789382316172123,
    0.370273156599565,
    0.3646480476088596,
    0.36049110984260385,
    0.35773730074817484,
    0.35549953026753484,
    0.3542114176759214,
    0.352534583685073,
    0.3511954699501847,
    0.3502571465391101,
    0.3492965373125943,
    0.34850863982556446,
    0.34789390873276826,
    0.3469486011925972,
    0.3460910544928276,
    0.34559704837473953,
    0.3450767189038522,
    0.3446646856539177,
    0.34381844193646405,
    0.343770124921293,
    0.3430231029562878,
    0.34261468538280687,
    0.3424075528076201,
    0.34214684705842624
  ],
  "val_loss": [
    0.9602384945925544,
    0.8120822110596825,
    0.7588855419088812,
    0.7360789961674634,
    0.7257655750302707,
    0.7169777882449767,
    0.7126076681648984,
    0.7125149646226098,
    0.7121041268986814,
    0.7140552786343238,
    0.7085299849510193,
    0.710593780875206,
    0.7175450155840201,
    0.717548728602774,
    0.713036408143885,
    0.7072649549912003,
    0.7115632723359501,
    0.7039303227382547,
    0.7164205459987416,
    0.7172112063449971,
    0.713710885801736,
    0.7149605896543054,
    0.7123984534950817,
    0.7163969821789685,
    0.7147723111159662,
    0.7109445786651443,
    0.7169491687241722,
    0.7163185741971521
  ],
  "val_mse": [
    0.9639663100242615,
    0.8153698444366455,
    0.762126624584198,
    0.7392783164978027,
    0.7289868593215942,
    0.7200849652290344,
    0.7157852649688721,
    0.7155658602714539,
    0.7150387763977051,
    0.7173306941986084,
    0.7113759517669678,
    0.7131436467170715,
    0.7203564643859863,
    0.7204316258430481,
    0.7158811092376709,
    0.710402250289917,
    0.7141584753990173,
    0.7066967487335205,
    0.7192813158035278,
    0.7198845148086548,
    0.7165881991386414,
    0.7179762125015259,
    0.7153351902961731,
    0.7190988659858704,
    0.7174423933029175,
    0.7137758135795593,
    0.7197216749191284,
    0.7190995216369629
  ],
  "val_mae": [
    0.6804719567298889,
    0.6129502654075623,
    0.5851314067840576,
    0.5727679133415222,
    0.5665250420570374,
    0.5620605945587158,
    0.5599107146263123,
    0.5601801872253418,
    0.5600384473800659,
    0.5603964924812317,
    0.5580925345420837,
    0.5610753297805786,
    0.5624200105667114,
    0.5613182187080383,
    0.5594807267189026,
    0.5572640895843506,
    0.5596071481704712,
    0.5569590926170349,
    0.5609812140464783,
    0.5622402429580688,
    0.5606621503829956,
    0.5612653493881226,
    0.5588549375534058,
    0.5618321895599365,
    0.5614426136016846,
    0.5605007410049438,
    0.562148928642273,
    0.5620909929275513
  ],
  "epoch_time": [
    5.374452829360962,
    5.397966384887695,
    5.41271185874939,
    5.44389009475708,
    5.448147773742676,
    5.4644386768341064,
    5.4594151973724365,
    5.459942102432251,
    5.44247579574585,
    5.443899393081665,
    5.440344333648682,
    5.429753303527832,
    5.428119421005249,
    5.4130189418792725,
    5.417844772338867,
    5.409204721450806,
    5.419651985168457,
    5.426372289657593,
    5.41770339012146,
    5.44164252281189,
    5.4317467212677,
    5.449304819107056,
    5.435888290405273,
    5.449868440628052,
    5.448235988616943,
    5.4463677406311035,
    5.439864635467529,
    5.426841735839844
  ],
  "lr": [
    5.049443181042224e-06,
    8.15188393290907e-06,
    1.3171662451782435e-05,
    1.9889279890288408e-05,
    2.8010996339523225e-05,
    3.7181675135069915e-05,
    4.700031184661531e-05,
    5.703756891815682e-05,
    6.68545492251071e-05,
    7.602198764073467e-05,
    8.413902142616853e-05,
    9.085071867489143e-05,
    9.586359834894957e-05,
    9.895846326537103e-05,
    9.999999711002511e-05,
    9.979718876799937e-05,
    9.919344435256894e-05,
    9.819362485877086e-05,
    9.680578024528492e-05,
    9.504108462089941e-05,
    9.291374627715773e-05,
    9.044089329154896e-05,
    8.76424356222992e-05,
    8.454090480509482e-05,
    8.116127254240536e-05,
    7.753074964601837e-05,
    7.36785669515827e-05,
    6.963573996910718e-05
  ]
}