{
  "model": "PatchTST_P_Only",
  "dataset": "ETTh1",
  "seq_len": 336,
  "pred_len": 96,
  "enc_in": 7,
  "test_mse": 0.5142958164215088,
  "test_mae": 0.5026101469993591,
  "test_rmse": 0.7171441912651062,
  "val_mse": 0.905120849609375,
  "val_mae": 0.6481251120567322,
  "val_rmse": 0.9513784050941467,
  "n_params": 471072,
  "best_epoch": 13,
  "total_epochs_run": 23,
  "total_train_time_sec": 64.92409920692444,
  "avg_epoch_time_sec": 2.812954166661138,
  "config": {
    "patch_len": 16,
    "stride": 8,
    "d_model": 16,
    "n_heads": 4,
    "d_ff": 128
  },
  "batch_size": 32,
  "lr": 0.0001,
  "patience": 10,
  "optimizer": "Adam",
  "scheduler": "OneCycleLR",
  "loss": "MSE",
  "train_size": 8640,
  "val_size": 2880,
  "test_size": 5900,
  "channel_names": null,
  "save_artifacts": "standard"
}