{
  "model": "PatchTST_CI_Only",
  "dataset": "Weather",
  "seq_len": 96,
  "pred_len": 336,
  "enc_in": 21,
  "test_mse": 0.2721700966358185,
  "test_mae": 0.29340097308158875,
  "test_rmse": 0.5216992497444153,
  "val_mse": 0.5904841423034668,
  "val_mae": 0.3844253420829773,
  "val_rmse": 0.7684296369552612,
  "n_params": 4540368,
  "best_epoch": 22,
  "total_epochs_run": 32,
  "total_train_time_sec": 10419.763633728027,
  "avg_epoch_time_sec": 325.5895469933748,
  "config": {},
  "batch_size": 32,
  "lr": 0.0001,
  "patience": 10,
  "optimizer": "Adam",
  "scheduler": "OneCycleLR",
  "loss": "MSE",
  "train_size": 36887,
  "val_size": 5269,
  "test_size": 10540,
  "channel_names": null,
  "save_artifacts": "standard"
}