{
  "train_loss": [
    0.6087504531249444,
    0.5255011956213218,
    0.49931792278504816,
    0.4752419666312207,
    0.4393626918816967,
    0.4027506369441932,
    0.3744744383240041,
    0.350266926115746,
    0.3306916493108903,
    0.3141166740397665,
    0.30081181610241914,
    0.2903061099251638,
    0.2821852945706994,
    0.2749401930156374
  ],
  "val_loss": [
    0.5956700371785296,
    0.5730604818090796,
    0.5736013774035705,
    0.5720989853143692,
    0.5844858522630401,
    0.5907086555121673,
    0.6130254902980394,
    0.6296612248859472,
    0.6527148550376296,
    0.6624839680476321,
    0.6642130734398961,
    0.677687236521807,
    0.6782259842794802,
    0.6913003472404348
  ],
  "val_mse": [
    0.5961780548095703,
    0.5736212730407715,
    0.5742533802986145,
    0.5728227496147156,
    0.5851693153381348,
    0.591500461101532,
    0.6138635873794556,
    0.6304898858070374,
    0.6534673571586609,
    0.6632181406021118,
    0.6649612188339233,
    0.6784169673919678,
    0.6788262128829956,
    0.6919977068901062
  ],
  "val_mae": [
    0.4118218421936035,
    0.3954763114452362,
    0.392985999584198,
    0.39169368147850037,
    0.3999757170677185,
    0.4028641879558563,
    0.41653406620025635,
    0.4231313169002533,
    0.432813823223114,
    0.43801307678222656,
    0.43574556708335876,
    0.44434604048728943,
    0.44200360774993896,
    0.4475903809070587
  ],
  "epoch_time": [
    27.128809213638306,
    27.292118072509766,
    27.18406081199646,
    27.14995789527893,
    27.698074102401733,
    27.380852699279785,
    27.403897047042847,
    27.312804460525513,
    27.148887872695923,
    27.0184907913208,
    27.28801727294922,
    27.579739570617676,
    27.541995763778687,
    27.179476022720337
  ],
  "lr": [
    5.049038379643619e-06,
    8.150300121825905e-06,
    1.3168229285177304e-05,
    1.9883492524752454e-05,
    2.8002566137729504e-05,
    3.717056596464327e-05,
    4.698675935203546e-05,
    5.702208114968202e-05,
    6.683788811934102e-05,
    7.600513200108139e-05,
    8.412311318375739e-05,
    9.083699525795847e-05,
    9.58533148915081e-05,
    9.895280909189984e-05
  ]
}