{
  "train_loss": [
    0.635207188663198,
    0.5126055184297126,
    0.47205692773016006,
    0.45169107500820227,
    0.44083040927825423,
    0.4340419625246912,
    0.4280392082769479,
    0.42204248778279985,
    0.4169556486229817,
    0.41387250421599825,
    0.41025214835255686,
    0.4087266867311509,
    0.4052794524537983,
    0.4036658038896254,
    0.402979785185618,
    0.40025811742490797,
    0.3991090675212502,
    0.396758782369092,
    0.397179858976545,
    0.39662201259092245,
    0.39588101819170685,
    0.39201245140987495
  ],
  "val_loss": [
    0.5056134422162646,
    0.4669451813556646,
    0.4475521476645219,
    0.4245408469762065,
    0.41554071918424024,
    0.41474733452655765,
    0.41804419264295384,
    0.4173028347523589,
    0.4193659377235331,
    0.417257395303367,
    0.41103583071871025,
    0.4030699535812202,
    0.44373995376946895,
    0.4061902974683203,
    0.40854316285664316,
    0.40680357468265455,
    0.4110870195405656,
    0.41522850762856633,
    0.4067943240760973,
    0.41283119589972656,
    0.4106349387745324,
    0.40920283669899954
  ],
  "val_mse": [
    0.5076091885566711,
    0.46883997321128845,
    0.4493727684020996,
    0.42622941732406616,
    0.41719454526901245,
    0.41644325852394104,
    0.4197027385234833,
    0.4190085232257843,
    0.42104774713516235,
    0.4189160168170929,
    0.41273054480552673,
    0.4047101140022278,
    0.4456999599933624,
    0.4078426659107208,
    0.410220205783844,
    0.40841567516326904,
    0.41278043389320374,
    0.41700997948646545,
    0.4084094762802124,
    0.41445112228393555,
    0.41229474544525146,
    0.41089487075805664
  ],
  "val_mae": [
    0.33438462018966675,
    0.31485509872436523,
    0.30410149693489075,
    0.2951512038707733,
    0.28991466760635376,
    0.28917157649993896,
    0.29335296154022217,
    0.28411340713500977,
    0.2903749346733093,
    0.28786715865135193,
    0.28190386295318604,
    0.27818816900253296,
    0.3083760142326355,
    0.27974700927734375,
    0.277364581823349,
    0.2805449068546295,
    0.2781609296798706,
    0.2791111469268799,
    0.2769894003868103,
    0.28318652510643005,
    0.279693067073822,
    0.2770672142505646
  ],
  "epoch_time": [
    112.3879463672638,
    112.6123194694519,
    112.00671792030334,
    112.71568274497986,
    112.61124420166016,
    112.48002362251282,
    112.73779034614563,
    112.08764123916626,
    112.82872819900513,
    112.41767525672913,
    112.48371696472168,
    112.7616593837738,
    112.61775469779968,
    112.64867234230042,
    112.88187670707703,
    112.63437795639038,
    112.21136832237244,
    112.7277181148529,
    112.46610450744629,
    112.79314613342285,
    112.64956021308899,
    112.69325065612793
  ],
  "lr": [
    5.0490375141431306e-06,
    8.150296735485869e-06,
    1.3168221944683572e-05,
    1.9883480150585753e-05,
    2.8002548112561164e-05,
    3.717054221094358e-05,
    4.698673037328942e-05,
    5.702204803175752e-05,
    6.683785249092799e-05,
    7.600509595458576e-05,
    8.412307916045328e-05,
    9.083696590344141e-05,
    9.58532928894209e-05,
    9.895279698541256e-05,
    9.999999984474183e-05,
    9.979836214687405e-05,
    9.919577892824481e-05,
    9.819710183461733e-05,
    9.681037162673685e-05,
    9.504675344085307e-05,
    9.292044689360805e-05,
    9.044857175507217e-05
  ]
}