{
  "train_loss": [
    0.7033283510245383,
    0.601326382253319,
    0.5166681433329359,
    0.45978742302395403,
    0.42021239700261503,
    0.3925865322817117,
    0.3740730604622513,
    0.3624040954746306,
    0.35544802038930357,
    0.35074873664416373,
    0.3473404358373955,
    0.3447183144162409,
    0.3419640240026638,
    0.34014705510344356,
    0.33839869452640414,
    0.3369594728574157,
    0.3355236523784697,
    0.3342466049361974,
    0.33302421163534746,
    0.3316502117086202,
    0.33029325341340154,
    0.3293497987324372,
    0.3283344643423334,
    0.3271438430529088,
    0.3259946668986231,
    0.32518675143364817,
    0.3241934129036963
  ],
  "val_loss": [
    1.4979312609542499,
    1.2475186539934826,
    1.0599616522138768,
    0.9245103531843656,
    0.8274262143032891,
    0.7701491916721518,
    0.7419444715434854,
    0.7297154525657753,
    0.7164648798379031,
    0.7130932451842668,
    0.70497072546126,
    0.7009382793655643,
    0.7024622918529944,
    0.7009862801664836,
    0.6976737138125804,
    0.7022854550318285,
    0.6861874221207259,
    0.698259258425081,
    0.6982738004102336,
    0.6996901309141865,
    0.6909704990201182,
    0.6887945429264725,
    0.6951447160213025,
    0.6993220972937423,
    0.6909415651257936,
    0.688407916914333,
    0.6885240032494843
  ],
  "val_mse": [
    1.5022447109222412,
    1.2513785362243652,
    1.0634194612503052,
    0.9274949431419373,
    0.8300328850746155,
    0.7725768089294434,
    0.7442729473114014,
    0.7320390939712524,
    0.7187266945838928,
    0.7153525948524475,
    0.7072417140007019,
    0.7031762599945068,
    0.7046934366226196,
    0.7032726407051086,
    0.6999523639678955,
    0.7045900821685791,
    0.6884501576423645,
    0.7005788683891296,
    0.700603187084198,
    0.7020609378814697,
    0.6933123469352722,
    0.6910823583602905,
    0.6974593997001648,
    0.7016898393630981,
    0.6933024525642395,
    0.6907570958137512,
    0.6909277439117432
  ],
  "val_mae": [
    0.8813329339027405,
    0.7949649691581726,
    0.7249189019203186,
    0.670172929763794,
    0.6278925538063049,
    0.6013762354850769,
    0.5853075981140137,
    0.578412652015686,
    0.5695743560791016,
    0.565073549747467,
    0.5633906126022339,
    0.5615044832229614,
    0.5622836351394653,
    0.5594491958618164,
    0.5594073534011841,
    0.5592550039291382,
    0.5519399642944336,
    0.5543823838233948,
    0.5556823015213013,
    0.557003378868103,
    0.5539609789848328,
    0.5509803891181946,
    0.5522801876068115,
    0.5544131398200989,
    0.5536463856697083,
    0.5515440702438354,
    0.5540274381637573
  ],
  "epoch_time": [
    2.606736660003662,
    2.5259976387023926,
    2.5305604934692383,
    2.5339908599853516,
    2.5480217933654785,
    2.513093948364258,
    2.4616572856903076,
    2.468132257461548,
    2.464473009109497,
    2.5677123069763184,
    2.557485580444336,
    2.496164083480835,
    2.5449509620666504,
    2.5210907459259033,
    2.5257551670074463,
    2.5398712158203125,
    2.5525872707366943,
    2.5049567222595215,
    2.4457602500915527,
    2.506453514099121,
    2.5536227226257324,
    2.5396130084991455,
    2.507333517074585,
    2.4889895915985107,
    2.5961530208587646,
    2.616032838821411,
    2.535606861114502
  ],
  "lr": [
    5.049459687966456e-06,
    8.151948517004683e-06,
    1.317180244717964e-05,
    1.9889515881024692e-05,
    2.801134009170107e-05,
    3.7182128116631464e-05,
    4.7000864441688814e-05,
    5.7038200401876454e-05,
    6.68552285194947e-05,
    7.602267482516547e-05,
    8.413966992974719e-05,
    9.085127803533651e-05,
    9.586401738575657e-05,
    9.895869348623454e-05,
    9.999999692657943e-05,
    9.979714096471403e-05,
    9.919334931432785e-05,
    9.819348335076611e-05,
    9.68055934068557e-05,
    9.504085395635893e-05,
    9.291347364368121e-05,
    9.044058088422087e-05,
    8.764208595643966e-05,
    8.454052069600771e-05,
    8.116085708271119e-05,
    7.753030618075436e-05,
    7.367809905127035e-05
  ]
}