{
  "train_loss": [
    0.709925105329603,
    0.6474911661352962,
    0.5645245255436748,
    0.506508473539725,
    0.4689836606848985,
    0.4337212743703276,
    0.4049746055388823,
    0.3831124249845743,
    0.36484655423555523,
    0.3495120460866019,
    0.3363576050614938,
    0.3244818588718772,
    0.3136027080472559,
    0.3031090483418666,
    0.2935011660447344,
    0.28457760001765564,
    0.2764886171207763,
    0.2689498288091272,
    0.26214534672908485,
    0.2560698927845806,
    0.2506689995061606,
    0.24573181249434128,
    0.2413051764597185
  ],
  "val_loss": [
    1.5906140765586456,
    1.4248971896512168,
    1.2574963894757358,
    1.1734736089582567,
    1.1069782236953833,
    1.05187796598131,
    1.0080005917456243,
    0.9746039068544066,
    0.9446410083925569,
    0.9244843676879808,
    0.9087435374786328,
    0.9047760543498126,
    0.9015344824496802,
    0.9068086365987729,
    0.9231995615092191,
    0.9424020268700339,
    0.9474787073475974,
    0.9763409141209218,
    0.9967171849755497,
    1.016455676648524,
    1.0332501044908127,
    1.0332098812251895,
    1.0496586710214615
  ],
  "val_mse": [
    1.5954272747039795,
    1.4296332597732544,
    1.2622531652450562,
    1.1781136989593506,
    1.1114447116851807,
    1.0562316179275513,
    1.0122053623199463,
    0.9786829352378845,
    0.9485614895820618,
    0.928311288356781,
    0.9124482274055481,
    0.9084435701370239,
    0.905120849609375,
    0.9104957580566406,
    0.9269647598266602,
    0.9462776780128479,
    0.9514104723930359,
    0.9804145097732544,
    1.000954508781433,
    1.0208394527435303,
    1.0377534627914429,
    1.037734031677246,
    1.0542738437652588
  ],
  "val_mae": [
    0.9097323417663574,
    0.8551830649375916,
    0.7953276038169861,
    0.7630788683891296,
    0.733622670173645,
    0.7063671946525574,
    0.6857442259788513,
    0.6708297729492188,
    0.6589879989624023,
    0.6529438495635986,
    0.6485208868980408,
    0.6478224396705627,
    0.6481251120567322,
    0.6511301398277283,
    0.6584560871124268,
    0.6647969484329224,
    0.6679905652999878,
    0.6790220141410828,
    0.6871830224990845,
    0.6944446563720703,
    0.7013664841651917,
    0.7024679183959961,
    0.7089276909828186
  ],
  "epoch_time": [
    2.841526985168457,
    2.78100848197937,
    2.8163771629333496,
    2.8015596866607666,
    2.8981740474700928,
    2.7979471683502197,
    2.8052680492401123,
    2.8012025356292725,
    2.870023488998413,
    2.7780487537384033,
    2.786137580871582,
    2.796614646911621,
    2.802597761154175,
    2.8931853771209717,
    2.7912678718566895,
    2.7937910556793213,
    2.770451545715332,
    2.8520374298095703,
    2.8265838623046875,
    2.786099433898926,
    2.779226779937744,
    2.7935750484466553,
    2.8352410793304443
  ],
  "lr": [
    5.049459687966456e-06,
    8.151948517004683e-06,
    1.317180244717964e-05,
    1.9889515881024692e-05,
    2.801134009170107e-05,
    3.7182128116631464e-05,
    4.7000864441688814e-05,
    5.7038200401876454e-05,
    6.68552285194947e-05,
    7.602267482516547e-05,
    8.413966992974719e-05,
    9.085127803533651e-05,
    9.586401738575657e-05,
    9.895869348623454e-05,
    9.999999692657943e-05,
    9.979714096471403e-05,
    9.919334931432785e-05,
    9.819348335076611e-05,
    9.68055934068557e-05,
    9.504085395635893e-05,
    9.291347364368121e-05,
    9.044058088422087e-05,
    8.764208595643966e-05
  ]
}