{
  "model": "PatchTST_CI_Only",
  "dataset": "ETTh1",
  "seq_len": 96,
  "pred_len": 96,
  "enc_in": 7,
  "test_mse": 0.45387306809425354,
  "test_mae": 0.44870415329933167,
  "test_rmse": 0.6737010478973389,
  "val_mse": 0.7066967487335205,
  "val_mae": 0.5569590926170349,
  "val_rmse": 0.840652585029602,
  "n_params": 165456,
  "best_epoch": 18,
  "total_epochs_run": 28,
  "total_train_time_sec": 152.2881054878235,
  "avg_epoch_time_sec": 5.43282550573349,
  "config": {
    "d_model": 16,
    "n_heads": 4,
    "d_ff": 128
  },
  "batch_size": 32,
  "lr": 0.0001,
  "patience": 10,
  "optimizer": "Adam",
  "scheduler": "OneCycleLR",
  "loss": "MSE",
  "train_size": 8640,
  "val_size": 2880,
  "test_size": 5900,
  "channel_names": null,
  "save_artifacts": "standard"
}