{
  "train_loss": [
    0.6250326061113314,
    0.43726692484183743,
    0.3926388615685882,
    0.36492012316981953,
    0.3446370235672503,
    0.3279404572465203,
    0.3155152838902943,
    0.30560581899727834,
    0.2975222228490042,
    0.29013705010892765,
    0.2816507150842385,
    0.2736326300849517,
    0.26659042117270554,
    0.25808328593319113
  ],
  "val_loss": [
    1.0150088324266322,
    0.8585672343478483,
    0.7831433531116037,
    0.7551976801717982,
    0.7845083378693637,
    0.810551420730703,
    0.8460665331167333,
    0.9296352249734542,
    0.9473012876861235,
    0.9715003830545089,
    0.9686159947339226,
    0.9989459923085044,
    1.0367595981149111,
    1.035984440761454
  ],
  "val_mse": [
    1.0191408395767212,
    0.8624211549758911,
    0.7868928909301758,
    0.758939266204834,
    0.788287878036499,
    0.814652681350708,
    0.8507063388824463,
    0.9350436329841614,
    0.9523167610168457,
    0.9774231910705566,
    0.9741969108581543,
    1.004397988319397,
    1.0421229600906372,
    1.04176664352417
  ],
  "val_mae": [
    0.7066219449043274,
    0.6452240347862244,
    0.6121715307235718,
    0.5974169969558716,
    0.6071335077285767,
    0.6189211010932922,
    0.638203501701355,
    0.6674947142601013,
    0.6733956336975098,
    0.683802604675293,
    0.6925414204597473,
    0.7001672983169556,
    0.718420147895813,
    0.7185568809509277
  ],
  "epoch_time": [
    2.9742190837860107,
    2.9134297370910645,
    2.9467828273773193,
    2.9561784267425537,
    2.9642772674560547,
    2.979008436203003,
    3.001479148864746,
    3.012943983078003,
    3.0127599239349365,
    3.025768518447876,
    3.028294324874878,
    3.026237726211548,
    3.0175235271453857,
    3.003386974334717
  ],
  "lr": [
    5.049443181042224e-06,
    8.15188393290907e-06,
    1.3171662451782435e-05,
    1.9889279890288408e-05,
    2.8010996339523225e-05,
    3.7181675135069915e-05,
    4.700031184661531e-05,
    5.703756891815682e-05,
    6.68545492251071e-05,
    7.602198764073467e-05,
    8.413902142616853e-05,
    9.085071867489143e-05,
    9.586359834894957e-05,
    9.895846326537103e-05
  ]
}