{
  "model": "Transformer",
  "dataset": "Weather",
  "seq_len": 96,
  "pred_len": 96,
  "enc_in": 21,
  "test_mse": 0.17179512977600098,
  "test_mae": 0.2569534182548523,
  "test_rmse": 0.4144817590713501,
  "val_mse": 0.4009707272052765,
  "val_mae": 0.32235366106033325,
  "val_rmse": 0.6332225203514099,
  "n_params": 25042400,
  "best_epoch": 3,
  "total_epochs_run": 13,
  "total_train_time_sec": 260.52718806266785,
  "avg_epoch_time_sec": 19.984733214745155,
  "config": {},
  "batch_size": 32,
  "lr": 0.0001,
  "patience": 10,
  "optimizer": "Adam",
  "scheduler": "OneCycleLR",
  "loss": "MSE",
  "train_size": 36887,
  "val_size": 5269,
  "test_size": 10540,
  "channel_names": null,
  "save_artifacts": "standard"
}