{
  "train_loss": [
    0.5786267980030485,
    0.5114164149112299,
    0.49151012631128294,
    0.4757860232017038,
    0.4633533683024131,
    0.45235041139730764,
    0.4437380036154371,
    0.4351474413806875,
    0.42609212927592227,
    0.4174683969255285,
    0.40806007775117475,
    0.3977160737428673
  ],
  "val_loss": [
    0.5432588501196158,
    0.5359953431118476,
    0.5563365878831399,
    0.5415284483644524,
    0.5759223563302505,
    0.5654042956272238,
    0.5934995782414549,
    0.6159928799851945,
    0.6673867775029257,
    0.6308202847446266,
    0.6592837466221106,
    0.6958812604609289
  ],
  "val_mse": [
    0.5452890396118164,
    0.5379067063331604,
    0.5583010315895081,
    0.5433925986289978,
    0.5777884125709534,
    0.5672415494918823,
    0.5952534079551697,
    0.6182568073272705,
    0.6698891520500183,
    0.6330584287643433,
    0.661698043346405,
    0.698472261428833
  ],
  "val_mae": [
    0.42269280552864075,
    0.4151989817619324,
    0.43177875876426697,
    0.4183554947376251,
    0.43511760234832764,
    0.4244176149368286,
    0.4488941431045532,
    0.45991751551628113,
    0.5069920420646667,
    0.47393321990966797,
    0.49011778831481934,
    0.5103267431259155
  ],
  "epoch_time": [
    47.013630628585815,
    47.08361315727234,
    47.026915550231934,
    47.017749071121216,
    47.18115854263306,
    47.34522247314453,
    47.27737641334534,
    47.038554668426514,
    46.971415519714355,
    47.17652416229248,
    47.205859422683716,
    47.030813217163086
  ],
  "lr": [
    5.0490375141431306e-06,
    8.150296735485869e-06,
    1.3168221944683572e-05,
    1.9883480150585753e-05,
    2.8002548112561164e-05,
    3.717054221094358e-05,
    4.698673037328942e-05,
    5.702204803175752e-05,
    6.683785249092799e-05,
    7.600509595458576e-05,
    8.412307916045328e-05,
    9.083696590344141e-05
  ]
}