{
  "model": "Transformer",
  "dataset": "ETTh1",
  "seq_len": 96,
  "pred_len": 96,
  "enc_in": 7,
  "test_mse": 0.6038591265678406,
  "test_mae": 0.5612647533416748,
  "test_rmse": 0.7770837545394897,
  "val_mse": 0.758939266204834,
  "val_mae": 0.5974169969558716,
  "val_rmse": 0.8711711764335632,
  "n_params": 8524192,
  "best_epoch": 4,
  "total_epochs_run": 14,
  "total_train_time_sec": 42.16545295715332,
  "avg_epoch_time_sec": 2.990163564682007,
  "config": {},
  "batch_size": 32,
  "lr": 0.0001,
  "patience": 10,
  "optimizer": "Adam",
  "scheduler": "OneCycleLR",
  "loss": "MSE",
  "train_size": 8640,
  "val_size": 2880,
  "test_size": 5900,
  "channel_names": null,
  "save_artifacts": "standard"
}