{
  "train_loss": [
    0.6675497477408499,
    0.4878143253736198,
    0.44861481862608343,
    0.4230271541746333,
    0.40133900567889214,
    0.3817080908920616,
    0.3638981470139697,
    0.35117170063313097,
    0.3404590751742944,
    0.3319161622785032,
    0.3209520827513188,
    0.31006935832556337
  ],
  "val_loss": [
    1.2693176207604346,
    1.213260834480261,
    1.2211610372964439,
    1.2495032177342997,
    1.3181076007229942,
    1.3260453026016037,
    1.368591988628561,
    1.3672574003795526,
    1.45561409731964,
    1.4604194110090083,
    1.5506978317514641,
    1.5292795555932182
  ],
  "val_mse": [
    1.2743090391159058,
    1.2179805040359497,
    1.2261533737182617,
    1.2548108100891113,
    1.3238897323608398,
    1.3319414854049683,
    1.374349594116211,
    1.3727672100067139,
    1.4615708589553833,
    1.4660018682479858,
    1.5564810037612915,
    1.535032868385315
  ],
  "val_mae": [
    0.7989363074302673,
    0.7798978686332703,
    0.7758204340934753,
    0.7801609635353088,
    0.8073657751083374,
    0.8077443242073059,
    0.8184905648231506,
    0.8264228105545044,
    0.8513465523719788,
    0.8547618985176086,
    0.8778704404830933,
    0.8745746612548828
  ],
  "epoch_time": [
    4.983376502990723,
    4.9560017585754395,
    4.974904537200928,
    5.015077114105225,
    5.0584492683410645,
    5.068802356719971,
    5.090453863143921,
    5.086522340774536,
    5.067402601242065,
    5.020054340362549,
    5.00729775428772,
    4.983059644699097
  ],
  "lr": [
    5.049459687966456e-06,
    8.151948517004683e-06,
    1.317180244717964e-05,
    1.9889515881024692e-05,
    2.801134009170107e-05,
    3.7182128116631464e-05,
    4.7000864441688814e-05,
    5.7038200401876454e-05,
    6.68552285194947e-05,
    7.602267482516547e-05,
    8.413966992974719e-05,
    9.085127803533651e-05
  ]
}