{
  "model": "Transformer",
  "dataset": "ETTh1",
  "seq_len": 96,
  "pred_len": 336,
  "enc_in": 7,
  "test_mse": 0.9575175046920776,
  "test_mae": 0.7356277704238892,
  "test_rmse": 0.9785282611846924,
  "val_mse": 1.2179805040359497,
  "val_mae": 0.7798978686332703,
  "val_rmse": 1.103621482849121,
  "n_params": 29169712,
  "best_epoch": 2,
  "total_epochs_run": 12,
  "total_train_time_sec": 60.769851207733154,
  "avg_epoch_time_sec": 5.025950173536937,
  "config": {},
  "batch_size": 32,
  "lr": 0.0001,
  "patience": 10,
  "optimizer": "Adam",
  "scheduler": "OneCycleLR",
  "loss": "MSE",
  "train_size": 8640,
  "val_size": 2880,
  "test_size": 5900,
  "channel_names": null,
  "save_artifacts": "standard"
}