{
  "train_loss": [
    0.505377933434999,
    0.4254439419710823,
    0.40366586599414467,
    0.3892593979965538,
    0.37812505684545944,
    0.36981444393673074,
    0.3635434263091645,
    0.3578095948274847,
    0.35218617755653137,
    0.3463208037339164,
    0.3392428860952509,
    0.3314976274030995,
    0.3222366333735967
  ],
  "val_loss": [
    0.4319120004960576,
    0.4135902513451171,
    0.40035495677459165,
    0.40091415363475214,
    0.4062210705201581,
    0.4208813094352401,
    0.4311907657381124,
    0.45857335685652756,
    0.4519858992886993,
    0.4582336222600637,
    0.48481775576588493,
    0.4998314916244093,
    0.5045030746819839
  ],
  "val_mse": [
    0.4325462877750397,
    0.4142252802848816,
    0.4009707272052765,
    0.4015076458454132,
    0.40683701634407043,
    0.42153722047805786,
    0.4318220019340515,
    0.45929956436157227,
    0.4526851773262024,
    0.4589240550994873,
    0.485560804605484,
    0.5006359815597534,
    0.5053148865699768
  ],
  "val_mae": [
    0.3442906439304352,
    0.3325320780277252,
    0.32235366106033325,
    0.3181498348712921,
    0.31655433773994446,
    0.3305131793022156,
    0.3400822579860687,
    0.3535890579223633,
    0.3536519408226013,
    0.3560722768306732,
    0.3676297962665558,
    0.3866305947303772,
    0.36904388666152954
  ],
  "epoch_time": [
    19.986374616622925,
    19.941410303115845,
    20.035851001739502,
    20.047154188156128,
    20.015416383743286,
    19.991326570510864,
    19.987375259399414,
    19.976460933685303,
    19.969913244247437,
    19.990044593811035,
    19.955541133880615,
    19.952061891555786,
    19.952601671218872
  ],
  "lr": [
    5.049036766743538e-06,
    8.150293811224978e-06,
    1.3168215605828377e-05,
    1.988346946492108e-05,
    2.8002532546994588e-05,
    3.717052169852368e-05,
    4.698670534879753e-05,
    5.7022019432889296e-05,
    6.6837821724131e-05,
    7.600506482674773e-05,
    8.412304977972613e-05,
    9.083694055441846e-05,
    9.58532738895517e-05
  ]
}