{
  "model": "Transformer",
  "dataset": "Weather",
  "seq_len": 96,
  "pred_len": 336,
  "enc_in": 21,
  "test_mse": 0.2774665355682373,
  "test_mae": 0.34374722838401794,
  "test_rmse": 0.526750922203064,
  "val_mse": 0.5379067063331604,
  "val_mae": 0.4151989817619324,
  "val_rmse": 0.7334212064743042,
  "n_params": 86978960,
  "best_epoch": 2,
  "total_epochs_run": 12,
  "total_train_time_sec": 566.9515817165375,
  "avg_epoch_time_sec": 47.114069402217865,
  "config": {},
  "batch_size": 32,
  "lr": 0.0001,
  "patience": 10,
  "optimizer": "Adam",
  "scheduler": "OneCycleLR",
  "loss": "MSE",
  "train_size": 36887,
  "val_size": 5269,
  "test_size": 10540,
  "channel_names": null,
  "save_artifacts": "standard"
}