{
  "model": "DLinear",
  "dataset": "ETTm1",
  "seq_len": 336,
  "pred_len": 336,
  "enc_in": 7,
  "test_mse": 0.4540223777294159,
  "test_mae": 0.4366632401943207,
  "test_rmse": 0.6738118529319763,
  "val_mse": 0.6189242601394653,
  "val_mae": 0.5218866467475891,
  "val_rmse": 0.786717414855957,
  "n_params": 226464,
  "best_epoch": 23,
  "total_epochs_run": 33,
  "total_train_time_sec": 99.91453623771667,
  "avg_epoch_time_sec": 3.0233268159808535,
  "config": {},
  "batch_size": 32,
  "lr": 0.0001,
  "patience": 10,
  "optimizer": "Adam",
  "scheduler": "OneCycleLR",
  "loss": "MSE",
  "train_size": 34560,
  "val_size": 11520,
  "test_size": 23600,
  "channel_names": null,
  "save_artifacts": "standard"
}