{
  "model": "DLinear",
  "dataset": "ETTm1",
  "seq_len": 336,
  "pred_len": 192,
  "enc_in": 7,
  "test_mse": 0.40901660919189453,
  "test_mae": 0.4089610278606415,
  "test_rmse": 0.6395440697669983,
  "val_mse": 0.4922496974468231,
  "val_mae": 0.4641256034374237,
  "val_rmse": 0.7016050815582275,
  "n_params": 129408,
  "best_epoch": 23,
  "total_epochs_run": 33,
  "total_train_time_sec": 94.31282877922058,
  "avg_epoch_time_sec": 2.8536825252301767,
  "config": {},
  "batch_size": 32,
  "lr": 0.0001,
  "patience": 10,
  "optimizer": "Adam",
  "scheduler": "OneCycleLR",
  "loss": "MSE",
  "train_size": 34560,
  "val_size": 11520,
  "test_size": 23600,
  "channel_names": null,
  "save_artifacts": "standard"
}