{
  "train_loss": [
    0.8682642059859743,
    0.5400123960911045,
    0.4507802221941655,
    0.40469669972082933,
    0.3799252372738097,
    0.36662081500288446,
    0.3591195962640674,
    0.3545199659379503,
    0.35154972496293874,
    0.3494916655355405,
    0.34804639359540374,
    0.34694024367474297,
    0.3461310996324865,
    0.34547634407301014,
    0.3449418556729615,
    0.34455899183653343,
    0.34424021381381775,
    0.34391686168338353,
    0.34374521105665434,
    0.34351649047407595,
    0.34335120730066887,
    0.3432894754905088,
    0.34315479889413564,
    0.34310428734879317,
    0.3431598844817497,
    0.3431076992222225,
    0.3429331795380181,
    0.3429942705982468,
    0.34298297475822925,
    0.34292650498569405,
    0.3428954078804445,
    0.342872448272588,
    0.34289608348417777
  ],
  "val_loss": [
    1.1127062031451393,
    0.8927502869244884,
    0.7659016457550666,
    0.700567363114918,
    0.6676741175791796,
    0.6552823827547185,
    0.6462760687750928,
    0.6425273800816607,
    0.6386630128411686,
    0.6388324805699727,
    0.6350548976922736,
    0.6343249561593813,
    0.6339003149639157,
    0.630392349051202,
    0.6272153561825261,
    0.6358302631360643,
    0.6308143703157411,
    0.6215369504164246,
    0.6298544983215192,
    0.6279065725996213,
    0.6308523117838537,
    0.6267595562645618,
    0.6182432785411092,
    0.6241058664725108,
    0.6216844334540998,
    0.6402906051453422,
    0.6340114503222354,
    0.629947235742036,
    0.6314788962769158,
    0.6249476661357809,
    0.6360413559219417,
    0.6287252768655034,
    0.6285867275122334
  ],
  "val_mse": [
    1.1136434078216553,
    0.8935220241546631,
    0.7666240930557251,
    0.7012979984283447,
    0.6684204339981079,
    0.6560506820678711,
    0.6470490097999573,
    0.6433024406433105,
    0.6394373774528503,
    0.6396022439002991,
    0.6358223557472229,
    0.6350804567337036,
    0.6346452236175537,
    0.6311329007148743,
    0.6279271841049194,
    0.636557400226593,
    0.6315336227416992,
    0.6222262382507324,
    0.6305813193321228,
    0.6286104917526245,
    0.6315782070159912,
    0.6274771690368652,
    0.6189242601394653,
    0.6248254776000977,
    0.6223753690719604,
    0.6410525441169739,
    0.6347540020942688,
    0.6306644082069397,
    0.6322119832038879,
    0.6256747841835022,
    0.636768639087677,
    0.6294716000556946,
    0.629325270652771
  ],
  "val_mae": [
    0.7476807236671448,
    0.6607116460800171,
    0.6029978394508362,
    0.5686829090118408,
    0.5502060651779175,
    0.5413997769355774,
    0.536043107509613,
    0.5332086086273193,
    0.5307187438011169,
    0.5297583341598511,
    0.5278061628341675,
    0.527358889579773,
    0.5266392230987549,
    0.524831235408783,
    0.524590015411377,
    0.5264055132865906,
    0.5252448916435242,
    0.5218583941459656,
    0.524132490158081,
    0.5240182280540466,
    0.5251071453094482,
    0.5232316851615906,
    0.5218866467475891,
    0.523097813129425,
    0.5218281149864197,
    0.5261684656143188,
    0.5252907276153564,
    0.5246239900588989,
    0.5246977210044861,
    0.5222043991088867,
    0.5257689952850342,
    0.5239117741584778,
    0.5234256386756897
  ],
  "epoch_time": [
    2.969609498977661,
    3.022998094558716,
    3.007364511489868,
    2.982253074645996,
    3.0011980533599854,
    3.0353477001190186,
    3.0315823554992676,
    3.0525007247924805,
    3.0402867794036865,
    3.004875421524048,
    2.9698784351348877,
    2.9810214042663574,
    3.036249876022339,
    3.0787527561187744,
    2.997227191925049,
    3.048835277557373,
    3.0475666522979736,
    3.054257869720459,
    3.03324818611145,
    3.0400454998016357,
    3.023925304412842,
    3.051543712615967,
    3.03845477104187,
    3.040562868118286,
    3.0232088565826416,
    3.063664674758911,
    3.0068249702453613,
    2.997898578643799,
    3.006380081176758,
    3.081390142440796,
    2.975299119949341,
    3.0032451152801514,
    3.022287368774414
  ],
  "lr": [
    4.262965561263452e-06,
    5.048980958120001e-06,
    6.349433899736497e-06,
    8.150075455375897e-06,
    1.04311761784835e-05,
    1.3167742280228024e-05,
    1.6329789483906146e-05,
    1.9882671559615518e-05,
    2.3787459939475226e-05,
    2.8001370253988403e-05,
    3.24782311160313e-05,
    3.7168990016050375e-05,
    4.2022250785425004e-05,
    4.698483673906448e-05,
    5.2002373326943105e-05,
    5.7019883910519584e-05,
    6.198239213617911e-05,
    6.683552430555352e-05,
    7.152610514260932e-05,
    7.600274042974364e-05,
    8.021638012900428e-05,
    8.412085581837132e-05,
    8.767338655446586e-05,
    9.083504761899945e-05,
    9.357119701295708e-05,
    9.585185502546033e-05,
    9.765203271841303e-05,
    9.895200572775678e-05,
    9.97375303813237e-05,
    9.999999995509963e-05,
    9.994955841651403e-05,
    9.979852551746952e-05,
    9.954720541812492e-05
  ]
}