{
  "train_loss": [
    0.9786590121104279,
    0.6761041020122508,
    0.5851924698325601,
    0.5440656534405106,
    0.5223743127981124,
    0.508367287317214,
    0.49800053255876187,
    0.4899632867173839,
    0.4833543066187215,
    0.4778063621721946,
    0.4730157266069233,
    0.4689485732273013,
    0.4653479456770724,
    0.4623358697353276,
    0.459784721901691,
    0.457564652044591,
    0.4552271595327764,
    0.4544544121719851,
    0.45340832158648414,
    0.45281233763464507,
    0.4522661372456664,
    0.451956805440289,
    0.45185976910476,
    0.4517623266308218,
    0.4518099914552665,
    0.45173961061516593,
    0.45173782061808354,
    0.4517431621806887,
    0.45177937416103037,
    0.4515194054807457,
    0.45173461837293394,
    0.4517297780466666,
    0.4517158903868393
  ],
  "val_loss": [
    0.6774713668580118,
    0.5787346829709253,
    0.5334904019867903,
    0.5091472137229223,
    0.4914690213474004,
    0.4805497673193091,
    0.47089108569841637,
    0.4649679639229649,
    0.4588825792858475,
    0.45586478857225493,
    0.4511575197653943,
    0.4493928815140144,
    0.4477665757662372,
    0.4468318112929793,
    0.4467534490762965,
    0.4441263793085359,
    0.442148494460669,
    0.4436686946520288,
    0.44402456570318655,
    0.44181583917356637,
    0.4415186637473342,
    0.44351218550122884,
    0.4395430572821121,
    0.44473529455104943,
    0.44356213777179,
    0.44263879418079005,
    0.44264010278704136,
    0.44340459580876324,
    0.4404425550693352,
    0.4414448259202273,
    0.44479749714465516,
    0.43973887748526114,
    0.44108647100725457
  ],
  "val_mse": [
    0.6800113916397095,
    0.5809779763221741,
    0.5355778932571411,
    0.5111635327339172,
    0.4934512674808502,
    0.48251816630363464,
    0.4728347659111023,
    0.46689510345458984,
    0.4607945382595062,
    0.4577696919441223,
    0.45305317640304565,
    0.45129460096359253,
    0.4496577978134155,
    0.44872376322746277,
    0.44864845275878906,
    0.4459977447986603,
    0.44401076436042786,
    0.4455586075782776,
    0.4459013342857361,
    0.44367584586143494,
    0.44339218735694885,
    0.4453933537006378,
    0.4414003789424896,
    0.4466050863265991,
    0.44542738795280457,
    0.4445081055164337,
    0.44450643658638,
    0.4452756345272064,
    0.4422997534275055,
    0.4432937204837799,
    0.4466814696788788,
    0.4415942132472992,
    0.44294995069503784
  ],
  "val_mae": [
    0.4735128879547119,
    0.40885916352272034,
    0.374286025762558,
    0.35394105315208435,
    0.3416390120983124,
    0.33303746581077576,
    0.326640248298645,
    0.3225269615650177,
    0.31988760828971863,
    0.3162822127342224,
    0.3143174350261688,
    0.31278255581855774,
    0.31299903988838196,
    0.31089064478874207,
    0.3099344074726105,
    0.30927103757858276,
    0.3087519407272339,
    0.30793678760528564,
    0.30649352073669434,
    0.30765828490257263,
    0.30736464262008667,
    0.30789729952812195,
    0.30842843651771545,
    0.307139128446579,
    0.3076837360858917,
    0.30710822343826294,
    0.3066368103027344,
    0.3080533444881439,
    0.30734604597091675,
    0.3085879683494568,
    0.3074689507484436,
    0.3079783618450165,
    0.3097229599952698
  ],
  "epoch_time": [
    3.055476188659668,
    3.046095371246338,
    3.064148187637329,
    3.0296788215637207,
    3.019838809967041,
    3.024578094482422,
    3.0699214935302734,
    3.0171585083007812,
    3.0134389400482178,
    3.096977949142456,
    3.076503276824951,
    3.0658178329467773,
    3.021061658859253,
    3.0542099475860596,
    3.067486524581909,
    3.03806471824646,
    3.046154022216797,
    3.0164599418640137,
    3.063450574874878,
    3.0470001697540283,
    3.021979570388794,
    3.029761552810669,
    3.0763869285583496,
    3.2178444862365723,
    3.070023536682129,
    3.010477066040039,
    3.0890471935272217,
    3.238287925720215,
    3.2849552631378174,
    3.1246256828308105,
    3.219553232192993,
    3.200824737548828,
    3.135416030883789
  ],
  "lr": [
    4.2629643995661134e-06,
    5.048976336787821e-06,
    6.349423596784985e-06,
    8.150057374020433e-06,
    1.0431148394324575e-05,
    1.316770308559287e-05,
    1.632973742860574e-05,
    1.988260548742914e-05,
    2.378737901973695e-05,
    2.800127400772232e-05,
    3.247811943616232e-05,
    3.716886318130525e-05,
    4.2022109467631986e-05,
    4.698468200365791e-05,
    5.2002206626581386e-05,
    5.701970707182846e-05,
    6.198220733973629e-05,
    6.683533405933421e-05,
    7.152591224921232e-05,
    7.600254794781566e-05,
    8.021619132937088e-05,
    8.4120674135469e-05,
    8.767321553374661e-05,
    9.083489086104821e-05,
    9.357105811512102e-05,
    9.585173752183671e-05,
    9.765194001907903e-05,
    9.895194105814864e-05,
    9.973749672268409e-05,
    9.999999996118546e-05,
    9.994956509982521e-05,
    9.979853886454676e-05,
    9.954722540208898e-05
  ]
}