{
  "model": "DLinear",
  "dataset": "ETTm1",
  "seq_len": 336,
  "pred_len": 96,
  "enc_in": 7,
  "test_mse": 0.3625289797782898,
  "test_mae": 0.38274452090263367,
  "test_rmse": 0.6021037697792053,
  "val_mse": 0.38328319787979126,
  "val_mae": 0.40931436419487,
  "val_rmse": 0.6190987229347229,
  "n_params": 64704,
  "best_epoch": 27,
  "total_epochs_run": 37,
  "total_train_time_sec": 96.81787061691284,
  "avg_epoch_time_sec": 2.6129148264189026,
  "config": {},
  "batch_size": 32,
  "lr": 0.0001,
  "patience": 10,
  "optimizer": "Adam",
  "scheduler": "OneCycleLR",
  "loss": "MSE",
  "train_size": 34560,
  "val_size": 11520,
  "test_size": 23600,
  "channel_names": null,
  "save_artifacts": "standard"
}