{
  "model": "DLinear",
  "dataset": "ETTh1",
  "seq_len": 336,
  "pred_len": 336,
  "enc_in": 7,
  "test_mse": 0.5392993092536926,
  "test_mae": 0.507605254650116,
  "test_rmse": 0.7343699932098389,
  "val_mse": 1.0845680236816406,
  "val_mae": 0.7067722678184509,
  "val_rmse": 1.0414259433746338,
  "n_params": 226464,
  "best_epoch": 32,
  "total_epochs_run": 42,
  "total_train_time_sec": 29.266400814056396,
  "avg_epoch_time_sec": 0.6920854761486962,
  "config": {},
  "batch_size": 32,
  "lr": 0.0001,
  "patience": 10,
  "optimizer": "Adam",
  "scheduler": "OneCycleLR",
  "loss": "MSE",
  "train_size": 8640,
  "val_size": 2880,
  "test_size": 5900,
  "channel_names": null,
  "save_artifacts": "standard"
}