{
  "train_loss": [
    0.8279775737706828,
    0.5181797570141553,
    0.42381387085479494,
    0.37344280182474193,
    0.34612669873551616,
    0.3312730764933386,
    0.32266406635013484,
    0.31743180767220364,
    0.31384282935540403,
    0.31143311966957066,
    0.3097741064297514,
    0.308527424819382,
    0.3075422138003729,
    0.3068397323253126,
    0.3063330170352394,
    0.30589450222921055,
    0.30553684109578355,
    0.3052953319906179,
    0.30509969587889013,
    0.3048809621542664,
    0.3047241108633949,
    0.30470283147252514,
    0.30448346295563095,
    0.30451287568905167,
    0.3044823019547162,
    0.3043354855655839,
    0.304365619652583,
    0.30436853953722165,
    0.30430228580648006,
    0.3043188070168724,
    0.3043392327520383,
    0.30429085414867185,
    0.3042388997011777
  ],
  "val_loss": [
    1.035652169048093,
    0.7930501636204331,
    0.6533611309822909,
    0.5790449694708683,
    0.545969742177011,
    0.5269941189434639,
    0.5184009826070693,
    0.515106454838154,
    0.5096051494352692,
    0.5067323172291698,
    0.5040898913474277,
    0.5024713800223761,
    0.498842925916231,
    0.5029950252365928,
    0.49739349724421666,
    0.4954740871826923,
    0.5026640560867828,
    0.4987371472295287,
    0.5062916053589,
    0.5034184769922218,
    0.49638969176124004,
    0.4970656707882881,
    0.49192444624942405,
    0.49788828417225633,
    0.4948668065589181,
    0.49594272696954567,
    0.49382050454529913,
    0.4987247111275792,
    0.5006027794551364,
    0.49679787073630927,
    0.5011396331625969,
    0.49891128412686114,
    0.5041728102883627
  ],
  "val_mse": [
    1.0359457731246948,
    0.7933274507522583,
    0.6536609530448914,
    0.5793653130531311,
    0.5463033318519592,
    0.5273268222808838,
    0.5187339782714844,
    0.5154414176940918,
    0.5099343657493591,
    0.5070661902427673,
    0.5044135451316833,
    0.5027992725372314,
    0.49917230010032654,
    0.503330647945404,
    0.4977249205112457,
    0.495805561542511,
    0.5030047297477722,
    0.49906957149505615,
    0.5066449046134949,
    0.5037617087364197,
    0.49672213196754456,
    0.4973924160003662,
    0.4922496974468231,
    0.49823254346847534,
    0.4951896071434021,
    0.4962809681892395,
    0.4941434860229492,
    0.4990510642528534,
    0.500948965549469,
    0.49713751673698425,
    0.5014739632606506,
    0.4992397427558899,
    0.504505455493927
  ],
  "val_mae": [
    0.7165169715881348,
    0.6221427321434021,
    0.5585818886756897,
    0.5196061134338379,
    0.4988290071487427,
    0.48730984330177307,
    0.48153671622276306,
    0.4781111180782318,
    0.47471460700035095,
    0.4726552665233612,
    0.4709792733192444,
    0.4694842994213104,
    0.4680524468421936,
    0.46902018785476685,
    0.46759769320487976,
    0.46644461154937744,
    0.46768125891685486,
    0.466803640127182,
    0.46881312131881714,
    0.46782246232032776,
    0.465474009513855,
    0.46658164262771606,
    0.4641256034374237,
    0.46585896611213684,
    0.4661276936531067,
    0.46569931507110596,
    0.4656335711479187,
    0.467177152633667,
    0.4663933515548706,
    0.4654134213924408,
    0.467007040977478,
    0.46705979108810425,
    0.46805498003959656
  ],
  "epoch_time": [
    2.878925085067749,
    2.8674840927124023,
    2.820538282394409,
    2.832334280014038,
    2.8314199447631836,
    2.8776638507843018,
    2.848449468612671,
    2.874016046524048,
    2.832869529724121,
    2.897693634033203,
    2.801140069961548,
    2.8090269565582275,
    2.804436683654785,
    2.8370609283447266,
    2.838653802871704,
    2.821411609649658,
    2.867611885070801,
    2.8347885608673096,
    2.8743698596954346,
    2.8109822273254395,
    2.836860418319702,
    2.821713924407959,
    2.893634080886841,
    2.8733463287353516,
    2.876662254333496,
    2.874739646911621,
    2.868821382522583,
    2.9069573879241943,
    2.908165216445923,
    2.8316798210144043,
    2.9128332138061523,
    2.8670847415924072,
    2.8381481170654297
  ],
  "lr": [
    4.262965499025558e-06,
    5.048980710532325e-06,
    6.3494333477563366e-06,
    8.150074486668117e-06,
    1.0431174689948524e-05,
    1.3167740180377444e-05,
    1.6329786695046237e-05,
    1.988266801980192e-05,
    2.3787455604205195e-05,
    2.8001365097601015e-05,
    3.247822513279024e-05,
    3.716898322088864e-05,
    4.202224321433601e-05,
    4.698482844912914e-05,
    5.2002364395987825e-05,
    5.7019874436406053e-05,
    6.1982382235732e-05,
    6.683551411313781e-05,
    7.152609480837436e-05,
    7.600273011755656e-05,
    8.02163700140996e-05,
    8.412084608474906e-05,
    8.76733773920735e-05,
    9.083503922073822e-05,
    9.357118957155465e-05,
    9.585184873025567e-05,
    9.765202775210066e-05,
    9.895200226313899e-05,
    9.973752857811999e-05,
    9.99999999554369e-05,
    9.994955877458223e-05,
    9.979852623254754e-05,
    9.954720648877268e-05
  ]
}