{
  "train_loss": [
    1.1727271647338409,
    0.9375546038390163,
    0.7786864221814167,
    0.6754771449479712,
    0.6136660101902054,
    0.5773751079796787,
    0.5531922609930536,
    0.5341187251140793,
    0.5180962886436876,
    0.5045164538674565,
    0.49301736050820255,
    0.48317157073193284,
    0.47477491193985843,
    0.4678843628211194,
    0.46226438197744896,
    0.4576739436651329,
    0.4541274652663005,
    0.4512678953299082,
    0.4490283826986949,
    0.4472964118762189,
    0.44593845696813134,
    0.4447195476078125,
    0.44373111121625786,
    0.44283606716427937,
    0.442237041322103,
    0.44155564880275344,
    0.44110015800679064,
    0.44043334839813203,
    0.43996489921726856,
    0.4396696313318,
    0.4392385212293112,
    0.43896585092487106,
    0.4386001940233162,
    0.4383291615300389,
    0.4380849250349175,
    0.437866649833549,
    0.4376535159517005,
    0.4372477781581113,
    0.43722639660758666,
    0.43703003688509684,
    0.4368139027831066,
    0.4366404761272262
  ],
  "val_loss": [
    1.8127466218812125,
    1.6332431137561798,
    1.5095506889479502,
    1.4284494400024415,
    1.366347281421934,
    1.3226772052901132,
    1.277294417790004,
    1.2446643739938736,
    1.2219805019242422,
    1.1940137416124343,
    1.1663016174520766,
    1.1565610076699937,
    1.145431530049869,
    1.1284830412694387,
    1.1241272500583104,
    1.128310787677765,
    1.1263717770576478,
    1.1062007039785384,
    1.103911253809929,
    1.097359355858394,
    1.1045578509569167,
    1.1016526000840323,
    1.0916900047234126,
    1.1011148350579398,
    1.1194202440125602,
    1.106712653381484,
    1.0929037456001554,
    1.1030988748584474,
    1.1143037038190025,
    1.1028598930154527,
    1.1049289456435611,
    1.075141144650323,
    1.1031745812722615,
    1.0817237858261382,
    1.0913239611046655,
    1.1175006232091358,
    1.0934631701026645,
    1.087973005431039,
    1.106530557359968,
    1.076532878620284,
    1.0770126351288387,
    1.0968967582498277
  ],
  "val_mse": [
    1.8239772319793701,
    1.6431807279586792,
    1.518619418144226,
    1.4370702505111694,
    1.374967098236084,
    1.3315656185150146,
    1.2865716218948364,
    1.254287600517273,
    1.2318392992019653,
    1.2039886713027954,
    1.1762974262237549,
    1.1665197610855103,
    1.155348539352417,
    1.138316035270691,
    1.1339282989501953,
    1.1380473375320435,
    1.1360892057418823,
    1.115897297859192,
    1.1134672164916992,
    1.1068992614746094,
    1.1141040325164795,
    1.1112759113311768,
    1.1012258529663086,
    1.1107248067855835,
    1.128940224647522,
    1.115997314453125,
    1.1022096872329712,
    1.1125550270080566,
    1.123666524887085,
    1.1120401620864868,
    1.1144170761108398,
    1.0845680236816406,
    1.1126940250396729,
    1.091037631034851,
    1.1006072759628296,
    1.1270501613616943,
    1.1028386354446411,
    1.0973753929138184,
    1.1160767078399658,
    1.0858944654464722,
    1.0862090587615967,
    1.1063095331192017
  ],
  "val_mae": [
    0.9707605838775635,
    0.9168757200241089,
    0.8768479228019714,
    0.8489586710929871,
    0.8272786736488342,
    0.8117383718490601,
    0.795525312423706,
    0.7828804850578308,
    0.7731638550758362,
    0.7616825103759766,
    0.7504417896270752,
    0.7449985146522522,
    0.7393736839294434,
    0.7320480942726135,
    0.7295206785202026,
    0.7297547459602356,
    0.7279893755912781,
    0.7208225131034851,
    0.7193202972412109,
    0.7165564298629761,
    0.7184127569198608,
    0.7170782685279846,
    0.7133517265319824,
    0.7160684466362,
    0.7227264642715454,
    0.7182409763336182,
    0.7131673097610474,
    0.7171943187713623,
    0.7206200957298279,
    0.7163753509521484,
    0.7169721126556396,
    0.7067722678184509,
    0.7161903381347656,
    0.7088924050331116,
    0.7124647498130798,
    0.7199028134346008,
    0.7128337025642395,
    0.7103016972541809,
    0.7168334722518921,
    0.706843912601471,
    0.7072550654411316,
    0.712922990322113
  ],
  "epoch_time": [
    0.7273743152618408,
    0.7023155689239502,
    0.6954483985900879,
    0.697310209274292,
    0.6905627250671387,
    0.6893353462219238,
    0.6914734840393066,
    0.68731689453125,
    0.6924307346343994,
    0.6873831748962402,
    0.6890325546264648,
    0.6852917671203613,
    0.6900539398193359,
    0.6879823207855225,
    0.6824111938476562,
    0.6987967491149902,
    0.687225341796875,
    0.6879122257232666,
    0.7077388763427734,
    0.7091958522796631,
    0.7090990543365479,
    0.7139148712158203,
    0.6925258636474609,
    0.6854667663574219,
    0.6833851337432861,
    0.6847343444824219,
    0.687868595123291,
    0.7005281448364258,
    0.6845941543579102,
    0.6744732856750488,
    0.6931440830230713,
    0.6868512630462646,
    0.6978335380554199,
    0.691704273223877,
    0.6782824993133545,
    0.6826586723327637,
    0.6914775371551514,
    0.685401201248169,
    0.6811995506286621,
    0.6941266059875488,
    0.6956644058227539,
    0.6860644817352295
  ],
  "lr": [
    4.2630193734285576e-06,
    5.04919502743089e-06,
    6.349911152510351e-06,
    8.150913017824154e-06,
    1.0432463190782344e-05,
    1.316955784234588e-05,
    1.6332200767503553e-05,
    1.988573211789901e-05,
    2.3791208243980548e-05,
    2.8005828483930616e-05,
    3.2483404222134586e-05,
    3.717486507671155e-05,
    4.202879666872674e-05,
    4.699200407959692e-05,
    5.201009482168032e-05,
    5.702807493319402e-05,
    6.199095166477102e-05,
    6.684433615273038e-05,
    7.153503947427918e-05,
    7.601165555239353e-05,
    8.022512452224236e-05,
    8.412927038514191e-05,
    8.768130705781578e-05,
    9.084230727109555e-05,
    9.357762917933523e-05,
    9.585729600526689e-05,
    9.765632455971621e-05,
    9.895499903588443e-05,
    9.973908707764613e-05,
    9.999999918783692e-05,
    9.994924839565883e-05,
    9.979790686736257e-05,
    9.954627938464519e-05,
    9.919487269176968e-05,
    9.874439447504931e-05,
    9.819575193766177e-05,
    9.755004997266254e-05,
    9.680858893787741e-05,
    9.59728620371549e-05,
    9.504455231325228e-05,
    9.402552925841163e-05,
    9.291784504945109e-05
  ]
}