{
  "model": "DLinear",
  "dataset": "Weather",
  "seq_len": 336,
  "pred_len": 336,
  "enc_in": 21,
  "test_mse": 0.26436835527420044,
  "test_mae": 0.3162516951560974,
  "test_rmse": 0.5141676068305969,
  "val_mse": 0.5619651079177856,
  "val_mae": 0.39399847388267517,
  "val_rmse": 0.7496433258056641,
  "n_params": 226464,
  "best_epoch": 30,
  "total_epochs_run": 40,
  "total_train_time_sec": 150.15949988365173,
  "avg_epoch_time_sec": 3.749769961833954,
  "config": {},
  "batch_size": 32,
  "lr": 0.0001,
  "patience": 10,
  "optimizer": "Adam",
  "scheduler": "OneCycleLR",
  "loss": "MSE",
  "train_size": 36887,
  "val_size": 5269,
  "test_size": 10540,
  "channel_names": null,
  "save_artifacts": "standard"
}