{
  "train_loss": [
    1.1708125156376201,
    0.9259289580842723,
    0.7580297671759082,
    0.6472980566175559,
    0.5787446741530076,
    0.5368934511667184,
    0.509199160478803,
    0.4882362462550755,
    0.47119698894353723,
    0.45703674352216156,
    0.444684035104254,
    0.43441151583147614,
    0.4259360760096976,
    0.41878497965722217,
    0.4130458497247206,
    0.40818944679418573,
    0.404575825562119,
    0.4014816381950152,
    0.3994597243697276,
    0.3976326695543975,
    0.3960161222063977,
    0.39466180078125757,
    0.3935576837524595,
    0.39271079221733,
    0.39220743876672076,
    0.39137908910574176,
    0.39076600362189673,
    0.3901372428232502,
    0.3895566782696916,
    0.38925007445067755,
    0.3888166187544585,
    0.38883341619148554,
    0.3881987308560624,
    0.38828835244706494,
    0.38778926956323767,
    0.38752091955761664,
    0.3871532938932713,
    0.3869507197334832,
    0.3868302814809701,
    0.3868645598059115,
    0.38645737362002197,
    0.38625975936769025,
    0.38634452906993066,
    0.3861002311876169,
    0.3860710143100603,
    0.3859357393306235,
    0.3859837600600578
  ],
  "val_loss": [
    1.80395459323316,
    1.6073088404294607,
    1.4660145197365735,
    1.359188671047623,
    1.2806567908138842,
    1.2147557453529254,
    1.1663890247409407,
    1.114833208757478,
    1.078690361332249,
    1.0473252389882062,
    1.0319433397537954,
    1.0082936268803235,
    0.9838344205070186,
    0.9644837983556696,
    0.9732929864847982,
    0.9606698217826921,
    0.9557414884502823,
    0.9548026715984216,
    0.9474270200809917,
    0.9491546639316791,
    0.9390973666229764,
    0.9368432434024038,
    0.9348688274621964,
    0.9375593976394551,
    0.9355674726334778,
    0.9251967010063094,
    0.931303970314361,
    0.9254384874492079,
    0.9344231335295213,
    0.9275586170119208,
    0.9194081951234792,
    0.9328666534778234,
    0.9263438669008177,
    0.9253782877648199,
    0.9302233250157254,
    0.936125211014941,
    0.9146564635070594,
    0.9214395030930236,
    0.9181920054393846,
    0.9275165689555375,
    0.9221663402544485,
    0.9344379605876433,
    0.93224391300936,
    0.953582707691837,
    0.9190291115963781,
    0.9238315883117754,
    0.9377085407440727
  ],
  "val_mse": [
    1.809590220451355,
    1.6124857664108276,
    1.470937728881836,
    1.3639755249023438,
    1.2853907346725464,
    1.219448447227478,
    1.1710820198059082,
    1.119447112083435,
    1.0832602977752686,
    1.051839828491211,
    1.0364656448364258,
    1.0127404928207397,
    0.988188624382019,
    0.968758761882782,
    0.977642297744751,
    0.9649643898010254,
    0.9600297212600708,
    0.9591069221496582,
    0.9516832828521729,
    0.953399658203125,
    0.9432961940765381,
    0.9409832954406738,
    0.9390419125556946,
    0.9417802691459656,
    0.9397754669189453,
    0.9293313026428223,
    0.9354860186576843,
    0.9295264482498169,
    0.9386619925498962,
    0.9317454099655151,
    0.9235259294509888,
    0.93703693151474,
    0.9305405616760254,
    0.9295393824577332,
    0.9344043731689453,
    0.9403299689292908,
    0.9187362790107727,
    0.9255550503730774,
    0.9222453832626343,
    0.9316961765289307,
    0.9262602925300598,
    0.938669741153717,
    0.9364507794380188,
    0.9579196572303772,
    0.9231260418891907,
    0.9280027747154236,
    0.9419512152671814
  ],
  "val_mae": [
    0.9650697112083435,
    0.9078168869018555,
    0.8636651039123535,
    0.8278931975364685,
    0.7999231815338135,
    0.7757149934768677,
    0.7568404078483582,
    0.7367504835128784,
    0.7217155694961548,
    0.708206295967102,
    0.6999638080596924,
    0.689609944820404,
    0.6790873408317566,
    0.6705841422080994,
    0.6719265580177307,
    0.6667466163635254,
    0.663726270198822,
    0.6625720858573914,
    0.6595417857170105,
    0.6595805287361145,
    0.6554949283599854,
    0.6550659537315369,
    0.653494656085968,
    0.6539173126220703,
    0.6536938548088074,
    0.6492803692817688,
    0.6512814164161682,
    0.6489778161048889,
    0.6514830589294434,
    0.6487777829170227,
    0.646142840385437,
    0.650964617729187,
    0.6493371725082397,
    0.6485003232955933,
    0.649282693862915,
    0.6514438986778259,
    0.6447414755821228,
    0.6462182998657227,
    0.6455664038658142,
    0.6486237645149231,
    0.6477880477905273,
    0.6514196395874023,
    0.6512607932090759,
    0.657658576965332,
    0.646027147769928,
    0.6468237638473511,
    0.6519194841384888
  ],
  "epoch_time": [
    0.659642219543457,
    0.6364243030548096,
    0.626253604888916,
    0.6397378444671631,
    0.6419534683227539,
    0.6613914966583252,
    0.670149564743042,
    0.6551640033721924,
    0.6816487312316895,
    0.6446065902709961,
    0.660226583480835,
    0.6547539234161377,
    0.6384568214416504,
    0.646122932434082,
    0.6367449760437012,
    0.6485912799835205,
    0.6479003429412842,
    0.6399624347686768,
    0.6457858085632324,
    0.6520626544952393,
    0.6478312015533447,
    0.6450488567352295,
    0.6364188194274902,
    0.6374289989471436,
    0.6581995487213135,
    0.6561193466186523,
    0.6618862152099609,
    0.6684150695800781,
    0.6415250301361084,
    0.637803316116333,
    0.6354248523712158,
    0.6377429962158203,
    0.6396791934967041,
    0.6830630302429199,
    0.6593763828277588,
    0.6630170345306396,
    0.6684165000915527,
    0.6611831188201904,
    0.6493680477142334,
    0.6531586647033691,
    0.6499390602111816,
    0.6436982154846191,
    0.6457831859588623,
    0.6592400074005127,
    0.6666605472564697,
    0.6472733020782471,
    0.6941046714782715
  ],
  "lr": [
    4.26301826093852e-06,
    5.049190601854597e-06,
    6.349901286002173e-06,
    8.150895702459219e-06,
    1.043243658375172e-05,
    1.3169520308427252e-05,
    1.6332150918098038e-05,
    1.9885668845974608e-05,
    2.3791130754323496e-05,
    2.8005736318174036e-05,
    3.248329727811184e-05,
    3.717474362176484e-05,
    4.2028661346691635e-05,
    4.699185591127769e-05,
    5.200993519872813e-05,
    5.7027905605399754e-05,
    6.199077472088408e-05,
    6.684415399501359e-05,
    7.153485478710677e-05,
    7.601147126529197e-05,
    8.022494376786171e-05,
    8.41290964527268e-05,
    8.768114334282015e-05,
    9.08421572216499e-05,
    9.357749624033222e-05,
    9.585718356087661e-05,
    9.765623587517755e-05,
    9.89549371994415e-05,
    9.973905494351068e-05,
    9.999999921331496e-05,
    9.99492548135451e-05,
    9.979791966473231e-05,
    9.954629853572624e-05,
    9.919489815799424e-05,
    9.874442620513184e-05,
    9.819578986770209e-05,
    9.755009402627461e-05,
    9.680863902634312e-05,
    9.597291805960273e-05,
    9.504461415686048e-05,
    9.40255967986354e-05,
    9.291791815027341e-05,
    9.172380892915957e-05,
    9.044567391234998e-05,
    8.90860870936709e-05,
    8.764778650003781e-05,
    8.613366867743344e-05
  ]
}