{
  "model": "DLinear",
  "dataset": "ETTh1",
  "seq_len": 336,
  "pred_len": 192,
  "enc_in": 7,
  "test_mse": 0.4910532534122467,
  "test_mae": 0.4719461500644684,
  "test_rmse": 0.7007519006729126,
  "val_mse": 0.9187362790107727,
  "val_mae": 0.6447414755821228,
  "val_rmse": 0.9585072994232178,
  "n_params": 129408,
  "best_epoch": 37,
  "total_epochs_run": 47,
  "total_train_time_sec": 30.829041242599487,
  "avg_epoch_time_sec": 0.6518166978308495,
  "config": {},
  "batch_size": 32,
  "lr": 0.0001,
  "patience": 10,
  "optimizer": "Adam",
  "scheduler": "OneCycleLR",
  "loss": "MSE",
  "train_size": 8640,
  "val_size": 2880,
  "test_size": 5900,
  "channel_names": null,
  "save_artifacts": "standard"
}