{
  "model": "DLinear",
  "dataset": "Weather",
  "seq_len": 336,
  "pred_len": 192,
  "enc_in": 21,
  "test_mse": 0.21814647316932678,
  "test_mae": 0.27596810460090637,
  "test_rmse": 0.46706151962280273,
  "val_mse": 0.5039690136909485,
  "val_mae": 0.3514109253883362,
  "val_rmse": 0.7099077701568604,
  "n_params": 129408,
  "best_epoch": 15,
  "total_epochs_run": 25,
  "total_train_time_sec": 83.43574476242065,
  "avg_epoch_time_sec": 3.3323016452789305,
  "config": {},
  "batch_size": 32,
  "lr": 0.0001,
  "patience": 10,
  "optimizer": "Adam",
  "scheduler": "OneCycleLR",
  "loss": "MSE",
  "train_size": 36887,
  "val_size": 5269,
  "test_size": 10540,
  "channel_names": null,
  "save_artifacts": "standard"
}