{
  "train_loss": [
    0.9958279572820109,
    0.7637073922306432,
    0.695993805059479,
    0.6691614886657589,
    0.6552339140009518,
    0.6457945456506953,
    0.638520037094539,
    0.6328075086303435,
    0.6277149988403269,
    0.6233025308002629,
    0.619212677427655,
    0.6158369494347407,
    0.6125934040631643,
    0.6096523109560464,
    0.6073165799327148,
    0.6053528471436215,
    0.6036312205648721,
    0.6022967335046456,
    0.6013318406512846,
    0.600659759876662,
    0.6003017999744501,
    0.6000711090123685,
    0.5999610801697629,
    0.5998991749401706,
    0.5998223929185756,
    0.5997961783004297,
    0.5999760204281948,
    0.5997716371665798,
    0.5998132880827057,
    0.5998975189004869,
    0.5999552605938336,
    0.5998062716465746,
    0.6000412568330126,
    0.5998973469844985
  ],
  "val_loss": [
    0.7931653500506373,
    0.7311262226465977,
    0.705530800828428,
    0.6920312252460104,
    0.6806366273173781,
    0.6728676050675638,
    0.6646851192821156,
    0.6586033599168966,
    0.6602309757109844,
    0.6514162118687774,
    0.6468422866680406,
    0.6484210044145584,
    0.6505933221090924,
    0.6421799713915045,
    0.6451081351348849,
    0.6463143992604632,
    0.6441845670342445,
    0.6408668584895857,
    0.6413747503450422,
    0.6441569552954399,
    0.6379165599743525,
    0.6490387104903207,
    0.6480802185833454,
    0.6377092668730201,
    0.6453067220070146,
    0.6441805994871891,
    0.6432957730510018,
    0.6383173826969031,
    0.6382466194530328,
    0.6432523275866653,
    0.6400435210177393,
    0.6476155303870187,
    0.64875943879738,
    0.6402621500645623
  ],
  "val_mse": [
    0.7936488389968872,
    0.7316199541091919,
    0.7060173153877258,
    0.6924986243247986,
    0.6810791492462158,
    0.6732923984527588,
    0.6651017665863037,
    0.6590186357498169,
    0.6606490612030029,
    0.6518183946609497,
    0.6472563743591309,
    0.6488363742828369,
    0.6510391235351562,
    0.6425774097442627,
    0.6455192565917969,
    0.6467400789260864,
    0.6446157097816467,
    0.6412675976753235,
    0.6417568325996399,
    0.644594669342041,
    0.6383389234542847,
    0.6494672298431396,
    0.6485043168067932,
    0.6381510496139526,
    0.6457339525222778,
    0.6445848345756531,
    0.6437107920646667,
    0.6387841105461121,
    0.6386440992355347,
    0.6436794400215149,
    0.640470564365387,
    0.6480583548545837,
    0.6491749882698059,
    0.6406745910644531
  ],
  "val_mae": [
    0.5330212712287903,
    0.4953482747077942,
    0.47757869958877563,
    0.4682340919971466,
    0.4609397351741791,
    0.45604208111763,
    0.45188483595848083,
    0.44910386204719543,
    0.4494514465332031,
    0.44560202956199646,
    0.4441414177417755,
    0.4446122348308563,
    0.4459148645401001,
    0.4415339231491089,
    0.4425128698348999,
    0.44332656264305115,
    0.4425896406173706,
    0.4411320090293884,
    0.4404725432395935,
    0.44192495942115784,
    0.44039595127105713,
    0.44418638944625854,
    0.44318100810050964,
    0.439093679189682,
    0.44281595945358276,
    0.44158935546875,
    0.4415466785430908,
    0.4399877190589905,
    0.4397754669189453,
    0.44161710143089294,
    0.4391225576400757,
    0.44414186477661133,
    0.4439120292663574,
    0.4402756094932556
  ],
  "epoch_time": [
    4.348784446716309,
    4.359225034713745,
    4.343785285949707,
    4.37915563583374,
    4.38399863243103,
    4.372157335281372,
    4.389411449432373,
    4.409644603729248,
    4.337585687637329,
    4.433091640472412,
    4.356426477432251,
    4.335416316986084,
    4.387009382247925,
    4.368820667266846,
    4.416923999786377,
    4.477272987365723,
    4.4051618576049805,
    4.419137239456177,
    4.3752524852752686,
    4.3539955615997314,
    4.3608551025390625,
    4.3695433139801025,
    4.304232835769653,
    4.407566785812378,
    4.3127830028533936,
    4.325748682022095,
    4.387130975723267,
    4.357143402099609,
    4.3361451625823975,
    4.441317319869995,
    4.364084482192993,
    4.425974369049072,
    4.412604570388794,
    4.346764802932739
  ],
  "lr": [
    4.262964674417409e-06,
    5.0489774301699605e-06,
    6.34942603440749e-06,
    8.150061651971256e-06,
    1.0431154967906382e-05,
    1.3167712358831975e-05,
    1.632974974460936e-05,
    1.9882621119753256e-05,
    2.3787398164913157e-05,
    2.8001296779074357e-05,
    3.2478145859024345e-05,
    3.716889318973289e-05,
    4.202214290267526e-05,
    4.698471861324185e-05,
    5.200224606701595e-05,
    5.701974891094501e-05,
    6.198225106162305e-05,
    6.683537907061892e-05,
    7.15259578868163e-05,
    7.600259348808055e-05,
    8.021623599843789e-05,
    8.412071712076964e-05,
    8.767325599644655e-05,
    9.08349279492687e-05,
    9.357109097774906e-05,
    9.58517653227236e-05,
    9.76519619514182e-05,
    9.895195635881822e-05,
    9.97375046863367e-05,
    9.999999995978559e-05,
    9.994956351862601e-05,
    9.979853570673254e-05,
    9.954722067401917e-05,
    9.91961245355161e-05
  ]
}