{
  "train_loss": [
    0.8924932763934021,
    0.5884920598613499,
    0.5038057333703483,
    0.45932659054212377,
    0.4357748881850566,
    0.42345522225984755,
    0.4166034758090973,
    0.4125253701335266,
    0.4099563486027285,
    0.4081757762882976,
    0.40687527953724467,
    0.4058885375374026,
    0.4051699344897794,
    0.4045876818491144,
    0.4041207558559939,
    0.40367926650083735,
    0.4033465199848528,
    0.4031153430000531,
    0.4028361825398752,
    0.4026899020674122,
    0.4025170284447037,
    0.40238891073716976,
    0.4022682872462979,
    0.40217390175421347,
    0.40214000441624986,
    0.40205750757438746,
    0.40213318056682235,
    0.40202808889641345,
    0.40201387720212783
  ],
  "val_loss": [
    1.3173286198842815,
    1.1314109364842497,
    1.0152533134763562,
    0.9502370197598528,
    0.9239784168851811,
    0.9081221871168875,
    0.904672897352678,
    0.8984561789689994,
    0.9018960331180473,
    0.9018827391016048,
    0.8842759362262923,
    0.8930722397365948,
    0.8936993745042057,
    0.8955286706729633,
    0.8891718523440565,
    0.8847942309136071,
    0.895310603945357,
    0.9095323690008826,
    0.8764351525957265,
    0.9010370483667385,
    0.9039624816760784,
    0.8815390214142276,
    0.8992316639277993,
    0.8848836720898384,
    0.8895690767775949,
    0.8947984156448666,
    0.8865724386329331,
    0.893144008362802,
    0.9027226317401339
  ],
  "val_mse": [
    1.3194310665130615,
    1.1333448886871338,
    1.0170685052871704,
    0.9519767165184021,
    0.9256868958473206,
    0.9098026752471924,
    0.9063498377799988,
    0.9001137614250183,
    0.903573751449585,
    0.9035450220108032,
    0.8858888149261475,
    0.8947123885154724,
    0.8953381776809692,
    0.8971632719039917,
    0.8907908201217651,
    0.886398196220398,
    0.8969371318817139,
    0.9111973643302917,
    0.878021776676178,
    0.9026871919631958,
    0.9056351184844971,
    0.8831245303153992,
    0.9008790254592896,
    0.8864892721176147,
    0.8911798000335693,
    0.89643794298172,
    0.8881882429122925,
    0.8947620391845703,
    0.904363214969635
  ],
  "val_mae": [
    0.8169339299201965,
    0.7435591220855713,
    0.6922047734260559,
    0.660799503326416,
    0.6455619931221008,
    0.6370435953140259,
    0.6336195468902588,
    0.6306098699569702,
    0.6301097869873047,
    0.6296672224998474,
    0.6245556473731995,
    0.6263527274131775,
    0.6262282729148865,
    0.6267228126525879,
    0.6245297193527222,
    0.623056948184967,
    0.6254345774650574,
    0.6292704343795776,
    0.6210232973098755,
    0.6266855001449585,
    0.6273426413536072,
    0.6218164563179016,
    0.6262667775154114,
    0.6228101253509521,
    0.6238990426063538,
    0.6246041059494019,
    0.6224876046180725,
    0.6241488456726074,
    0.6264400482177734
  ],
  "epoch_time": [
    3.4745848178863525,
    3.581613302230835,
    3.6739978790283203,
    3.631828546524048,
    3.6138765811920166,
    3.6852433681488037,
    3.673203945159912,
    3.606259822845459,
    3.596317768096924,
    3.713104724884033,
    3.59383225440979,
    3.5931499004364014,
    3.694934129714966,
    3.630160331726074,
    3.5557875633239746,
    3.5886220932006836,
    3.630720853805542,
    3.596674919128418,
    3.584718704223633,
    3.665778636932373,
    3.6068851947784424,
    3.583589553833008,
    3.5955774784088135,
    3.662372589111328,
    3.627805709838867,
    3.656463623046875,
    3.6510558128356934,
    3.6271111965179443,
    3.6168570518493652
  ],
  "lr": [
    4.262965750830537e-06,
    5.0489817122342605e-06,
    6.3494355809838555e-06,
    8.150078405911966e-06,
    1.0431180712333819e-05,
    1.3167748676052351e-05,
    1.632979797834765e-05,
    1.9882682341347145e-05,
    2.3787473144045435e-05,
    2.800138595955634e-05,
    3.24782493400688e-05,
    3.71690107130736e-05,
    4.202227384580323e-05,
    4.698486198893786e-05,
    5.200240052926407e-05,
    5.7019912767216076e-05,
    6.19824222914208e-05,
    6.68355553500851e-05,
    7.15261366190984e-05,
    7.600277183907584e-05,
    8.021641093744175e-05,
    8.412088546547816e-05,
    8.76734144616908e-05,
    9.083507319879477e-05,
    9.357121967830372e-05,
    9.585187419966074e-05,
    9.765204784500775e-05,
    9.895201628041666e-05,
    9.973753587356775e-05
  ]
}