{
  "model": "DLinear",
  "dataset": "ETTm1",
  "seq_len": 336,
  "pred_len": 720,
  "enc_in": 7,
  "test_mse": 0.5120843052864075,
  "test_mae": 0.4728640913963318,
  "test_rmse": 0.7156006693840027,
  "val_mse": 0.878021776676178,
  "val_mae": 0.6210232973098755,
  "val_rmse": 0.937028169631958,
  "n_params": 485280,
  "best_epoch": 19,
  "total_epochs_run": 29,
  "total_train_time_sec": 105.13713049888611,
  "avg_epoch_time_sec": 3.621107874245479,
  "config": {},
  "batch_size": 32,
  "lr": 0.0001,
  "patience": 10,
  "optimizer": "Adam",
  "scheduler": "OneCycleLR",
  "loss": "MSE",
  "train_size": 34560,
  "val_size": 11520,
  "test_size": 23600,
  "channel_names": null,
  "save_artifacts": "standard"
}