{
  "train_loss": [
    0.970508789615648,
    0.7224509186917548,
    0.6506086402135439,
    0.6204708611459251,
    0.604643365485177,
    0.5939283110366049,
    0.586009478774564,
    0.5795229112121724,
    0.5742007237319711,
    0.5695065927916559,
    0.5654225836118484,
    0.5615127516151213,
    0.5584454673987168,
    0.555348407183992,
    0.5531531242171186,
    0.5507735881154038,
    0.5492410639500217,
    0.5480584394183441,
    0.5471358715591971,
    0.5464931009987832,
    0.5460223273088403,
    0.5456882734461025,
    0.5456665310050195,
    0.5455409365086088,
    0.5455946323884261,
    0.5455123067007562,
    0.5454526742826407,
    0.5454464815128809,
    0.5454704233179253,
    0.5455609801909652,
    0.5456341550900385,
    0.5454699793924387,
    0.5454830995025517,
    0.5456495487141884,
    0.5455180988914665,
    0.5452159383885108,
    0.5455654173641474,
    0.5454892597822464,
    0.5455033121701366,
    0.5454776762440392
  ],
  "val_loss": [
    0.7409237797061602,
    0.6711772505400909,
    0.6395408150015606,
    0.621153282519016,
    0.607963983900845,
    0.5994114457733102,
    0.5914066960621212,
    0.5872508694107333,
    0.5812905361461971,
    0.5801434910131825,
    0.5751466389952434,
    0.5749726639025741,
    0.5722695359339317,
    0.5685348870853583,
    0.5774415141592423,
    0.5693126164583696,
    0.5657221556951603,
    0.5738763716071844,
    0.5666597468985451,
    0.572630680580106,
    0.5639559244737029,
    0.5709635661914945,
    0.5679444253651632,
    0.5690613479043046,
    0.5705519504845142,
    0.5711282642765177,
    0.5645711878314614,
    0.5665473576842083,
    0.5675374592343966,
    0.5611978312954307,
    0.5710020911776357,
    0.5680971401226189,
    0.5658276495006349,
    0.575693785937296,
    0.5745072536584404,
    0.5669114669370983,
    0.5717052886676457,
    0.5694327056407928,
    0.5770055044235455,
    0.5689452041147484
  ],
  "val_mse": [
    0.7417707443237305,
    0.6719143390655518,
    0.6402533650398254,
    0.6218754649162292,
    0.6086940169334412,
    0.600143551826477,
    0.5921435952186584,
    0.5879805684089661,
    0.5820316672325134,
    0.5808766484260559,
    0.5758808851242065,
    0.5757129192352295,
    0.5730066895484924,
    0.5692869424819946,
    0.5781655311584473,
    0.5700625777244568,
    0.5664800405502319,
    0.5746088624000549,
    0.5674045085906982,
    0.573360025882721,
    0.5647216439247131,
    0.5717024207115173,
    0.5687001943588257,
    0.5698075294494629,
    0.5712835192680359,
    0.5718762874603271,
    0.5653354525566101,
    0.5673020482063293,
    0.5683030486106873,
    0.5619651079177856,
    0.57175213098526,
    0.5688429474830627,
    0.566586971282959,
    0.5764344334602356,
    0.5752422213554382,
    0.5676607489585876,
    0.5724424719810486,
    0.5701841711997986,
    0.5777314901351929,
    0.5696935057640076
  ],
  "val_mae": [
    0.5100014209747314,
    0.4643680453300476,
    0.44099414348602295,
    0.4276435077190399,
    0.418567031621933,
    0.41273966431617737,
    0.4077814519405365,
    0.4054138660430908,
    0.4021674692630768,
    0.4015635550022125,
    0.40028369426727295,
    0.39932048320770264,
    0.3987109661102295,
    0.3962353765964508,
    0.39958661794662476,
    0.3964688777923584,
    0.39519956707954407,
    0.39761796593666077,
    0.39527463912963867,
    0.39772993326187134,
    0.39434391260147095,
    0.3969361186027527,
    0.39498937129974365,
    0.39603427052497864,
    0.3966912031173706,
    0.3964086174964905,
    0.39518260955810547,
    0.3947216868400574,
    0.39420485496520996,
    0.39399847388267517,
    0.3962595462799072,
    0.39500758051872253,
    0.3957051932811737,
    0.39730674028396606,
    0.3976234197616577,
    0.3954760730266571,
    0.39653101563453674,
    0.3948843479156494,
    0.3982054591178894,
    0.39646241068840027
  ],
  "epoch_time": [
    3.750127077102661,
    3.753694772720337,
    3.743043899536133,
    3.7410781383514404,
    3.7693753242492676,
    3.7460503578186035,
    3.7477691173553467,
    3.8169286251068115,
    3.752824306488037,
    3.749856948852539,
    3.7514545917510986,
    3.7139317989349365,
    3.761174201965332,
    3.723728656768799,
    3.743391275405884,
    3.7675697803497314,
    3.786849021911621,
    3.7944204807281494,
    3.7570672035217285,
    3.800394058227539,
    3.7768702507019043,
    3.727952480316162,
    3.71516752243042,
    3.7683019638061523,
    3.7259974479675293,
    3.7048943042755127,
    3.710437774658203,
    3.7400386333465576,
    3.7500827312469482,
    3.723752021789551,
    3.7867791652679443,
    3.7471444606781006,
    3.713961362838745,
    3.7509779930114746,
    3.7465531826019287,
    3.762465476989746,
    3.7601277828216553,
    3.741131067276001,
    3.727656841278076,
    3.739776372909546
  ],
  "lr": [
    4.262964508340106e-06,
    5.048976769500118e-06,
    6.349424561488196e-06,
    8.150059067044206e-06,
    1.0431150995857604e-05,
    1.3167706755530921e-05,
    1.6329742302735513e-05,
    1.9882611674012016e-05,
    2.3787386596551478e-05,
    2.800128301961708e-05,
    3.247812989316351e-05,
    3.716887505731507e-05,
    4.202212269974512e-05,
    4.698469649211432e-05,
    5.2002222235363834e-05,
    5.701972362990376e-05,
    6.198222464292949e-05,
    6.683535187281485e-05,
    7.152593031056329e-05,
    7.600256597064502e-05,
    8.021620900741961e-05,
    8.41206911471585e-05,
    8.767323154710332e-05,
    9.08349055389362e-05,
    9.35710711207074e-05,
    9.585174852421077e-05,
    9.765194869894235e-05,
    9.895194711349124e-05,
    9.973749987436056e-05,
    9.999999996063441e-05,
    9.994956447405916e-05,
    9.979853761482589e-05,
    9.954722353093007e-05,
    9.919612833549111e-05,
    9.874595908750798e-05,
    9.81976223679364e-05,
    9.755222245395547e-05,
    9.681105909510045e-05,
    9.597562489574014e-05,
    9.504760230917022e-05
  ]
}