{
  "train_loss": [
    0.9660756026565189,
    0.6944118222143029,
    0.6148042338834682,
    0.5804553026936843,
    0.5627669766020607,
    0.5507446395259508,
    0.541772341749198,
    0.5347670960489294,
    0.5289824724354795,
    0.523949510562168,
    0.5195252823341691,
    0.5157098707178949,
    0.512366847095775,
    0.5094951564892077,
    0.5069900019828912,
    0.5048476726236478,
    0.5031687987207527,
    0.5018672825322604,
    0.5008812016532035,
    0.5001592691987753,
    0.4998013925227061,
    0.4995459299534559,
    0.49927229074839974,
    0.49919700955735963,
    0.49924182603266876
  ],
  "val_loss": [
    0.7003636126150221,
    0.6200767622498058,
    0.5820728155390528,
    0.5601669281921131,
    0.5475804039695918,
    0.5364965664460355,
    0.5292469653607215,
    0.522488246628102,
    0.5188568765485047,
    0.5147547122316073,
    0.5104994455339925,
    0.5103268100811331,
    0.5083297441069712,
    0.5063381927125405,
    0.5020120512919138,
    0.505897597078509,
    0.5055353213476654,
    0.5036463010431136,
    0.5033600304350757,
    0.5045092824921512,
    0.5068530585841845,
    0.505430579135482,
    0.5047152578430688,
    0.5057428781218176,
    0.5098142351880169
  ],
  "val_mse": [
    0.702961266040802,
    0.6223740577697754,
    0.5842235088348389,
    0.5622475147247314,
    0.5496175289154053,
    0.5384957790374756,
    0.5312241911888123,
    0.5244409441947937,
    0.5208081007003784,
    0.5167115330696106,
    0.5124470591545105,
    0.5122743844985962,
    0.5102784633636475,
    0.5082903504371643,
    0.5039690136909485,
    0.5078566670417786,
    0.5074949860572815,
    0.5055983662605286,
    0.5053199529647827,
    0.5064568519592285,
    0.5088094472885132,
    0.5073837041854858,
    0.5066729187965393,
    0.5077046155929565,
    0.5117742419242859
  ],
  "val_mae": [
    0.4879439175128937,
    0.43425190448760986,
    0.4051664471626282,
    0.38863879442214966,
    0.37805211544036865,
    0.3703872561454773,
    0.3652766942977905,
    0.3616310954093933,
    0.35934969782829285,
    0.35685431957244873,
    0.3560796082019806,
    0.3551945388317108,
    0.3534175157546997,
    0.35234764218330383,
    0.3514109253883362,
    0.35175877809524536,
    0.35214918851852417,
    0.3505708575248718,
    0.3499070703983307,
    0.35101553797721863,
    0.35069456696510315,
    0.35016798973083496,
    0.3501046299934387,
    0.3494407534599304,
    0.350905179977417
  ],
  "epoch_time": [
    3.300708770751953,
    3.331801652908325,
    3.3107500076293945,
    3.385244369506836,
    3.3049800395965576,
    3.3135464191436768,
    3.3050575256347656,
    3.4067063331604004,
    3.3578672409057617,
    3.3412015438079834,
    3.347806930541992,
    3.3452703952789307,
    3.3193695545196533,
    3.3580129146575928,
    3.3519256114959717,
    3.3329427242279053,
    3.3216865062713623,
    3.3195180892944336,
    3.3480663299560547,
    3.317878007888794,
    3.314697742462158,
    3.337339401245117,
    3.331002950668335,
    3.2802631855010986,
    3.323896884918213
  ],
  "lr": [
    4.262964440176817e-06,
    5.0489764983407075e-06,
    6.34942395695635e-06,
    8.150058006109852e-06,
    1.043114936560537e-05,
    1.3167704455762053e-05,
    1.6329739248359195e-05,
    1.9882607797186167e-05,
    2.3787381848536156e-05,
    2.8001277372307893e-05,
    3.2478123340277536e-05,
    3.716886761520655e-05,
    4.20221144078337e-05,
    4.6984687412914706e-05,
    5.200221245411131e-05,
    5.7019713253776385e-05,
    6.198221379987366e-05,
    6.683534070998721e-05,
    7.152591899240768e-05,
    7.600255467662914e-05,
    8.021619792946089e-05,
    8.412068048677431e-05,
    8.767322151232514e-05,
    9.083489634103046e-05,
    9.357106297075062e-05
  ]
}