{
  "train_loss": [
    1.1517252512118987,
    0.9567719856394997,
    0.8255221863839194,
    0.7381080119921688,
    0.6830202761078685,
    0.6483764585563402,
    0.6247179782340295,
    0.606474888224139,
    0.5915050564435967,
    0.5790914601414515,
    0.5685658639744867,
    0.5595796465370726,
    0.5519120000334229,
    0.5453770901331921,
    0.5399260016684794,
    0.5355847930606408,
    0.5320287795760964,
    0.5293000643514882,
    0.5271123953257935,
    0.5253437951144286,
    0.5240351884676937,
    0.522838078596421,
    0.5219529422023629,
    0.521142458739663,
    0.5202912658075743,
    0.5201877962939346,
    0.5192047339954456,
    0.5187031781371636,
    0.5184123003030126,
    0.5180186946180803,
    0.5175567782377894,
    0.517277386118088,
    0.5169608400592322,
    0.5166797094707247,
    0.516408477654437
  ],
  "val_loss": [
    1.7816113439099541,
    1.6158269027183796,
    1.494871035732072,
    1.4090126783683383,
    1.3448403600988716,
    1.2916059792041779,
    1.2500968986544116,
    1.2270427962829327,
    1.1955845993140648,
    1.1843549043967807,
    1.1658790728141522,
    1.1581208931988682,
    1.1418968428825509,
    1.1326088309288025,
    1.1306523588196984,
    1.117404967546463,
    1.1128095635052384,
    1.1075989675932918,
    1.1102152312624043,
    1.1097395646161046,
    1.1036647712362224,
    1.1149296945539013,
    1.1064137199829365,
    1.1185230026985038,
    1.0912354824871853,
    1.1125358990554153,
    1.1012886731789029,
    1.1046542956911285,
    1.1039128591274392,
    1.0926095802208473,
    1.0995485299620136,
    1.1074119785736347,
    1.1263221317324146,
    1.104238663254113,
    1.1001688149468651
  ],
  "val_mse": [
    1.7906328439712524,
    1.623975157737732,
    1.5023449659347534,
    1.4159473180770874,
    1.3512951135635376,
    1.2975976467132568,
    1.255736231803894,
    1.2325025796890259,
    1.2008600234985352,
    1.1895506381988525,
    1.1709660291671753,
    1.1632030010223389,
    1.1468596458435059,
    1.1376023292541504,
    1.1356122493743896,
    1.1222583055496216,
    1.117661952972412,
    1.112443447113037,
    1.1149165630340576,
    1.1145710945129395,
    1.1084076166152954,
    1.1197640895843506,
    1.1111277341842651,
    1.1231684684753418,
    1.0960466861724854,
    1.1173709630966187,
    1.105844259262085,
    1.1094099283218384,
    1.108691930770874,
    1.0975122451782227,
    1.104289174079895,
    1.11212158203125,
    1.1312793493270874,
    1.109121322631836,
    1.1048259735107422
  ],
  "val_mae": [
    0.973928689956665,
    0.9248403906822205,
    0.886559009552002,
    0.8579874038696289,
    0.8361914157867432,
    0.8178075551986694,
    0.8028006553649902,
    0.7933000326156616,
    0.7807307839393616,
    0.7742652297019958,
    0.7660350203514099,
    0.7611242532730103,
    0.7538565397262573,
    0.7493153810501099,
    0.7474881410598755,
    0.7419220209121704,
    0.7394037246704102,
    0.7367457151412964,
    0.7376217246055603,
    0.7368322014808655,
    0.7341774106025696,
    0.7376812100410461,
    0.7350761890411377,
    0.7383372783660889,
    0.7294126749038696,
    0.7361197471618652,
    0.7320321798324585,
    0.733645498752594,
    0.7330515384674072,
    0.7296558618545532,
    0.7308715581893921,
    0.7332357168197632,
    0.7395671010017395,
    0.732937753200531,
    0.7320802807807922
  ],
  "epoch_time": [
    0.7726550102233887,
    0.7643013000488281,
    0.7723605632781982,
    0.7710106372833252,
    0.7714269161224365,
    0.7687482833862305,
    0.7854015827178955,
    0.7619011402130127,
    0.7682151794433594,
    0.7624797821044922,
    0.7699105739593506,
    0.7693445682525635,
    0.7782397270202637,
    0.7746195793151855,
    0.7713589668273926,
    0.7670998573303223,
    0.7680215835571289,
    0.7975654602050781,
    0.7820475101470947,
    0.8030102252960205,
    0.7690534591674805,
    0.7824170589447021,
    0.7683367729187012,
    0.7590548992156982,
    0.7568120956420898,
    0.7659335136413574,
    0.7763524055480957,
    0.7701241970062256,
    0.7815301418304443,
    0.7785947322845459,
    0.7733843326568604,
    0.7668209075927734,
    0.7563431262969971,
    0.7910902500152588,
    0.8011407852172852
  ],
  "lr": [
    4.2630229362605396e-06,
    5.049209200667218e-06,
    6.349942750731989e-06,
    8.15096847155364e-06,
    1.0432548401741659e-05,
    1.316967804743975e-05,
    1.6332360413800535e-05,
    1.9885934750721532e-05,
    2.3791456410022843e-05,
    2.800612365110207e-05,
    3.2483746717579595e-05,
    3.717525404418823e-05,
    4.2029230046239125e-05,
    4.699247859787404e-05,
    5.20106060237829e-05,
    5.702861721521188e-05,
    6.199151833725437e-05,
    6.684491952218164e-05,
    7.153563094372241e-05,
    7.601224573974152e-05,
    8.022570339489907e-05,
    8.412982740901727e-05,
    8.768183135869111e-05,
    9.084278780606844e-05,
    9.35780549158917e-05,
    9.585765610538247e-05,
    9.765660856627562e-05,
    9.895519705863543e-05,
    9.973918997586798e-05,
    9.999999910351042e-05,
    9.994922783944542e-05,
    9.979786588065973e-05,
    9.954621804999467e-05,
    9.91947911326913e-05,
    9.874429285579222e-05
  ]
}