{
  "model": "DLinear",
  "dataset": "ETTh1",
  "seq_len": 336,
  "pred_len": 720,
  "enc_in": 7,
  "test_mse": 0.6415776610374451,
  "test_mae": 0.5790198445320129,
  "test_rmse": 0.8009854555130005,
  "val_mse": 1.0960466861724854,
  "val_mae": 0.7294126749038696,
  "val_rmse": 1.0469224452972412,
  "n_params": 485280,
  "best_epoch": 25,
  "total_epochs_run": 35,
  "total_train_time_sec": 27.319954872131348,
  "avg_epoch_time_sec": 0.7736202035631452,
  "config": {},
  "batch_size": 32,
  "lr": 0.0001,
  "patience": 10,
  "optimizer": "Adam",
  "scheduler": "OneCycleLR",
  "loss": "MSE",
  "train_size": 8640,
  "val_size": 2880,
  "test_size": 5900,
  "channel_names": null,
  "save_artifacts": "standard"
}