{
  "model": "DLinear",
  "dataset": "Weather",
  "seq_len": 336,
  "pred_len": 720,
  "enc_in": 21,
  "test_mse": 0.32846176624298096,
  "test_mae": 0.3678373396396637,
  "test_rmse": 0.5731158256530762,
  "val_mse": 0.6381510496139526,
  "val_mae": 0.439093679189682,
  "val_rmse": 0.7988435626029968,
  "n_params": 485280,
  "best_epoch": 24,
  "total_epochs_run": 34,
  "total_train_time_sec": 148.9748125076294,
  "avg_epoch_time_sec": 4.376592692206888,
  "config": {},
  "batch_size": 32,
  "lr": 0.0001,
  "patience": 10,
  "optimizer": "Adam",
  "scheduler": "OneCycleLR",
  "loss": "MSE",
  "train_size": 36887,
  "val_size": 5269,
  "test_size": 10540,
  "channel_names": null,
  "save_artifacts": "standard"
}