{
  "train_loss": [
    0.7511449552387502,
    0.47539333563025404,
    0.38961738658331574,
    0.3409435147276291,
    0.3143605288069199,
    0.2995060533844284,
    0.2905248026826592,
    0.2844295888076804,
    0.2802759091078005,
    0.2773002077446199,
    0.2751418960334883,
    0.2736928412519521,
    0.2725797711153415,
    0.2718168714871773,
    0.2712747458417465,
    0.27083497413383417,
    0.2704960941206,
    0.27024219930171967,
    0.27000830576914114,
    0.2698748060563268,
    0.26969207311660665,
    0.26962525250764097,
    0.2695400520012929,
    0.26947977451177746,
    0.26941448387184913,
    0.2693502921436338,
    0.26936697733446985,
    0.2693859882666738,
    0.26933627431656587,
    0.26934457559131547,
    0.2692598586318417,
    0.26935554504059045,
    0.26928468448359794,
    0.2693198225958933,
    0.2693076806516853,
    0.2692094557895893,
    0.26922282707959583
  ],
  "val_loss": [
    0.9265183523855567,
    0.6926088061301784,
    0.5530274074084477,
    0.4776057868508853,
    0.44055277905735574,
    0.42198494501862815,
    0.41126703320645464,
    0.40410070784754987,
    0.4016480524339834,
    0.39556903206348765,
    0.3939381608208078,
    0.39176836374728413,
    0.39057458520622695,
    0.39095762377384763,
    0.3894119491473227,
    0.3859219609059243,
    0.38958584224155723,
    0.38761744925199393,
    0.38758105022419426,
    0.38594382756553397,
    0.3889842801955488,
    0.39136312892311587,
    0.386705124691687,
    0.38873424407856955,
    0.38582090493452653,
    0.3842556652121826,
    0.38296563165418007,
    0.3920458029064562,
    0.38925219880100287,
    0.3852128942177687,
    0.39797035690601,
    0.38583814748898365,
    0.38520891495285187,
    0.3907253692833766,
    0.38817315032270866,
    0.385118800255682,
    0.3870448388631646
  ],
  "val_mse": [
    0.927003800868988,
    0.6930357813835144,
    0.5534136295318604,
    0.47795772552490234,
    0.44088059663772583,
    0.4223039150238037,
    0.4115804135799408,
    0.4044158458709717,
    0.40196606516838074,
    0.3958812654018402,
    0.39425551891326904,
    0.3920849859714508,
    0.3908921480178833,
    0.391277551651001,
    0.3897331655025482,
    0.38623249530792236,
    0.389906108379364,
    0.3879370391368866,
    0.3879068195819855,
    0.3862590789794922,
    0.38930603861808777,
    0.3916793465614319,
    0.3870171308517456,
    0.3890557289123535,
    0.3861316740512848,
    0.3845774829387665,
    0.38328319787979126,
    0.3923727571964264,
    0.3895788788795471,
    0.3855345845222473,
    0.39829015731811523,
    0.3861551880836487,
    0.3855222165584564,
    0.3910443186759949,
    0.38848668336868286,
    0.38543516397476196,
    0.387370228767395
  ],
  "val_mae": [
    0.6775553822517395,
    0.580872654914856,
    0.5142020583152771,
    0.47229182720184326,
    0.4492279291152954,
    0.4366849660873413,
    0.42884233593940735,
    0.42387017607688904,
    0.4213700592517853,
    0.4172014594078064,
    0.41574013233184814,
    0.41449782252311707,
    0.4129672348499298,
    0.41360238194465637,
    0.4142906665802002,
    0.41149282455444336,
    0.4122954308986664,
    0.41254663467407227,
    0.4109134376049042,
    0.41115203499794006,
    0.41102728247642517,
    0.4120398163795471,
    0.40973469614982605,
    0.4114494323730469,
    0.4101165533065796,
    0.4111771583557129,
    0.40931436419487,
    0.4123314321041107,
    0.4108705520629883,
    0.40925392508506775,
    0.41468000411987305,
    0.4089755713939667,
    0.4081924855709076,
    0.41152945160865784,
    0.4094404876232147,
    0.4094637632369995,
    0.41064417362213135
  ],
  "epoch_time": [
    2.603804349899292,
    2.594569206237793,
    2.607830286026001,
    2.6108927726745605,
    2.6493148803710938,
    2.6253597736358643,
    2.607816696166992,
    2.6253602504730225,
    2.6757712364196777,
    2.6527767181396484,
    2.632350444793701,
    2.587996006011963,
    2.572870969772339,
    2.622854709625244,
    2.638468027114868,
    2.6389336585998535,
    2.5923852920532227,
    2.589198350906372,
    2.6169354915618896,
    2.6211678981781006,
    2.5887110233306885,
    2.5771372318267822,
    2.5741865634918213,
    2.6208674907684326,
    2.609588623046875,
    2.60591983795166,
    2.573056221008301,
    2.6660971641540527,
    2.6362385749816895,
    2.581019878387451,
    2.595547914505005,
    2.5869669914245605,
    2.6484131813049316,
    2.6194558143615723,
    2.613144636154175,
    2.6146461963653564,
    2.600194215774536
  ],
  "lr": [
    4.262965452653676e-06,
    5.0489805260610035e-06,
    6.349432936489816e-06,
    8.150073764908361e-06,
    1.0431173580878616e-05,
    1.3167738615831642e-05,
    1.63297846171369e-05,
    1.9882665382375876e-05,
    2.3787452374104574e-05,
    2.800136125570648e-05,
    3.247822067482777e-05,
    3.7168978157984454e-05,
    4.202223757330787e-05,
    4.698482227250656e-05,
    5.2002357741757266e-05,
    5.7019867377481814e-05,
    6.198237485915715e-05,
    6.683550651902427e-05,
    7.152608710859464e-05,
    7.600272243420391e-05,
    8.021636247773688e-05,
    8.412083883246993e-05,
    8.76733705654031e-05,
    9.08350329634024e-05,
    9.357118402714994e-05,
    9.585184403985378e-05,
    9.765202405182267e-05,
    9.895199968173558e-05,
    9.973752723459417e-05,
    9.999999995568737e-05,
    9.994955904136908e-05,
    9.979852676533351e-05,
    9.954720728648481e-05,
    9.919610672880714e-05,
    9.874593216209827e-05,
    9.819759017802514e-05,
    9.755218506436888e-05
  ]
}