{
  "train_loss": [
    1.1002296938095242,
    0.85933728213422,
    0.7015200415626168,
    0.5995797364739701,
    0.5358440558193251,
    0.49551800871267915,
    0.4670532305026427,
    0.44464256113860756,
    0.4264739314094186,
    0.411108753294684,
    0.397743301698938,
    0.3867363663157448,
    0.3773286567302421,
    0.3691199484746903,
    0.36274049151688814,
    0.3576420780736953,
    0.3534175130771473,
    0.3500737377908081,
    0.3473196695558727,
    0.34550218761432916,
    0.34378310665488243,
    0.34225473646074533,
    0.3411421696655452,
    0.3401144905947149,
    0.3395948426332325,
    0.3388757819775492,
    0.3382187063107267,
    0.33743492863141,
    0.33720231463667005,
    0.33669396059121937,
    0.3363829670706764,
    0.33611294289585203,
    0.3355839247815311,
    0.3354381361277774,
    0.3350906308623962,
    0.33496875839773566,
    0.33471665828255937,
    0.33435019239550456,
    0.33414555457420647,
    0.33408822887577116,
    0.33392660540994257,
    0.3334286992903799,
    0.33352395705878735,
    0.3332955689402297,
    0.33300818246789277,
    0.3330425890162587,
    0.33295256696874276,
    0.33286339219193906,
    0.33281516312854365,
    0.3329008229775354,
    0.3327603387879208,
    0.33265812415629625
  ],
  "val_loss": [
    1.669975412356389,
    1.4719509048895403,
    1.326279879003376,
    1.2125309419322323,
    1.1198794984972322,
    1.0430596656613536,
    0.9784910674993094,
    0.9212220537585097,
    0.8781725412065332,
    0.8383232985998129,
    0.8110831964325596,
    0.7852571730489855,
    0.7646965779267348,
    0.7517688454358609,
    0.7357752019321764,
    0.7249433502748415,
    0.7199749695016192,
    0.717431721168679,
    0.7139139906926588,
    0.7106687274652642,
    0.7141893762466195,
    0.6974749750905223,
    0.7009146907306337,
    0.6973976235498082,
    0.7039231236104841,
    0.689701591606264,
    0.7020829199002935,
    0.6891464709074466,
    0.7057287143422412,
    0.6956770320410852,
    0.6965870453746288,
    0.6875581473305628,
    0.6902380867244361,
    0.6994333074657948,
    0.6807641614373628,
    0.6911264337696038,
    0.6941496872089126,
    0.6930920455556411,
    0.7000471529635516,
    0.6844716732958694,
    0.695047457593602,
    0.6794889607019239,
    0.6903451362794096,
    0.6925399922705316,
    0.6905101036483591,
    0.6983523667826281,
    0.6929121227426962,
    0.6893643764899923,
    0.6909688758579168,
    0.6938151830396095,
    0.69512032059493,
    0.6968909666522757
  ],
  "val_mse": [
    1.6744024753570557,
    1.476104497909546,
    1.3302583694458008,
    1.2163442373275757,
    1.1235058307647705,
    1.046474575996399,
    0.981697678565979,
    0.9242118000984192,
    0.880997359752655,
    0.8409876823425293,
    0.813654899597168,
    0.7877377271652222,
    0.7670876979827881,
    0.7541022896766663,
    0.7380541563034058,
    0.7271796464920044,
    0.7221824526786804,
    0.71961909532547,
    0.7160958647727966,
    0.7128580808639526,
    0.7163861989974976,
    0.6995696425437927,
    0.7030460834503174,
    0.6995338797569275,
    0.7060905694961548,
    0.6917952299118042,
    0.7042467594146729,
    0.6912857890129089,
    0.7079275846481323,
    0.6978569626808167,
    0.698729395866394,
    0.6896589398384094,
    0.6923494338989258,
    0.7015793919563293,
    0.6828244924545288,
    0.6931965947151184,
    0.6963257193565369,
    0.6952300071716309,
    0.7022446990013123,
    0.6865767240524292,
    0.6972360610961914,
    0.6815255880355835,
    0.6924031972885132,
    0.694660484790802,
    0.6926141977310181,
    0.7005229592323303,
    0.6950605511665344,
    0.6914750933647156,
    0.6931106448173523,
    0.6959826946258545,
    0.6972917914390564,
    0.6990678310394287
  ],
  "val_mae": [
    0.9276814460754395,
    0.8679137229919434,
    0.8205313086509705,
    0.780926525592804,
    0.7472357749938965,
    0.7182974815368652,
    0.692738950252533,
    0.669108510017395,
    0.6503428816795349,
    0.632775604724884,
    0.6200298070907593,
    0.6080936789512634,
    0.5982899069786072,
    0.5912010073661804,
    0.5840365290641785,
    0.5779063701629639,
    0.5748756527900696,
    0.5727285146713257,
    0.5714250802993774,
    0.5691796541213989,
    0.5694196224212646,
    0.5629141926765442,
    0.5638195276260376,
    0.5624080896377563,
    0.5661554932594299,
    0.5598428845405579,
    0.5638823509216309,
    0.5584738254547119,
    0.5633570551872253,
    0.560371458530426,
    0.5607589483261108,
    0.5578998923301697,
    0.557523250579834,
    0.5612324476242065,
    0.5549793839454651,
    0.5574449300765991,
    0.5606531500816345,
    0.5600816607475281,
    0.5629804730415344,
    0.5553798675537109,
    0.5603200793266296,
    0.5535678863525391,
    0.5566138029098511,
    0.557894229888916,
    0.5559377074241638,
    0.5599088072776794,
    0.5579549670219421,
    0.5556063055992126,
    0.5578740239143372,
    0.5589499473571777,
    0.5582046508789062,
    0.5598568916320801
  ],
  "epoch_time": [
    0.6474118232727051,
    0.6291327476501465,
    0.6109545230865479,
    0.6243860721588135,
    0.621903657913208,
    0.6213436126708984,
    0.6159911155700684,
    0.6174840927124023,
    0.6150913238525391,
    0.6228892803192139,
    0.639068603515625,
    0.6195583343505859,
    0.6356444358825684,
    0.6410946846008301,
    0.6469192504882812,
    0.6282846927642822,
    0.6117792129516602,
    0.6162528991699219,
    0.6135339736938477,
    0.661712646484375,
    0.6359295845031738,
    0.6162319183349609,
    0.6291882991790771,
    0.6243383884429932,
    0.6222522258758545,
    0.6254026889801025,
    0.6155643463134766,
    0.6125431060791016,
    0.6240665912628174,
    0.6122839450836182,
    0.6317102909088135,
    0.6208670139312744,
    0.6329290866851807,
    0.6388652324676514,
    0.6180109977722168,
    0.6147933006286621,
    0.6130855083465576,
    0.6138913631439209,
    0.6202688217163086,
    0.6298410892486572,
    0.617793083190918,
    0.6140375137329102,
    0.6137559413909912,
    0.6193246841430664,
    0.6192865371704102,
    0.6282432079315186,
    0.6224534511566162,
    0.6199822425842285,
    0.6158936023712158,
    0.6197142601013184,
    0.6336669921875,
    0.6078457832336426
  ],
  "lr": [
    4.263017449390196e-06,
    5.0491873734489085e-06,
    6.349894088500627e-06,
    8.150883071103771e-06,
    1.0432417174234012e-05,
    1.3169492927870432e-05,
    1.6332114553533467e-05,
    1.988562268983278e-05,
    2.379107422650186e-05,
    2.8005669084295198e-05,
    3.248321926364158e-05,
    3.717465502172063e-05,
    4.202856263073787e-05,
    4.6991747824072515e-05,
    5.200981875545778e-05,
    5.702778208250903e-05,
    6.199064564208398e-05,
    6.684402111271967e-05,
    7.153472005953196e-05,
    7.601133682948553e-05,
    8.022481190904994e-05,
    8.412896957037119e-05,
    8.768102391386186e-05,
    9.08420477614586e-05,
    9.357739926191742e-05,
    9.585710153295345e-05,
    9.765617117970432e-05,
    9.895489208926323e-05,
    9.973903150075092e-05,
    9.999999923164486e-05,
    9.994925949508714e-05,
    9.979792900005849e-05,
    9.954631250603641e-05,
    9.919491673515411e-05,
    9.874444935172947e-05,
    9.81958175371233e-05,
    9.755012616279687e-05,
    9.680867556524776e-05,
    9.597295892730525e-05,
    9.504465927105877e-05,
    9.402564606847545e-05,
    9.291797147653236e-05,
    9.172386620444539e-05,
    9.044573502131786e-05,
    8.908615191325557e-05,
    8.764785489970121e-05,
    8.613374051942776e-05,
    8.454685799729475e-05,
    8.289040310351528e-05,
    8.116771171780004e-05,
    7.938225311133954e-05,
    7.75376229601537e-05
  ]
}