{
  "model": "DLinear",
  "dataset": "ETTh1",
  "seq_len": 336,
  "pred_len": 96,
  "enc_in": 7,
  "test_mse": 0.44575509428977966,
  "test_mae": 0.4430127739906311,
  "test_rmse": 0.6676489114761353,
  "val_mse": 0.6815255880355835,
  "val_mae": 0.5535678863525391,
  "val_rmse": 0.825545608997345,
  "n_params": 64704,
  "best_epoch": 42,
  "total_epochs_run": 52,
  "total_train_time_sec": 32.627119064331055,
  "avg_epoch_time_sec": 0.6235480400232168,
  "config": {},
  "batch_size": 32,
  "lr": 0.0001,
  "patience": 10,
  "optimizer": "Adam",
  "scheduler": "OneCycleLR",
  "loss": "MSE",
  "train_size": 8640,
  "val_size": 2880,
  "test_size": 5900,
  "channel_names": null,
  "save_artifacts": "standard"
}