{
  "model": "DLinear",
  "dataset": "Weather",
  "seq_len": 336,
  "pred_len": 96,
  "enc_in": 21,
  "test_mse": 0.1754114329814911,
  "test_mae": 0.23708899319171906,
  "test_rmse": 0.4188214838504791,
  "val_mse": 0.4414003789424896,
  "val_mae": 0.30842843651771545,
  "val_rmse": 0.6643797159194946,
  "n_params": 64704,
  "best_epoch": 23,
  "total_epochs_run": 33,
  "total_train_time_sec": 101.81145548820496,
  "avg_epoch_time_sec": 3.0803849769361094,
  "config": {},
  "batch_size": 32,
  "lr": 0.0001,
  "patience": 10,
  "optimizer": "Adam",
  "scheduler": "OneCycleLR",
  "loss": "MSE",
  "train_size": 36887,
  "val_size": 5269,
  "test_size": 10540,
  "channel_names": null,
  "save_artifacts": "standard"
}