{
  "model": "PatchTST",
  "dataset": "ETTm1",
  "seq_len": 336,
  "pred_len": 336,
  "enc_in": 7,
  "test_mse": 0.4382120370864868,
  "test_mae": 0.43693700432777405,
  "test_rmse": 0.6619758605957031,
  "val_mse": 0.6460935473442078,
  "val_mae": 0.5337516069412231,
  "val_rmse": 0.8037994503974915,
  "n_params": 2212944,
  "best_epoch": 8,
  "total_epochs_run": 18,
  "total_train_time_sec": 693.1964209079742,
  "avg_epoch_time_sec": 38.49987261825137,
  "config": {
    "patch_len": 16,
    "stride": 8
  },
  "batch_size": 32,
  "lr": 0.0001,
  "patience": 10,
  "optimizer": "Adam",
  "scheduler": "OneCycleLR",
  "loss": "MSE",
  "train_size": 34560,
  "val_size": 11520,
  "test_size": 23600,
  "channel_names": null,
  "save_artifacts": "standard"
}