{
  "train_loss": [
    0.3457123004529087,
    0.28657924150436503,
    0.2748340834176786,
    0.2645292646246377,
    0.25786684452089537,
    0.2533911875471836,
    0.2491081604982183,
    0.24531639864979274,
    0.24167406545011905,
    0.23847634373250196,
    0.2360121422424549,
    0.23330934860133767,
    0.23077173290623956,
    0.22817339154054703,
    0.22551948824586385,
    0.22303394697900114,
    0.22012193124971963,
    0.21734287167635466,
    0.2141717532142913,
    0.21109108211678815
  ],
  "val_loss": [
    0.41451176561909037,
    0.40287959492988135,
    0.39653887868099325,
    0.389126140688699,
    0.3846473640276479,
    0.3799884047692035,
    0.3813358983856972,
    0.3864305334901088,
    0.3808138594353405,
    0.3648311926282792,
    0.36553398528342973,
    0.37641018764344003,
    0.37528696990107596,
    0.37206587305974204,
    0.37393919309810536,
    0.39654451067578206,
    0.3799196894063214,
    0.38805550940184497,
    0.3816683640547891,
    0.38187395852134276
  ],
  "val_mse": [
    0.4148125648498535,
    0.40318700671195984,
    0.39682045578956604,
    0.3894045650959015,
    0.38492709398269653,
    0.3802589774131775,
    0.3816341757774353,
    0.38673466444015503,
    0.3811221122741699,
    0.36512184143066406,
    0.36582884192466736,
    0.3767048120498657,
    0.3755665123462677,
    0.372354656457901,
    0.3741566836833954,
    0.39689016342163086,
    0.38022997975349426,
    0.388376921415329,
    0.3820077180862427,
    0.38215285539627075
  ],
  "val_mae": [
    0.4305042624473572,
    0.42237213253974915,
    0.4186011850833893,
    0.41265830397605896,
    0.41126030683517456,
    0.40730440616607666,
    0.410067617893219,
    0.4183128774166107,
    0.4152342975139618,
    0.40199947357177734,
    0.4034080505371094,
    0.41032978892326355,
    0.40743350982666016,
    0.40907561779022217,
    0.4054441750049591,
    0.4244939684867859,
    0.41156935691833496,
    0.4162019193172455,
    0.4110453724861145,
    0.4098205864429474
  ],
  "epoch_time": [
    37.71091318130493,
    37.39819025993347,
    37.576157331466675,
    37.551554918289185,
    37.41790771484375,
    37.47079658508301,
    37.52243256568909,
    37.503650426864624,
    37.518887758255005,
    37.58085060119629,
    37.56005835533142,
    37.56461262702942,
    37.49649620056152,
    37.47511291503906,
    37.47211217880249,
    37.446162700653076,
    37.17795252799988,
    37.147011280059814,
    37.144014835357666,
    37.11885905265808
  ],
  "lr": [
    4.262965452653676e-06,
    5.0489805260610035e-06,
    6.349432936489816e-06,
    8.150073764908361e-06,
    1.0431173580878616e-05,
    1.3167738615831642e-05,
    1.63297846171369e-05,
    1.9882665382375876e-05,
    2.3787452374104574e-05,
    2.800136125570648e-05,
    3.247822067482777e-05,
    3.7168978157984454e-05,
    4.202223757330787e-05,
    4.698482227250656e-05,
    5.2002357741757266e-05,
    5.7019867377481814e-05,
    6.198237485915715e-05,
    6.683550651902427e-05,
    7.152608710859464e-05,
    7.600272243420391e-05
  ]
}