{
  "model": "PatchTST",
  "dataset": "Weather",
  "seq_len": 336,
  "pred_len": 336,
  "enc_in": 21,
  "test_mse": 0.2538629174232483,
  "test_mae": 0.28208836913108826,
  "test_rmse": 0.503848135471344,
  "val_mse": 0.5650062561035156,
  "val_mae": 0.38552427291870117,
  "val_rmse": 0.7516689896583557,
  "n_params": 2212944,
  "best_epoch": 25,
  "total_epochs_run": 35,
  "total_train_time_sec": 4078.1063804626465,
  "avg_epoch_time_sec": 116.50275637081691,
  "config": {
    "patch_len": 16,
    "stride": 8
  },
  "batch_size": 32,
  "lr": 0.0001,
  "patience": 10,
  "optimizer": "Adam",
  "scheduler": "OneCycleLR",
  "loss": "MSE",
  "train_size": 36887,
  "val_size": 5269,
  "test_size": 10540,
  "channel_names": null,
  "save_artifacts": "standard"
}