{
  "model": "PatchTST",
  "dataset": "ETTm1",
  "seq_len": 336,
  "pred_len": 192,
  "enc_in": 7,
  "test_mse": 0.3957979381084442,
  "test_mae": 0.41238468885421753,
  "test_rmse": 0.6291247606277466,
  "val_mse": 0.4928421974182129,
  "val_mae": 0.47138702869415283,
  "val_rmse": 0.7020272016525269,
  "n_params": 1438656,
  "best_epoch": 13,
  "total_epochs_run": 23,
  "total_train_time_sec": 870.1983158588409,
  "avg_epoch_time_sec": 37.82404613494873,
  "config": {
    "patch_len": 16,
    "stride": 8
  },
  "batch_size": 32,
  "lr": 0.0001,
  "patience": 10,
  "optimizer": "Adam",
  "scheduler": "OneCycleLR",
  "loss": "MSE",
  "train_size": 34560,
  "val_size": 11520,
  "test_size": 23600,
  "channel_names": null,
  "save_artifacts": "standard"
}