{
  "model": "PatchTST",
  "dataset": "ETTh1",
  "seq_len": 336,
  "pred_len": 96,
  "enc_in": 7,
  "test_mse": 0.44188734889030457,
  "test_mae": 0.4421301484107971,
  "test_rmse": 0.664746105670929,
  "val_mse": 0.6941854357719421,
  "val_mae": 0.5526623725891113,
  "val_rmse": 0.833177924156189,
  "n_params": 81888,
  "best_epoch": 24,
  "total_epochs_run": 34,
  "total_train_time_sec": 95.37375473976135,
  "avg_epoch_time_sec": 2.7965782109428856,
  "config": {
    "patch_len": 16,
    "stride": 8,
    "d_model": 16,
    "n_heads": 4,
    "d_ff": 128
  },
  "batch_size": 32,
  "lr": 0.0001,
  "patience": 10,
  "optimizer": "Adam",
  "scheduler": "OneCycleLR",
  "loss": "MSE",
  "train_size": 8640,
  "val_size": 2880,
  "test_size": 5900,
  "channel_names": null,
  "save_artifacts": "standard"
}