{
  "model": "PatchTST",
  "dataset": "ETTh1",
  "seq_len": 336,
  "pred_len": 336,
  "enc_in": 7,
  "test_mse": 0.5475566983222961,
  "test_mae": 0.5111789703369141,
  "test_rmse": 0.7399707436561584,
  "val_mse": 1.2123408317565918,
  "val_mae": 0.749667227268219,
  "val_rmse": 1.1010634899139404,
  "n_params": 243408,
  "best_epoch": 12,
  "total_epochs_run": 22,
  "total_train_time_sec": 59.82737588882446,
  "avg_epoch_time_sec": 2.711136807094921,
  "config": {
    "patch_len": 16,
    "stride": 8,
    "d_model": 16,
    "n_heads": 4,
    "d_ff": 128
  },
  "batch_size": 32,
  "lr": 0.0001,
  "patience": 10,
  "optimizer": "Adam",
  "scheduler": "OneCycleLR",
  "loss": "MSE",
  "train_size": 8640,
  "val_size": 2880,
  "test_size": 5900,
  "channel_names": null,
  "save_artifacts": "standard"
}