{
  "model": "PatchTST",
  "dataset": "Weather",
  "seq_len": 336,
  "pred_len": 192,
  "enc_in": 21,
  "test_mse": 0.1959182471036911,
  "test_mae": 0.2410074770450592,
  "test_rmse": 0.4426265358924866,
  "val_mse": 0.4766717553138733,
  "val_mae": 0.3280060589313507,
  "val_rmse": 0.6904141902923584,
  "n_params": 1438656,
  "best_epoch": 20,
  "total_epochs_run": 30,
  "total_train_time_sec": 3422.1994240283966,
  "avg_epoch_time_sec": 114.06225527922312,
  "config": {
    "patch_len": 16,
    "stride": 8
  },
  "batch_size": 32,
  "lr": 0.0001,
  "patience": 10,
  "optimizer": "Adam",
  "scheduler": "OneCycleLR",
  "loss": "MSE",
  "train_size": 36887,
  "val_size": 5269,
  "test_size": 10540,
  "channel_names": null,
  "save_artifacts": "standard"
}