{
  "model": "PatchTST",
  "dataset": "ETTh1",
  "seq_len": 336,
  "pred_len": 720,
  "enc_in": 7,
  "test_mse": 0.6587809324264526,
  "test_mae": 0.5813688039779663,
  "test_rmse": 0.811653196811676,
  "val_mse": 1.3268237113952637,
  "val_mae": 0.8078073859214783,
  "val_rmse": 1.1518783569335938,
  "n_params": 501840,
  "best_epoch": 11,
  "total_epochs_run": 21,
  "total_train_time_sec": 56.88384246826172,
  "avg_epoch_time_sec": 2.699331079210554,
  "config": {
    "patch_len": 16,
    "stride": 8,
    "d_model": 16,
    "n_heads": 4,
    "d_ff": 128
  },
  "batch_size": 32,
  "lr": 0.0001,
  "patience": 10,
  "optimizer": "Adam",
  "scheduler": "OneCycleLR",
  "loss": "MSE",
  "train_size": 8640,
  "val_size": 2880,
  "test_size": 5900,
  "channel_names": null,
  "save_artifacts": "standard"
}