{
  "train_loss": [
    0.7274996397994724,
    0.6595290343280837,
    0.599569677246418,
    0.5506809825011393,
    0.5140660340371339,
    0.4861629048119421,
    0.4649493642475294,
    0.44864949525109393,
    0.4361515709533993,
    0.4265393466346349,
    0.41985082602783624,
    0.4147445808050661,
    0.4108964474540454,
    0.40764381103364844,
    0.40492062194074097,
    0.40270554359722516,
    0.4006475953480943,
    0.39887957775545685,
    0.39659064148254547,
    0.39532207335408026,
    0.3937901218418076,
    0.3923291804291043,
    0.3912141689434353,
    0.3895564748364475,
    0.38821254782525916,
    0.3865179137985697,
    0.3846349879922603,
    0.38247666281202564,
    0.380641444162889,
    0.3780504215376179,
    0.3766404201861898
  ],
  "val_loss": [
    1.6434158191487596,
    1.4826264780115437,
    1.3443063123000634,
    1.2377589123474586,
    1.1611529105418437,
    1.1043652118863285,
    1.0627915722292822,
    1.0355609393603094,
    1.017831251830668,
    1.0041123773600604,
    0.9936399957215464,
    0.981550040680009,
    0.9837205075734371,
    0.9773844510719583,
    0.9837076736463083,
    0.9810843888569523,
    0.9780478264028961,
    0.9768119983979173,
    0.9750219307638504,
    0.9905738274793368,
    0.9712205436584112,
    0.999956451356411,
    0.9961161611450685,
    0.9899165388700124,
    0.9938532571132118,
    0.998151929797353,
    1.0045056542431987,
    1.0065814125779513,
    1.0250128511641476,
    1.0219896695501096,
    1.0358799337535292
  ],
  "val_mse": [
    1.6493507623672485,
    1.4882018566131592,
    1.3496004343032837,
    1.2428549528121948,
    1.166102647781372,
    1.109164834022522,
    1.067444920539856,
    1.0401287078857422,
    1.0223723649978638,
    1.0086175203323364,
    0.9980559349060059,
    0.985872745513916,
    0.9881223440170288,
    0.9817607402801514,
    0.9882053732872009,
    0.9855402708053589,
    0.9824306964874268,
    0.9812317490577698,
    0.9794555902481079,
    0.9951244592666626,
    0.975531816482544,
    1.0046195983886719,
    1.0006651878356934,
    0.9944393038749695,
    0.9984374642372131,
    1.002724051475525,
    1.0091890096664429,
    1.0112355947494507,
    1.0297431945800781,
    1.0267279148101807,
    1.0406922101974487
  ],
  "val_mae": [
    0.9260518550872803,
    0.8719877004623413,
    0.8227556347846985,
    0.7830625176429749,
    0.752670168876648,
    0.7287606596946716,
    0.7107250094413757,
    0.6978663802146912,
    0.6889870166778564,
    0.6818094253540039,
    0.6767505407333374,
    0.6707956194877625,
    0.6694329977035522,
    0.6654708385467529,
    0.6677637100219727,
    0.662896990776062,
    0.6640269756317139,
    0.662001371383667,
    0.6618388295173645,
    0.662753164768219,
    0.6585066914558411,
    0.6661975383758545,
    0.6612672805786133,
    0.6606298089027405,
    0.6611563563346863,
    0.6620001792907715,
    0.6641146540641785,
    0.6670714020729065,
    0.673287034034729,
    0.6738154292106628,
    0.6802248954772949
  ],
  "epoch_time": [
    2.6838326454162598,
    2.7628824710845947,
    2.7119200229644775,
    2.6947085857391357,
    2.686486005783081,
    2.881317377090454,
    2.691864490509033,
    2.730872869491577,
    2.7138731479644775,
    2.7390854358673096,
    2.6782097816467285,
    2.6354384422302246,
    2.6197118759155273,
    2.6877310276031494,
    2.7507824897766113,
    2.7082202434539795,
    2.716073513031006,
    2.693427324295044,
    2.7259092330932617,
    2.743018627166748,
    2.685699462890625,
    2.6936073303222656,
    2.667909622192383,
    2.7190778255462646,
    2.763944387435913,
    2.7126283645629883,
    2.6949119567871094,
    2.708244562149048,
    2.8133544921875,
    2.703690767288208,
    2.7230007648468018
  ],
  "lr": [
    4.26301826093852e-06,
    5.049190601854597e-06,
    6.349901286002173e-06,
    8.150895702459219e-06,
    1.043243658375172e-05,
    1.3169520308427252e-05,
    1.6332150918098038e-05,
    1.9885668845974608e-05,
    2.3791130754323496e-05,
    2.8005736318174036e-05,
    3.248329727811184e-05,
    3.717474362176484e-05,
    4.2028661346691635e-05,
    4.699185591127769e-05,
    5.200993519872813e-05,
    5.7027905605399754e-05,
    6.199077472088408e-05,
    6.684415399501359e-05,
    7.153485478710677e-05,
    7.601147126529197e-05,
    8.022494376786171e-05,
    8.41290964527268e-05,
    8.768114334282015e-05,
    9.08421572216499e-05,
    9.357749624033222e-05,
    9.585718356087661e-05,
    9.765623587517755e-05,
    9.89549371994415e-05,
    9.973905494351068e-05,
    9.999999921331496e-05,
    9.99492548135451e-05
  ]
}