{
  "model": "PatchTST",
  "dataset": "ETTm1",
  "seq_len": 336,
  "pred_len": 720,
  "enc_in": 7,
  "test_mse": 0.49982553720474243,
  "test_mae": 0.47529008984565735,
  "test_rmse": 0.7069833874702454,
  "val_mse": 0.9618486166000366,
  "val_mae": 0.648244321346283,
  "val_rmse": 0.9807388186454773,
  "n_params": 4277712,
  "best_epoch": 6,
  "total_epochs_run": 16,
  "total_train_time_sec": 640.8929138183594,
  "avg_epoch_time_sec": 40.037825748324394,
  "config": {
    "patch_len": 16,
    "stride": 8
  },
  "batch_size": 32,
  "lr": 0.0001,
  "patience": 10,
  "optimizer": "Adam",
  "scheduler": "OneCycleLR",
  "loss": "MSE",
  "train_size": 34560,
  "val_size": 11520,
  "test_size": 23600,
  "channel_names": null,
  "save_artifacts": "standard"
}