{
  "train_loss": [
    0.831307305301056,
    0.7114968272966397,
    0.6618950339009231,
    0.6408583300256431,
    0.6305375005700313,
    0.6246264456264455,
    0.6182844780512001,
    0.6123149523360054,
    0.6073425895833244,
    0.6036699541292625,
    0.6003489791281634,
    0.5970759406699145,
    0.5940562303413548,
    0.5915973433380791,
    0.5890426068725705,
    0.5865462242864519,
    0.5839559987413766,
    0.5802381448547578,
    0.583751981310593,
    0.5753606863060202,
    0.5732697365111384,
    0.5709559121656035
  ],
  "val_loss": [
    0.7736994667035161,
    0.7306884099362474,
    0.7113020930326346,
    0.7000274464036479,
    0.691709570135131,
    0.6833241454353838,
    0.6771922940106103,
    0.6802655111885432,
    0.681403944438154,
    0.6786054131208044,
    0.6933391597686391,
    0.6745907395626559,
    0.676059047155308,
    0.6821507925562786,
    0.6764789155938409,
    0.6805665538166509,
    0.679728834918051,
    0.680885207359538,
    0.6833518185850346,
    0.6834706802937117,
    0.6850074013751565,
    0.6880549357244463
  ],
  "val_mse": [
    0.7741003632545471,
    0.7310221195220947,
    0.7116765379905701,
    0.7004224061965942,
    0.6921272873878479,
    0.6837031841278076,
    0.6775417327880859,
    0.6808484792709351,
    0.6820088028907776,
    0.6793261766433716,
    0.6940310597419739,
    0.6753040552139282,
    0.6767504215240479,
    0.6828767657279968,
    0.6771517395973206,
    0.6813001036643982,
    0.6804489493370056,
    0.681595504283905,
    0.6840775609016418,
    0.6841625571250916,
    0.6856980323791504,
    0.6887364983558655
  ],
  "val_mae": [
    0.49086207151412964,
    0.4738776981830597,
    0.4667221009731293,
    0.4618622958660126,
    0.45869606733322144,
    0.4549446105957031,
    0.44975629448890686,
    0.4512684643268585,
    0.44987189769744873,
    0.4490884244441986,
    0.45757341384887695,
    0.44752079248428345,
    0.44641879200935364,
    0.448915958404541,
    0.4474382698535919,
    0.44847211241722107,
    0.4480234384536743,
    0.45053863525390625,
    0.4500889778137207,
    0.45036429166793823,
    0.45000919699668884,
    0.45224130153656006
  ],
  "epoch_time": [
    118.34322738647461,
    117.8055031299591,
    117.80890607833862,
    117.86732220649719,
    117.80462622642517,
    117.79795503616333,
    117.84036016464233,
    117.82434844970703,
    117.80452466011047,
    117.79458832740784,
    117.81056594848633,
    117.80870008468628,
    117.81822085380554,
    117.85106706619263,
    117.84920454025269,
    117.83888483047485,
    117.79769659042358,
    117.82068347930908,
    117.81086277961731,
    117.88182759284973,
    117.79886865615845,
    117.81666564941406
  ],
  "lr": [
    4.262964674417409e-06,
    5.0489774301699605e-06,
    6.34942603440749e-06,
    8.150061651971256e-06,
    1.0431154967906382e-05,
    1.3167712358831975e-05,
    1.632974974460936e-05,
    1.9882621119753256e-05,
    2.3787398164913157e-05,
    2.8001296779074357e-05,
    3.2478145859024345e-05,
    3.716889318973289e-05,
    4.202214290267526e-05,
    4.698471861324185e-05,
    5.200224606701595e-05,
    5.701974891094501e-05,
    6.198225106162305e-05,
    6.683537907061892e-05,
    7.15259578868163e-05,
    7.600259348808055e-05,
    8.021623599843789e-05,
    8.412071712076964e-05
  ]
}