{
  "train_loss": [
    0.6481572477256551,
    0.5282980883142423,
    0.4844401345454987,
    0.4626546326674737,
    0.45053437027730264,
    0.4428568817969474,
    0.4369728694080364,
    0.43203015936844386,
    0.4272783838075122,
    0.4228385359415158,
    0.4190282284742494,
    0.4157922239655251,
    0.4127482872479207,
    0.4104397172489325,
    0.40838069634232427,
    0.40661716648263824,
    0.40469112589340445,
    0.40333599200156617,
    0.40162659846606014,
    0.4019464691994586,
    0.3993095303963317,
    0.3977349030804069,
    0.3966623114534802,
    0.3970073741501732,
    0.39570278765288647,
    0.3943870301514576,
    0.39206444300037396,
    0.3920488141810716,
    0.39035207415171314,
    0.3909608801406554,
    0.38795632525585116,
    0.386730019582061
  ],
  "val_loss": [
    0.5166113317797059,
    0.47678902813870655,
    0.45498921955004334,
    0.4388241453194304,
    0.4281032497651483,
    0.4198974784904797,
    0.4159795031147568,
    0.41137667321354937,
    0.41051532943291885,
    0.4141990932586946,
    0.41389991249889135,
    0.4176133927202931,
    0.4107254027438007,
    0.4082747203739066,
    0.4098996563912614,
    0.4079920267931333,
    0.41041805350074645,
    0.408357352753611,
    0.4125238268047963,
    0.40904658937238547,
    0.41150441150622147,
    0.40365157359720844,
    0.40454769771742194,
    0.4075627697288598,
    0.4070134292062568,
    0.4057270480613959,
    0.4048550182855443,
    0.41367023497035627,
    0.4231301407868925,
    0.4113982955091878,
    0.4071664930517344,
    0.41332403190532013
  ],
  "val_mse": [
    0.5186477899551392,
    0.47873952984809875,
    0.45684754848480225,
    0.4405919909477234,
    0.4298172891139984,
    0.4215615689754486,
    0.4176769256591797,
    0.4130590260028839,
    0.4121788740158081,
    0.4158674478530884,
    0.4155941903591156,
    0.41930118203163147,
    0.4123533070087433,
    0.4099010229110718,
    0.41155698895454407,
    0.40962639451026917,
    0.4121038615703583,
    0.41005948185920715,
    0.41420528292655945,
    0.41076311469078064,
    0.4132174849510193,
    0.40531474351882935,
    0.4062029719352722,
    0.40918150544166565,
    0.40868762135505676,
    0.40727663040161133,
    0.40647053718566895,
    0.41533443331718445,
    0.4248080551624298,
    0.4129840135574341,
    0.4087732434272766,
    0.4150082767009735
  ],
  "val_mae": [
    0.3402310311794281,
    0.3191877007484436,
    0.30894696712493896,
    0.3018341362476349,
    0.2960074543952942,
    0.2913198471069336,
    0.287299245595932,
    0.2848915159702301,
    0.283537894487381,
    0.2878298759460449,
    0.28312692046165466,
    0.2875981628894806,
    0.282178670167923,
    0.28056755661964417,
    0.28248345851898193,
    0.2816046476364136,
    0.2806025743484497,
    0.28056982159614563,
    0.28742387890815735,
    0.2793075144290924,
    0.2846166491508484,
    0.2786787152290344,
    0.2756655514240265,
    0.2792592942714691,
    0.2762124538421631,
    0.2811826765537262,
    0.2798115313053131,
    0.2880017161369324,
    0.29289159178733826,
    0.28119850158691406,
    0.2804587483406067,
    0.2835146486759186
  ],
  "epoch_time": [
    112.76909685134888,
    112.26337337493896,
    112.15860319137573,
    112.13752913475037,
    112.12617230415344,
    112.14055371284485,
    112.16274237632751,
    112.46707844734192,
    112.31976795196533,
    112.2500102519989,
    112.29824304580688,
    112.27634382247925,
    112.35525012016296,
    112.32175588607788,
    112.08457708358765,
    112.35156297683716,
    112.60331201553345,
    112.59096574783325,
    112.67225074768066,
    112.67067503929138,
    112.6233561038971,
    112.67536902427673,
    112.75004267692566,
    112.83861422538757,
    112.8008177280426,
    112.65651822090149,
    112.66171431541443,
    112.74970436096191,
    112.71768140792847,
    112.47420358657837,
    112.57904744148254,
    112.51376414299011
  ],
  "lr": [
    4.2629643995661134e-06,
    5.048976336787821e-06,
    6.349423596784985e-06,
    8.150057374020433e-06,
    1.0431148394324575e-05,
    1.316770308559287e-05,
    1.632973742860574e-05,
    1.988260548742914e-05,
    2.378737901973695e-05,
    2.800127400772232e-05,
    3.247811943616232e-05,
    3.716886318130525e-05,
    4.2022109467631986e-05,
    4.698468200365791e-05,
    5.2002206626581386e-05,
    5.701970707182846e-05,
    6.198220733973629e-05,
    6.683533405933421e-05,
    7.152591224921232e-05,
    7.600254794781566e-05,
    8.021619132937088e-05,
    8.4120674135469e-05,
    8.767321553374661e-05,
    9.083489086104821e-05,
    9.357105811512102e-05,
    9.585173752183671e-05,
    9.765194001907903e-05,
    9.895194105814864e-05,
    9.973749672268409e-05,
    9.999999996118546e-05,
    9.994956509982521e-05,
    9.979853886454676e-05
  ]
}