{
  "train_loss": [
    0.47736560700616043,
    0.4297464216677712,
    0.42274297689867796,
    0.4187385753266791,
    0.41401116090267187,
    0.40854623543726565,
    0.4041674717221811,
    0.4001691006088439,
    0.39644481191890174,
    0.39210667084713946,
    0.38737021826399776,
    0.38248182475965364,
    0.3768976925665009,
    0.3718912137499739,
    0.36673314076667757,
    0.3611817694951379
  ],
  "val_loss": [
    0.99324912023617,
    0.9804570469550971,
    0.9803956694355825,
    0.9776165871085917,
    0.9710611412983116,
    0.9601166785762805,
    0.9602952177023015,
    0.9654082988911286,
    0.9686675385640162,
    0.9708833475029324,
    1.0045506279552128,
    0.9818759764567381,
    0.9963448361107489,
    1.0009020643717632,
    1.0044312684274301,
    1.0089258361244346
  ],
  "val_mse": [
    0.9951385855674744,
    0.9823316335678101,
    0.982260525226593,
    0.9794775247573853,
    0.972863495349884,
    0.9618486166000366,
    0.9621175527572632,
    0.967296302318573,
    0.9705865979194641,
    0.9728534817695618,
    1.006596326828003,
    0.9839786291122437,
    0.9985095262527466,
    1.0030163526535034,
    1.006574273109436,
    1.0111653804779053
  ],
  "val_mae": [
    0.6566027402877808,
    0.6505417823791504,
    0.6509363055229187,
    0.6511498093605042,
    0.6509701013565063,
    0.648244321346283,
    0.6501500606536865,
    0.6518420577049255,
    0.6520407199859619,
    0.653714120388031,
    0.6672527194023132,
    0.6578179597854614,
    0.6630815267562866,
    0.6658157110214233,
    0.6684269309043884,
    0.6700989603996277
  ],
  "epoch_time": [
    40.186768531799316,
    40.01922154426575,
    39.88555932044983,
    39.811933517456055,
    39.885355710983276,
    39.95593786239624,
    39.96831274032593,
    40.13464879989624,
    40.122026681900024,
    40.0603141784668,
    40.105045557022095,
    40.10179829597473,
    40.063321113586426,
    40.04539752006531,
    40.093040227890015,
    40.16653037071228
  ],
  "lr": [
    4.262965750830537e-06,
    5.0489817122342605e-06,
    6.3494355809838555e-06,
    8.150078405911966e-06,
    1.0431180712333819e-05,
    1.3167748676052351e-05,
    1.632979797834765e-05,
    1.9882682341347145e-05,
    2.3787473144045435e-05,
    2.800138595955634e-05,
    3.24782493400688e-05,
    3.71690107130736e-05,
    4.202227384580323e-05,
    4.698486198893786e-05,
    5.200240052926407e-05,
    5.7019912767216076e-05
  ]
}