{
  "model": "PatchTST",
  "dataset": "ETTh1",
  "seq_len": 336,
  "pred_len": 192,
  "enc_in": 7,
  "test_mse": 0.492289274930954,
  "test_mae": 0.4747581481933594,
  "test_rmse": 0.7016332745552063,
  "val_mse": 0.975531816482544,
  "val_mae": 0.6585066914558411,
  "val_rmse": 0.9876901507377625,
  "n_params": 146496,
  "best_epoch": 21,
  "total_epochs_run": 31,
  "total_train_time_sec": 84.35643720626831,
  "avg_epoch_time_sec": 2.714239843430058,
  "config": {
    "patch_len": 16,
    "stride": 8,
    "d_model": 16,
    "n_heads": 4,
    "d_ff": 128
  },
  "batch_size": 32,
  "lr": 0.0001,
  "patience": 10,
  "optimizer": "Adam",
  "scheduler": "OneCycleLR",
  "loss": "MSE",
  "train_size": 8640,
  "val_size": 2880,
  "test_size": 5900,
  "channel_names": null,
  "save_artifacts": "standard"
}