{
  "train_loss": [
    0.6923813677858561,
    0.6117130381753668,
    0.5464183987351134,
    0.49616942123975605,
    0.460029327776283,
    0.43262501421850175,
    0.4110575468512252,
    0.3942157189594582,
    0.38121106405742466,
    0.37150326650589705,
    0.3641346946824342,
    0.3587596296565607,
    0.3548098005121574,
    0.35146689089015126,
    0.34909143205732107,
    0.3468325405847281,
    0.34452419716399163,
    0.34310081345029175,
    0.34129146486520767,
    0.3398144200327806,
    0.33860325813293457,
    0.33742685476318,
    0.3361233004834503,
    0.3348756310297176,
    0.33362442470388487,
    0.33213957404950634,
    0.3308154452824965,
    0.3296927218907513,
    0.32839327346300706,
    0.327047307160683,
    0.3259453965583816,
    0.32479108101688325,
    0.32366159243974835,
    0.32225017267046496
  ],
  "val_loss": [
    1.4809455101366167,
    1.287018947400056,
    1.1313746056773446,
    1.0155644401327355,
    0.930148404139977,
    0.8638403255057026,
    0.8153479534697223,
    0.7847984769901672,
    0.762912662385346,
    0.7474412813589171,
    0.7370514772929154,
    0.7281395719422923,
    0.7218939667785322,
    0.7158431029551989,
    0.7152677499628687,
    0.713549273161145,
    0.7166800860847745,
    0.7056943139472565,
    0.7030628662217747,
    0.7104834478783917,
    0.7009050479376471,
    0.7019237457931816,
    0.71321107524556,
    0.6918917245098523,
    0.6978776001117446,
    0.7005865926092322,
    0.7011095941453785,
    0.7146336991678585,
    0.7317892294618991,
    0.7103378950775444,
    0.7033376593094367,
    0.717501233440715,
    0.7051173282134069,
    0.7090820343076408
  ],
  "val_mse": [
    1.4851558208465576,
    1.290794849395752,
    1.1348084211349487,
    1.0187145471572876,
    0.9330459833145142,
    0.8665268421173096,
    0.8178896307945251,
    0.7872611880302429,
    0.7653279304504395,
    0.7498119473457336,
    0.7394118309020996,
    0.73048996925354,
    0.7242379784584045,
    0.7181246876716614,
    0.7175435423851013,
    0.7158633470535278,
    0.7190017104148865,
    0.7079532742500305,
    0.7053346037864685,
    0.7128254771232605,
    0.7032079696655273,
    0.704241931438446,
    0.7156051993370056,
    0.6941854357719421,
    0.7002044916152954,
    0.7029573917388916,
    0.7034865617752075,
    0.7171468138694763,
    0.7343353629112244,
    0.7128279209136963,
    0.7057852745056152,
    0.7200671434402466,
    0.7075953483581543,
    0.7115679383277893
  ],
  "val_mae": [
    0.8740837574005127,
    0.8089356422424316,
    0.7531497478485107,
    0.708987832069397,
    0.6740916967391968,
    0.6452438235282898,
    0.623565137386322,
    0.6082990765571594,
    0.5973498225212097,
    0.588309109210968,
    0.5820022821426392,
    0.5766165256500244,
    0.5736645460128784,
    0.5683214068412781,
    0.5674024820327759,
    0.5661024451255798,
    0.5644307732582092,
    0.5592072606086731,
    0.5600944757461548,
    0.564163863658905,
    0.557889461517334,
    0.5597724914550781,
    0.5624331831932068,
    0.5526623725891113,
    0.5582919120788574,
    0.5571660399436951,
    0.5529930591583252,
    0.5676876902580261,
    0.5676832795143127,
    0.562211811542511,
    0.5564785599708557,
    0.5657042264938354,
    0.559678852558136,
    0.5593863129615784
  ],
  "epoch_time": [
    3.6510894298553467,
    3.0271244049072266,
    2.9323039054870605,
    2.7313692569732666,
    2.6979570388793945,
    2.806239366531372,
    2.718141555786133,
    2.761695623397827,
    2.757575750350952,
    2.7724456787109375,
    2.7076663970947266,
    2.719021797180176,
    2.730236768722534,
    2.808250904083252,
    2.7968103885650635,
    2.696099281311035,
    2.686356544494629,
    2.7118844985961914,
    2.807417869567871,
    2.9065589904785156,
    2.7457115650177,
    2.7220938205718994,
    2.7520875930786133,
    2.867164134979248,
    2.7597875595092773,
    2.7630276679992676,
    2.711857795715332,
    2.7968640327453613,
    2.7680788040161133,
    2.6711347103118896,
    2.740241050720215,
    2.7302916049957275,
    2.8591222763061523,
    2.769951105117798
  ],
  "lr": [
    4.263017449390196e-06,
    5.0491873734489085e-06,
    6.349894088500627e-06,
    8.150883071103771e-06,
    1.0432417174234012e-05,
    1.3169492927870432e-05,
    1.6332114553533467e-05,
    1.988562268983278e-05,
    2.379107422650186e-05,
    2.8005669084295198e-05,
    3.248321926364158e-05,
    3.717465502172063e-05,
    4.202856263073787e-05,
    4.6991747824072515e-05,
    5.200981875545778e-05,
    5.702778208250903e-05,
    6.199064564208398e-05,
    6.684402111271967e-05,
    7.153472005953196e-05,
    7.601133682948553e-05,
    8.022481190904994e-05,
    8.412896957037119e-05,
    8.768102391386186e-05,
    9.08420477614586e-05,
    9.357739926191742e-05,
    9.585710153295345e-05,
    9.765617117970432e-05,
    9.895489208926323e-05,
    9.973903150075092e-05,
    9.999999923164486e-05,
    9.994925949508714e-05,
    9.979792900005849e-05,
    9.954631250603641e-05,
    9.919491673515411e-05
  ]
}