{
  "train_loss": [
    0.8711116291299651,
    0.8051023256929615,
    0.75115189421529,
    0.7097493593702839,
    0.679826792785387,
    0.656449346854214,
    0.6375463984686615,
    0.6221324567553363,
    0.6093859061410155,
    0.5991487696703979,
    0.5909112276910227,
    0.5832703519722581,
    0.574210966563929,
    0.5657064532428854,
    0.560264263726488,
    0.5559895888662539,
    0.5498542488878789,
    0.5430606655179196,
    0.5368924573503969,
    0.5283543866143448,
    0.522595066184233
  ],
  "val_loss": [
    1.8337545867623954,
    1.6820582398052872,
    1.5631012680201695,
    1.4852069071654617,
    1.4358947431219036,
    1.401362316361789,
    1.374251827083785,
    1.352414337725475,
    1.3349257142379367,
    1.3229370158294151,
    1.3209208342535743,
    1.3258242401583442,
    1.388028582622265,
    1.4274842821318527,
    1.4202915522558937,
    1.4158259825459842,
    1.4190363205712417,
    1.42427262458308,
    1.4257055171604813,
    1.4288992080195198,
    1.4293532196817726
  ],
  "val_mse": [
    1.843896508216858,
    1.6911216974258423,
    1.5712743997573853,
    1.4927291870117188,
    1.4428954124450684,
    1.4079092741012573,
    1.38053297996521,
    1.3584946393966675,
    1.3409026861190796,
    1.3289339542388916,
    1.3268237113952637,
    1.3320612907409668,
    1.3953710794448853,
    1.435439944267273,
    1.4283428192138672,
    1.4236890077590942,
    1.42729651927948,
    1.433321237564087,
    1.435617446899414,
    1.4395554065704346,
    1.440161108970642
  ],
  "val_mae": [
    0.9945105314254761,
    0.9454599022865295,
    0.9050808548927307,
    0.8777671456336975,
    0.8595979809761047,
    0.8453067541122437,
    0.8333358764648438,
    0.8237529397010803,
    0.8160999417304993,
    0.8107881546020508,
    0.8078073859214783,
    0.808551013469696,
    0.8214922547340393,
    0.8290570974349976,
    0.8260598182678223,
    0.8242587447166443,
    0.8247833251953125,
    0.8270729184150696,
    0.831423282623291,
    0.8357177972793579,
    0.8363192677497864
  ],
  "epoch_time": [
    2.682478904724121,
    2.6545467376708984,
    2.6661295890808105,
    2.7148938179016113,
    2.7435078620910645,
    2.648880958557129,
    2.670032262802124,
    2.6701676845550537,
    2.773106575012207,
    2.6938328742980957,
    2.6874186992645264,
    2.725280284881592,
    2.712921619415283,
    2.8267717361450195,
    2.6937944889068604,
    2.6821582317352295,
    2.632175922393799,
    2.78558087348938,
    2.6535885334014893,
    2.682107448577881,
    2.686577558517456
  ],
  "lr": [
    4.2630229362605396e-06,
    5.049209200667218e-06,
    6.349942750731989e-06,
    8.15096847155364e-06,
    1.0432548401741659e-05,
    1.316967804743975e-05,
    1.6332360413800535e-05,
    1.9885934750721532e-05,
    2.3791456410022843e-05,
    2.800612365110207e-05,
    3.2483746717579595e-05,
    3.717525404418823e-05,
    4.2029230046239125e-05,
    4.699247859787404e-05,
    5.20106060237829e-05,
    5.702861721521188e-05,
    6.199151833725437e-05,
    6.684491952218164e-05,
    7.153563094372241e-05,
    7.601224573974152e-05,
    8.022570339489907e-05
  ]
}