{
  "train_loss": [
    0.7154409481133793,
    0.5914493600090205,
    0.5408794631997884,
    0.5179262377164313,
    0.5060362438081016,
    0.4988398546431686,
    0.4929953664016556,
    0.48713636379951325,
    0.48243646008867613,
    0.47888134814746364,
    0.4755376767052311,
    0.47289610301262475,
    0.469983024575131,
    0.4675067914518672,
    0.4647780148653497,
    0.46294959725051277,
    0.4607905944756849,
    0.4583980363308334,
    0.45637806242620443,
    0.45404883025502657,
    0.4521621292142171,
    0.44997862733008576,
    0.44823749350305175,
    0.44575835407619746,
    0.44406565458474445,
    0.443180646288248,
    0.440321296335421,
    0.4398867555985778,
    0.44069672472984855,
    0.4356612396151037
  ],
  "val_loss": [
    0.5935653800132291,
    0.5508615501575022,
    0.5323591384811689,
    0.5180468959296309,
    0.5076220175563889,
    0.4983411900349111,
    0.4931649777213199,
    0.48773784655452573,
    0.4860382102579878,
    0.4862644300364808,
    0.48356339260435743,
    0.48930081890133403,
    0.48013386780383605,
    0.4818820386824992,
    0.48183729569583933,
    0.4807860993298908,
    0.4823520718604926,
    0.4963409664146852,
    0.4814251023750977,
    0.4748237437549854,
    0.4775655702156508,
    0.4803271882686039,
    0.4788710244950032,
    0.4813473455657895,
    0.48018658341177356,
    0.4869673423619078,
    0.48379461887298814,
    0.48518119042351743,
    0.4843153673530425,
    0.48590540140867233
  ],
  "val_mse": [
    0.5956295132637024,
    0.5528346300125122,
    0.534268319606781,
    0.519874095916748,
    0.5093860626220703,
    0.5000556111335754,
    0.4949006140232086,
    0.4894726574420929,
    0.48775777220726013,
    0.48806747794151306,
    0.48539623618125916,
    0.4911472797393799,
    0.48198285698890686,
    0.4837648868560791,
    0.48371726274490356,
    0.4826977252960205,
    0.48422572016716003,
    0.4982348084449768,
    0.4832356572151184,
    0.4766717553138733,
    0.4794265925884247,
    0.4821101129055023,
    0.48067614436149597,
    0.4831675589084625,
    0.4820456802845001,
    0.4887757897377014,
    0.48559650778770447,
    0.4870202839374542,
    0.4861390292644501,
    0.4877334237098694
  ],
  "val_mae": [
    0.3864477276802063,
    0.36627939343452454,
    0.35712847113609314,
    0.35090184211730957,
    0.3450941741466522,
    0.34279319643974304,
    0.338226318359375,
    0.33813804388046265,
    0.33527153730392456,
    0.3349587619304657,
    0.3327486217021942,
    0.33639878034591675,
    0.32919028401374817,
    0.33208486437797546,
    0.33250200748443604,
    0.3304672837257385,
    0.3336469233036041,
    0.34967267513275146,
    0.33682554960250854,
    0.3280060589313507,
    0.33048003911972046,
    0.3352119028568268,
    0.33445948362350464,
    0.3349228799343109,
    0.33203554153442383,
    0.3367109000682831,
    0.3337889313697815,
    0.332660049200058,
    0.33499035239219666,
    0.3336888253688812
  ],
  "epoch_time": [
    114.99174857139587,
    113.91983127593994,
    113.93422937393188,
    113.69756937026978,
    114.19131779670715,
    114.11022162437439,
    113.85528302192688,
    113.58311176300049,
    113.54761481285095,
    113.8556559085846,
    114.32713270187378,
    113.96659064292908,
    113.99513173103333,
    113.95977663993835,
    113.8714017868042,
    114.3399088382721,
    114.20362901687622,
    114.39544939994812,
    114.24856400489807,
    114.2341103553772,
    114.18968939781189,
    113.93901634216309,
    113.94822764396667,
    114.1655626296997,
    113.94153189659119,
    113.93839454650879,
    114.31491041183472,
    114.12866687774658,
    113.99537014961243,
    114.0780098438263
  ],
  "lr": [
    4.262964440176817e-06,
    5.0489764983407075e-06,
    6.34942395695635e-06,
    8.150058006109852e-06,
    1.043114936560537e-05,
    1.3167704455762053e-05,
    1.6329739248359195e-05,
    1.9882607797186167e-05,
    2.3787381848536156e-05,
    2.8001277372307893e-05,
    3.2478123340277536e-05,
    3.716886761520655e-05,
    4.20221144078337e-05,
    4.6984687412914706e-05,
    5.200221245411131e-05,
    5.7019713253776385e-05,
    6.198221379987366e-05,
    6.683534070998721e-05,
    7.152591899240768e-05,
    7.600255467662914e-05,
    8.021619792946089e-05,
    8.412068048677431e-05,
    8.767322151232514e-05,
    9.083489634103046e-05,
    9.357106297075062e-05,
    9.585174162956835e-05,
    9.765194325970283e-05,
    9.895194331890932e-05,
    9.973749789936289e-05,
    9.999999996098018e-05
  ]
}