{
  "train_loss": [
    0.7214858701648594,
    0.6080897869418723,
    0.5756887402237252,
    0.5626601436620893,
    0.5561037992450856,
    0.5502903611917184,
    0.5447843767024056,
    0.5401565087094548,
    0.536185282795541,
    0.5326116140124864,
    0.5296729130886172,
    0.526667586714688,
    0.5232276938374752,
    0.5207239044756092,
    0.517675173324784,
    0.5146313146823913,
    0.5118759931135135,
    0.5096962393173383,
    0.5092118708935593,
    0.5056639203026061,
    0.5055807745635879,
    0.5049352627692235,
    0.5014512444048409,
    0.5003620249101486,
    0.49795021898023434,
    0.49657343856324987,
    0.494278174944413,
    0.4923826087691107,
    0.48978394338454323,
    0.4873716913420579,
    0.4843175494491685,
    0.48590484867572364,
    0.4812597949930675,
    0.4830384316906056,
    0.4783213073494791
  ],
  "val_loss": [
    0.6536495339953237,
    0.6185230401655039,
    0.605234389193356,
    0.5955472623722421,
    0.5886571698097719,
    0.5820763798223602,
    0.5796543384591738,
    0.5779697956103418,
    0.5790924816909764,
    0.582847966088189,
    0.5774215092468593,
    0.5786481894966629,
    0.576678540247182,
    0.5706109592898024,
    0.5678790165111423,
    0.5679156918906503,
    0.5740204040581981,
    0.5740665103205376,
    0.5673117729731731,
    0.5696454629715946,
    0.5735323725061284,
    0.5684149749577045,
    0.5704089770507481,
    0.5654468269397815,
    0.5644833732189404,
    0.5722289306835996,
    0.5666668494749401,
    0.5697187524702814,
    0.5692062170969115,
    0.572946418180234,
    0.5832927302560873,
    0.5751110017299652,
    0.5733002710880505,
    0.5773438916852077,
    0.5781078344831864
  ],
  "val_mse": [
    0.6543209552764893,
    0.6192080974578857,
    0.6058958172798157,
    0.596177339553833,
    0.5892987847328186,
    0.5826911926269531,
    0.5802997946739197,
    0.5785400867462158,
    0.57963627576828,
    0.5833706259727478,
    0.5779720544815063,
    0.5791852474212646,
    0.5772044062614441,
    0.5711626410484314,
    0.5684154033660889,
    0.5684354901313782,
    0.574550211429596,
    0.5746054649353027,
    0.5678349137306213,
    0.5701637268066406,
    0.5740560293197632,
    0.5689576268196106,
    0.5709108114242554,
    0.5659670233726501,
    0.5650062561035156,
    0.5727681517601013,
    0.5671937465667725,
    0.570220947265625,
    0.5697247385978699,
    0.5734713077545166,
    0.583804726600647,
    0.5756425857543945,
    0.5738166570663452,
    0.5778490304946899,
    0.5786594748497009
  ],
  "val_mae": [
    0.42618510127067566,
    0.41054534912109375,
    0.40443500876426697,
    0.4007304608821869,
    0.3974062204360962,
    0.39376240968704224,
    0.3919527530670166,
    0.3927531838417053,
    0.3920442461967468,
    0.3922962248325348,
    0.38815417885780334,
    0.3912937641143799,
    0.39277490973472595,
    0.38833630084991455,
    0.38651007413864136,
    0.38739311695098877,
    0.39111846685409546,
    0.3912256062030792,
    0.3863849341869354,
    0.38853171467781067,
    0.3912501633167267,
    0.38824987411499023,
    0.3911023437976837,
    0.3878963887691498,
    0.38552427291870117,
    0.38913580775260925,
    0.38723182678222656,
    0.39113640785217285,
    0.3909565508365631,
    0.3931329846382141,
    0.3967898190021515,
    0.39209744334220886,
    0.39120128750801086,
    0.3937084376811981,
    0.39336758852005005
  ],
  "epoch_time": [
    116.80437588691711,
    116.00627064704895,
    115.98671174049377,
    115.97507214546204,
    116.3494861125946,
    116.53406524658203,
    116.08141732215881,
    116.4325499534607,
    116.67343473434448,
    116.01777625083923,
    115.93055963516235,
    116.22510647773743,
    116.95519638061523,
    116.70558834075928,
    116.57314968109131,
    116.24021887779236,
    116.24389982223511,
    117.55922675132751,
    117.09667253494263,
    116.71092391014099,
    116.84287977218628,
    116.87284016609192,
    116.83668279647827,
    116.84622049331665,
    117.02196049690247,
    116.76609206199646,
    116.80375957489014,
    116.48860025405884,
    116.15226554870605,
    116.43825626373291,
    116.08329367637634,
    116.45363545417786,
    115.85987663269043,
    116.13797974586487,
    116.8904275894165
  ],
  "lr": [
    4.262964508340106e-06,
    5.048976769500118e-06,
    6.349424561488196e-06,
    8.150059067044206e-06,
    1.0431150995857604e-05,
    1.3167706755530921e-05,
    1.6329742302735513e-05,
    1.9882611674012016e-05,
    2.3787386596551478e-05,
    2.800128301961708e-05,
    3.247812989316351e-05,
    3.716887505731507e-05,
    4.202212269974512e-05,
    4.698469649211432e-05,
    5.2002222235363834e-05,
    5.701972362990376e-05,
    6.198222464292949e-05,
    6.683535187281485e-05,
    7.152593031056329e-05,
    7.600256597064502e-05,
    8.021620900741961e-05,
    8.41206911471585e-05,
    8.767323154710332e-05,
    9.08349055389362e-05,
    9.35710711207074e-05,
    9.585174852421077e-05,
    9.765194869894235e-05,
    9.895194711349124e-05,
    9.973749987436056e-05,
    9.999999996063441e-05,
    9.994956447405916e-05,
    9.979853761482589e-05,
    9.954722353093007e-05,
    9.919612833549111e-05,
    9.874595908750798e-05
  ]
}