{
  "train_loss": [
    0.7764228364549967,
    0.7045985000679292,
    0.6439137722114961,
    0.5979370359914848,
    0.5658938698021763,
    0.5418995634379636,
    0.5225664222814951,
    0.5070378366244366,
    0.49463259096605233,
    0.484734024149347,
    0.47718545351641245,
    0.47122152059911243,
    0.4665557797175335,
    0.4621535975291547,
    0.4584459660043678,
    0.45507587031667013,
    0.45186438342653606,
    0.44896800079977656,
    0.4457221883367822,
    0.44247603260848417,
    0.4396814046853996,
    0.4362643823087455
  ],
  "val_loss": [
    1.7515608523573194,
    1.5871466432298933,
    1.4588112711906434,
    1.3764867161001477,
    1.3263532093593053,
    1.2906749146325247,
    1.2616691589355469,
    1.2386837754930768,
    1.22292220890522,
    1.2118673971721103,
    1.2038749341453825,
    1.2021407276391982,
    1.2024920604058675,
    1.2213385994945254,
    1.231304662142481,
    1.242979086296899,
    1.2479860088654926,
    1.2574106761387416,
    1.2507385624306542,
    1.2600882449320385,
    1.2645971706935337,
    1.2888850748538971
  ],
  "val_mse": [
    1.7601324319839478,
    1.5957025289535522,
    1.4674724340438843,
    1.385546326637268,
    1.3360716104507446,
    1.3009757995605469,
    1.2721208333969116,
    1.2490828037261963,
    1.2332440614700317,
    1.2221331596374512,
    1.2140766382217407,
    1.2123408317565918,
    1.2127124071121216,
    1.2319267988204956,
    1.2422316074371338,
    1.2538615465164185,
    1.2587611675262451,
    1.268673062324524,
    1.2616225481033325,
    1.2711666822433472,
    1.2757480144500732,
    1.3003082275390625
  ],
  "val_mae": [
    0.9584695100784302,
    0.9041994214057922,
    0.8594846725463867,
    0.8297286033630371,
    0.8099116683006287,
    0.7938253283500671,
    0.780468761920929,
    0.7698876857757568,
    0.7624067068099976,
    0.756415843963623,
    0.7523249983787537,
    0.749667227268219,
    0.7483834028244019,
    0.7523931264877319,
    0.7537775039672852,
    0.7571261525154114,
    0.7578628063201904,
    0.7587178945541382,
    0.7592787742614746,
    0.7601161599159241,
    0.7635924220085144,
    0.7709033489227295
  ],
  "epoch_time": [
    2.818664312362671,
    2.71865177154541,
    2.695711135864258,
    2.665386438369751,
    2.774298667907715,
    2.6233127117156982,
    2.716240406036377,
    2.738658905029297,
    2.6868786811828613,
    2.7192840576171875,
    2.673597812652588,
    2.6568775177001953,
    2.689878225326538,
    2.7593483924865723,
    2.7390081882476807,
    2.6277143955230713,
    2.6639039516448975,
    2.6281931400299072,
    2.9568772315979004,
    2.659705638885498,
    2.7007875442504883,
    2.7320306301116943
  ],
  "lr": [
    4.2630193734285576e-06,
    5.04919502743089e-06,
    6.349911152510351e-06,
    8.150913017824154e-06,
    1.0432463190782344e-05,
    1.316955784234588e-05,
    1.6332200767503553e-05,
    1.988573211789901e-05,
    2.3791208243980548e-05,
    2.8005828483930616e-05,
    3.2483404222134586e-05,
    3.717486507671155e-05,
    4.202879666872674e-05,
    4.699200407959692e-05,
    5.201009482168032e-05,
    5.702807493319402e-05,
    6.199095166477102e-05,
    6.684433615273038e-05,
    7.153503947427918e-05,
    7.601165555239353e-05,
    8.022512452224236e-05,
    8.412927038514191e-05
  ]
}