{
  "train_loss": [
    0.3753259836898474,
    0.3231370790965806,
    0.314819379239181,
    0.3085538394756174,
    0.302063850754292,
    0.29685835132370103,
    0.29217056611855974,
    0.2884180974898648,
    0.285358261762087,
    0.2824861925806735,
    0.2801225997037968,
    0.27755163230093044,
    0.2750379592881153,
    0.2723132697961741,
    0.2690192914777282,
    0.26590130012044344,
    0.26262218836670426,
    0.25948214537953834,
    0.2558175222501369,
    0.2517912461162174,
    0.24798354600413386,
    0.24352211728762144,
    0.23890311581451493
  ],
  "val_loss": [
    0.5300406869284289,
    0.5161524420430841,
    0.5178904040651613,
    0.5116704114561164,
    0.5059813347666763,
    0.5034803118296834,
    0.5009669171819506,
    0.4995177665638716,
    0.49474243884689584,
    0.4975838289747751,
    0.5180049667698007,
    0.505401021172834,
    0.4924411572472647,
    0.49998198204868755,
    0.5030481458403343,
    0.5041064687159865,
    0.5076989893433314,
    0.5356062797093114,
    0.5445039530696217,
    0.5184165978544327,
    0.528203116123413,
    0.5369568811946137,
    0.5382945165471282
  ],
  "val_mse": [
    0.5303812026977539,
    0.5165135264396667,
    0.5182658433914185,
    0.5120296478271484,
    0.5063408613204956,
    0.5038580894470215,
    0.5013523101806641,
    0.49989789724349976,
    0.4951295852661133,
    0.4979841709136963,
    0.5184470415115356,
    0.5058163404464722,
    0.4928421974182129,
    0.5003938674926758,
    0.5034647583961487,
    0.5045170187950134,
    0.5081291794776917,
    0.5361064076423645,
    0.5449896454811096,
    0.5188885927200317,
    0.5286903977394104,
    0.5374297499656677,
    0.5387930274009705
  ],
  "val_mae": [
    0.48538216948509216,
    0.47468167543411255,
    0.47550028562545776,
    0.473416805267334,
    0.4711211025714874,
    0.4723392128944397,
    0.47333571314811707,
    0.47214776277542114,
    0.4719141125679016,
    0.47332996129989624,
    0.4806863069534302,
    0.47831451892852783,
    0.47138702869415283,
    0.47395920753479004,
    0.47836384177207947,
    0.4784826338291168,
    0.47797292470932007,
    0.49170592427253723,
    0.4934377074241638,
    0.4799647331237793,
    0.48431476950645447,
    0.4896681606769562,
    0.48883312940597534
  ],
  "epoch_time": [
    37.830463886260986,
    37.74090933799744,
    37.780290603637695,
    37.83209776878357,
    37.88940405845642,
    37.90263628959656,
    37.93249320983887,
    37.89993596076965,
    37.65953350067139,
    37.71562719345093,
    37.83073687553406,
    37.75710391998291,
    37.76455569267273,
    37.750373125076294,
    37.7374267578125,
    37.79230332374573,
    37.86233711242676,
    37.88281726837158,
    37.95822477340698,
    37.93032789230347,
    37.86165118217468,
    37.80526423454285,
    37.83654713630676
  ],
  "lr": [
    4.262965499025558e-06,
    5.048980710532325e-06,
    6.3494333477563366e-06,
    8.150074486668117e-06,
    1.0431174689948524e-05,
    1.3167740180377444e-05,
    1.6329786695046237e-05,
    1.988266801980192e-05,
    2.3787455604205195e-05,
    2.8001365097601015e-05,
    3.247822513279024e-05,
    3.716898322088864e-05,
    4.202224321433601e-05,
    4.698482844912914e-05,
    5.2002364395987825e-05,
    5.7019874436406053e-05,
    6.1982382235732e-05,
    6.683551411313781e-05,
    7.152609480837436e-05,
    7.600273011755656e-05,
    8.02163700140996e-05,
    8.412084608474906e-05,
    8.76733773920735e-05
  ]
}