{
  "train_loss": [
    0.41179371504878187,
    0.36395388914798094,
    0.35674254482258483,
    0.35199786747987816,
    0.34667687201072184,
    0.34062259500042463,
    0.335609666053364,
    0.3318952787614747,
    0.3285866420825097,
    0.3253650563127934,
    0.32202084292152,
    0.3192626654229376,
    0.31601221303651644,
    0.31248219294352164,
    0.3086782164372173,
    0.3045405370092707,
    0.299928021990994,
    0.2949715054772506
  ],
  "val_loss": [
    0.6749467805247097,
    0.6662814306862214,
    0.6627331561682855,
    0.6539262382423177,
    0.6553445819546194,
    0.6482289338593974,
    0.6530098979087436,
    0.6452147962635054,
    0.6478417483980164,
    0.655178991924314,
    0.653525275079643,
    0.6760276396484936,
    0.6617362132624668,
    0.6728427157901665,
    0.688914897555814,
    0.6772062967805301,
    0.7041557812953696,
    0.7113841338192716
  ],
  "val_mse": [
    0.6758205890655518,
    0.6671292781829834,
    0.6635470986366272,
    0.6546904444694519,
    0.656073272228241,
    0.6489867568016052,
    0.6538389325141907,
    0.6460935473442078,
    0.648638904094696,
    0.6561068892478943,
    0.6545938849449158,
    0.6771504282951355,
    0.6626712083816528,
    0.6739582419395447,
    0.6900851726531982,
    0.6783009171485901,
    0.7053185701370239,
    0.712715208530426
  ],
  "val_mae": [
    0.5436644554138184,
    0.5373799800872803,
    0.5365063548088074,
    0.5333347320556641,
    0.5361483693122864,
    0.5349600315093994,
    0.5382023453712463,
    0.5337516069412231,
    0.537955105304718,
    0.5416162014007568,
    0.539709746837616,
    0.5480631589889526,
    0.5456814169883728,
    0.5480237007141113,
    0.5592083930969238,
    0.5497881770133972,
    0.5642396211624146,
    0.5608657598495483
  ],
  "epoch_time": [
    38.900421142578125,
    38.87496900558472,
    38.456876277923584,
    38.43571209907532,
    38.427767276763916,
    38.41826343536377,
    38.419405937194824,
    38.3990318775177,
    38.420355558395386,
    38.405648946762085,
    38.375768184661865,
    38.436004877090454,
    38.47644543647766,
    38.52937650680542,
    38.51284646987915,
    38.48442506790161,
    38.473246812820435,
    38.55114221572876
  ],
  "lr": [
    4.262965561263452e-06,
    5.048980958120001e-06,
    6.349433899736497e-06,
    8.150075455375897e-06,
    1.04311761784835e-05,
    1.3167742280228024e-05,
    1.6329789483906146e-05,
    1.9882671559615518e-05,
    2.3787459939475226e-05,
    2.8001370253988403e-05,
    3.24782311160313e-05,
    3.7168990016050375e-05,
    4.2022250785425004e-05,
    4.698483673906448e-05,
    5.2002373326943105e-05,
    5.7019883910519584e-05,
    6.198239213617911e-05,
    6.683552430555352e-05
  ]
}