{
  "model": "Transformer",
  "dataset": "ETTm1",
  "seq_len": 96,
  "pred_len": 96,
  "enc_in": 7,
  "test_mse": 0.5911840200424194,
  "test_mae": 0.5440101027488708,
  "test_rmse": 0.7688848972320557,
  "val_mse": 0.4921863377094269,
  "val_mae": 0.4604308009147644,
  "val_rmse": 0.7015599608421326,
  "n_params": 8524192,
  "best_epoch": 6,
  "total_epochs_run": 16,
  "total_train_time_sec": 194.5502438545227,
  "avg_epoch_time_sec": 12.125229522585869,
  "config": {},
  "batch_size": 32,
  "lr": 0.0001,
  "patience": 10,
  "optimizer": "Adam",
  "scheduler": "OneCycleLR",
  "loss": "MSE",
  "train_size": 34560,
  "val_size": 11520,
  "test_size": 23600,
  "channel_names": null,
  "save_artifacts": "minimal"
}