{
  "model": "Transformer",
  "dataset": "Weather",
  "seq_len": 96,
  "pred_len": 96,
  "enc_in": 21,
  "test_mse": 0.1729399859905243,
  "test_mae": 0.2619946002960205,
  "test_rmse": 0.41586053371429443,
  "val_mse": 0.3988330066204071,
  "val_mae": 0.3141791820526123,
  "val_rmse": 0.6315322518348694,
  "n_params": 25042400,
  "best_epoch": 6,
  "total_epochs_run": 16,
  "total_train_time_sec": 322.9802596569061,
  "avg_epoch_time_sec": 20.10612116754055,
  "config": {},
  "batch_size": 32,
  "lr": 0.0001,
  "patience": 10,
  "optimizer": "Adam",
  "scheduler": "OneCycleLR",
  "loss": "MSE",
  "train_size": 36887,
  "val_size": 5269,
  "test_size": 10540,
  "channel_names": null,
  "save_artifacts": "minimal"
}