{
  "model": "Transformer",
  "dataset": "ETTh1",
  "seq_len": 96,
  "pred_len": 96,
  "enc_in": 7,
  "test_mse": 0.6218042969703674,
  "test_mae": 0.573067843914032,
  "test_rmse": 0.7885456681251526,
  "val_mse": 0.7641769051551819,
  "val_mae": 0.5986065864562988,
  "val_rmse": 0.8741721510887146,
  "n_params": 8524192,
  "best_epoch": 5,
  "total_epochs_run": 15,
  "total_train_time_sec": 45.906023263931274,
  "avg_epoch_time_sec": 3.032847213745117,
  "config": {},
  "batch_size": 32,
  "lr": 0.0001,
  "patience": 10,
  "optimizer": "Adam",
  "scheduler": "OneCycleLR",
  "loss": "MSE",
  "train_size": 8640,
  "val_size": 2880,
  "test_size": 5900,
  "channel_names": null,
  "save_artifacts": "minimal"
}