{
  "train_loss": [
    0.4287435710986678,
    0.3390900721124797,
    0.3181001862057117,
    0.304983025185423,
    0.2962961383059579,
    0.28941871747583237,
    0.28353392269486694,
    0.27840592082586385,
    0.2734171119975109,
    0.2692560948549755,
    0.2645901806242103,
    0.2611936633966439,
    0.2567827538365409,
    0.25236792969547844,
    0.24833736978436496
  ],
  "val_loss": [
    0.636555083328858,
    0.6125519261060451,
    0.6095679393884811,
    0.6054099861490116,
    0.5975064970129593,
    0.6055301045363938,
    0.6058760282414203,
    0.6150857006538321,
    0.6147086647423831,
    0.6364636576141823,
    0.6531578209251165,
    0.7164501775564118,
    0.7198088664815507,
    0.717645830728791,
    0.7368356079201807
  ],
  "val_mse": [
    0.6376015543937683,
    0.6135901212692261,
    0.6106576323509216,
    0.606412410736084,
    0.5985730886459351,
    0.6065827012062073,
    0.6069337725639343,
    0.6161401271820068,
    0.6157212257385254,
    0.637494683265686,
    0.6542633175849915,
    0.717728853225708,
    0.7209963202476501,
    0.718877375125885,
    0.7380577325820923
  ],
  "val_mae": [
    0.5279443264007568,
    0.5170580148696899,
    0.5173642635345459,
    0.5196995139122009,
    0.5170509219169617,
    0.522826075553894,
    0.5252588391304016,
    0.5326209664344788,
    0.5353817939758301,
    0.5433815121650696,
    0.5549967885017395,
    0.5752519965171814,
    0.5821660161018372,
    0.5806963443756104,
    0.5939604640007019
  ],
  "epoch_time": [
    16.196344137191772,
    16.095959901809692,
    15.700985431671143,
    15.561337232589722,
    15.64275336265564,
    15.834391832351685,
    15.897613286972046,
    15.786816835403442,
    15.751904249191284,
    15.72694182395935,
    15.763016700744629,
    15.781167268753052,
    15.8006432056427,
    15.780056238174438,
    15.809329271316528
  ],
  "lr": [
    4.2629653759445425e-06,
    5.0489802209054444e-06,
    6.349432256165882e-06,
    8.150072570961307e-06,
    1.0431171746236653e-05,
    1.3167736027733869e-05,
    1.6329781179824602e-05,
    1.9882661019501665e-05,
    2.3787447030818105e-05,
    2.800135490038022e-05,
    3.247821330039156e-05,
    3.716896978284338e-05,
    4.202222824182435e-05,
    4.6984812055033544e-05,
    5.200234673421694e-05
  ]
}