{
  "train_loss": [
    0.6490172726669531,
    0.46896915634473163,
    0.4352247869146281,
    0.4134416402071372,
    0.39775497394960047,
    0.3851032452336673,
    0.3730477671285242,
    0.3606601083415678,
    0.34877132261849914,
    0.3375871743278942,
    0.3296233135850037,
    0.3225123293098362,
    0.31486749626210825,
    0.30956954688861454,
    0.3021963869589042
  ],
  "val_loss": [
    1.1722749816935236,
    1.0562571239907568,
    1.0172568486958016,
    1.0053621904879082,
    0.9953048814360689,
    1.0087952050493985,
    1.0191611800251938,
    1.0798859716188618,
    1.1390508275206497,
    1.2085396345795654,
    1.233911077968958,
    1.2578162227461978,
    1.2839520758971936,
    1.2913232114983768,
    1.32720751769659
  ],
  "val_mse": [
    1.1793575286865234,
    1.0627696514129639,
    1.0238479375839233,
    1.0121690034866333,
    1.0019237995147705,
    1.016111969947815,
    1.0264711380004883,
    1.0883749723434448,
    1.148179292678833,
    1.218250036239624,
    1.2446781396865845,
    1.268782377243042,
    1.2954193353652954,
    1.3027055263519287,
    1.3385391235351562
  ],
  "val_mae": [
    0.7609030604362488,
    0.7176303267478943,
    0.6999988555908203,
    0.6947658658027649,
    0.6884478330612183,
    0.6900345087051392,
    0.6908223032951355,
    0.7137205600738525,
    0.7362831234931946,
    0.7590975761413574,
    0.7678943276405334,
    0.7779104113578796,
    0.7891450524330139,
    0.7952861785888672,
    0.8078996539115906
  ],
  "epoch_time": [
    3.858370542526245,
    3.822695732116699,
    3.8616535663604736,
    3.869533061981201,
    3.9182443618774414,
    3.9460251331329346,
    3.9552206993103027,
    3.987725257873535,
    3.9463438987731934,
    3.909022092819214,
    3.8672239780426025,
    3.8705368041992188,
    3.8617594242095947,
    3.839365243911743,
    3.8260817527770996
  ],
  "lr": [
    4.263016138275974e-06,
    5.0491821577291525e-06,
    6.3498824604228535e-06,
    8.150862664245873e-06,
    1.043238581676818e-05,
    1.3169448692616274e-05,
    1.6332055803964157e-05,
    1.988554812125722e-05,
    2.379098290171682e-05,
    2.8005560463082683e-05,
    3.248309322557756e-05,
    3.717451188186e-05,
    4.2028403147846146e-05,
    4.699157320118639e-05,
    5.200963063267088e-05
  ]
}