{
  "model": "Transformer",
  "dataset": "Weather",
  "seq_len": 96,
  "pred_len": 192,
  "enc_in": 21,
  "test_mse": 0.21664249897003174,
  "test_mae": 0.2988995909690857,
  "test_rmse": 0.4654487073421478,
  "val_mse": 0.4570366442203522,
  "val_mae": 0.358172208070755,
  "val_rmse": 0.6760448813438416,
  "n_params": 49817024,
  "best_epoch": 3,
  "total_epochs_run": 13,
  "total_train_time_sec": 405.7513918876648,
  "avg_epoch_time_sec": 31.098205933204063,
  "config": {},
  "batch_size": 32,
  "lr": 0.0001,
  "patience": 10,
  "optimizer": "Adam",
  "scheduler": "OneCycleLR",
  "loss": "MSE",
  "train_size": 36887,
  "val_size": 5269,
  "test_size": 10540,
  "channel_names": null,
  "save_artifacts": "minimal"
}