{
  "train_loss": [
    0.6983756721019745,
    0.5197001444023164,
    0.4841248874292999,
    0.4616771863132227,
    0.4418628670153071,
    0.42220450229332096,
    0.40405712899614554,
    0.3901877571813396,
    0.3797248758253504,
    0.36949044502660877,
    0.36119047650059716,
    0.352528873525682
  ],
  "val_loss": [
    1.3739487125323369,
    1.3032073103464568,
    1.3036030420890221,
    1.3140026147548969,
    1.3411593868182257,
    1.4003332688258245,
    1.4603634999348567,
    1.4687420414044308,
    1.4829143936817462,
    1.444528080866887,
    1.468650377713717,
    1.4422215892718389
  ],
  "val_mse": [
    1.3761290311813354,
    1.3052332401275635,
    1.3057249784469604,
    1.3161147832870483,
    1.343596339225769,
    1.4033838510513306,
    1.4642513990402222,
    1.473131537437439,
    1.4877134561538696,
    1.449070930480957,
    1.4738260507583618,
    1.4464166164398193
  ],
  "val_mae": [
    0.8322746157646179,
    0.8154654502868652,
    0.8124367594718933,
    0.8132553100585938,
    0.8185760378837585,
    0.8377811312675476,
    0.859894871711731,
    0.8616341948509216,
    0.8658446669578552,
    0.8524945378303528,
    0.862801730632782,
    0.8515284061431885
  ],
  "epoch_time": [
    7.968543529510498,
    8.06235122680664,
    8.088642358779907,
    8.170125961303711,
    8.091356992721558,
    8.035627841949463,
    7.988570690155029,
    7.969187259674072,
    7.971947431564331,
    7.970738410949707,
    7.9969141483306885,
    8.002984046936035
  ],
  "lr": [
    4.263020815344656e-06,
    5.049200763490954e-06,
    6.3499239406484935e-06,
    8.15093546054256e-06,
    1.0432497676572829e-05,
    1.3169606490642615e-05,
    1.6332265378086807e-05,
    1.9885814125604012e-05,
    2.3791308679488454e-05,
    2.8005947941328163e-05,
    3.248354283383014e-05,
    3.717502249618567e-05
  ]
}