{
  "model": "Transformer",
  "dataset": "ETTm1",
  "seq_len": 96,
  "pred_len": 720,
  "enc_in": 7,
  "test_mse": 0.7567484974861145,
  "test_mae": 0.6286700963973999,
  "test_rmse": 0.8699129223823547,
  "val_mse": 0.9538950324058533,
  "val_mae": 0.6563248038291931,
  "val_rmse": 0.9766755104064941,
  "n_params": 62202544,
  "best_epoch": 1,
  "total_epochs_run": 11,
  "total_train_time_sec": 380.9762442111969,
  "avg_epoch_time_sec": 34.58423590660095,
  "config": {},
  "batch_size": 32,
  "lr": 0.0001,
  "patience": 10,
  "optimizer": "Adam",
  "scheduler": "OneCycleLR",
  "loss": "MSE",
  "train_size": 34560,
  "val_size": 11520,
  "test_size": 23600,
  "channel_names": null,
  "save_artifacts": "minimal"
}