{
  "model": "Transformer",
  "dataset": "ETTm1",
  "seq_len": 96,
  "pred_len": 192,
  "enc_in": 7,
  "test_mse": 0.6369699835777283,
  "test_mae": 0.5779240131378174,
  "test_rmse": 0.7981039881706238,
  "val_mse": 0.5985730886459351,
  "val_mae": 0.5170509219169617,
  "val_rmse": 0.7736750245094299,
  "n_params": 16782400,
  "best_epoch": 5,
  "total_epochs_run": 15,
  "total_train_time_sec": 237.98614120483398,
  "avg_epoch_time_sec": 15.808617385228475,
  "config": {},
  "batch_size": 32,
  "lr": 0.0001,
  "patience": 10,
  "optimizer": "Adam",
  "scheduler": "OneCycleLR",
  "loss": "MSE",
  "train_size": 34560,
  "val_size": 11520,
  "test_size": 23600,
  "channel_names": null,
  "save_artifacts": "minimal"
}