{
  "train_loss": [
    0.5392649688954324,
    0.470929172590753,
    0.45417598140208426,
    0.4427360346962878,
    0.4334478642292849,
    0.42498129558010467,
    0.4180439903041509,
    0.4122822923114815,
    0.4066190535393287,
    0.4006606109916173,
    0.39564682548492497,
    0.3902055817221928,
    0.3849398434970427
  ],
  "val_loss": [
    0.47597939927035415,
    0.47419927398172707,
    0.4563243168000227,
    0.46075800562707275,
    0.46027150000326145,
    0.45912785398272365,
    0.47403201527702504,
    0.47006867974041366,
    0.4764382200172314,
    0.49129337191772765,
    0.48382354670992267,
    0.5177843445100081,
    0.5112873035459182
  ],
  "val_mse": [
    0.47674041986465454,
    0.4749475121498108,
    0.4570366442203522,
    0.4614987075328827,
    0.46102067828178406,
    0.45985469222068787,
    0.4747946858406067,
    0.47084370255470276,
    0.47724536061286926,
    0.49211761355400085,
    0.48462894558906555,
    0.5186430811882019,
    0.5121110081672668
  ],
  "val_mae": [
    0.3740648031234741,
    0.37103912234306335,
    0.358172208070755,
    0.3606739640235901,
    0.36443665623664856,
    0.355323851108551,
    0.3687974512577057,
    0.3691919147968292,
    0.3692567050457001,
    0.38122057914733887,
    0.37730443477630615,
    0.40307724475860596,
    0.39975160360336304
  ],
  "epoch_time": [
    31.051708459854126,
    31.137688636779785,
    31.152100086212158,
    31.157623767852783,
    31.1073100566864,
    31.084625482559204,
    31.074276447296143,
    31.059290409088135,
    31.048397302627563,
    31.117786645889282,
    31.071515321731567,
    31.094165563583374,
    31.12018895149231
  ],
  "lr": [
    4.262964345750139e-06,
    5.048976122703225e-06,
    6.34942311949768e-06,
    8.150056536396178e-06,
    1.0431147107214982e-05,
    1.3167701269889412e-05,
    1.6329735017127904e-05,
    1.9882602426614504e-05,
    2.3787375271104537e-05,
    2.8001269549083268e-05,
    3.247811426255612e-05,
    3.716885730564379e-05,
    4.202210292103766e-05
  ]
}