{
  "model": "Transformer",
  "dataset": "ETTh1",
  "seq_len": 96,
  "pred_len": 720,
  "enc_in": 7,
  "test_mse": 1.1266956329345703,
  "test_mae": 0.8087632656097412,
  "test_rmse": 1.0614591836929321,
  "val_mse": 1.3052332401275635,
  "val_mae": 0.8154654502868652,
  "val_rmse": 1.1424680948257446,
  "n_params": 62202544,
  "best_epoch": 2,
  "total_epochs_run": 12,
  "total_train_time_sec": 97.47539401054382,
  "avg_epoch_time_sec": 8.026415824890137,
  "config": {},
  "batch_size": 32,
  "lr": 0.0001,
  "patience": 10,
  "optimizer": "Adam",
  "scheduler": "OneCycleLR",
  "loss": "MSE",
  "train_size": 8640,
  "val_size": 2880,
  "test_size": 5900,
  "channel_names": null,
  "save_artifacts": "minimal"
}