{
  "train_loss": [
    0.635555321520025,
    0.44328112956700905,
    0.4061692696854924,
    0.3824408776832349,
    0.36515200465466036,
    0.3502713702619076,
    0.3380634304926251,
    0.326854284626968,
    0.3166010238681779,
    0.3079004851028775,
    0.30002421016494435,
    0.2941374336792664,
    0.2866891896860166,
    0.280657983243917,
    0.2750331772434892
  ],
  "val_loss": [
    0.9989407067789751,
    0.8622398176613976,
    0.8111237511915319,
    0.7842028254971785,
    0.7604882145629209,
    0.7677370474619024,
    0.7609752398203401,
    0.7789547885165495,
    0.8166539644493777,
    0.822849324959166,
    0.8572785891154233,
    0.9078779402901145,
    0.9158271174220478,
    0.952901623880162,
    0.9228459030389786
  ],
  "val_mse": [
    1.0035446882247925,
    0.8661504983901978,
    0.814941942691803,
    0.7878567576408386,
    0.7641769051551819,
    0.771263062953949,
    0.7649722099304199,
    0.7828655242919922,
    0.82133948802948,
    0.8283416032791138,
    0.8624237775802612,
    0.9133443236351013,
    0.921464741230011,
    0.9584298729896545,
    0.9285773038864136
  ],
  "val_mae": [
    0.6988528370857239,
    0.6467273235321045,
    0.6246442794799805,
    0.6090774536132812,
    0.5986065864562988,
    0.5987886190414429,
    0.5932168960571289,
    0.6022050380706787,
    0.6139749884605408,
    0.6205706596374512,
    0.636623203754425,
    0.6553843021392822,
    0.6618865728378296,
    0.6748049259185791,
    0.6685901284217834
  ],
  "epoch_time": [
    3.088325262069702,
    2.9597363471984863,
    2.9877266883850098,
    3.0159411430358887,
    3.045121192932129,
    3.0374975204467773,
    3.061814069747925,
    3.099219799041748,
    3.0874245166778564,
    3.048992395401001,
    3.040170431137085,
    3.0277092456817627,
    3.0251898765563965,
    2.9918408393859863,
    2.975998878479004
  ],
  "lr": [
    4.263015375450394e-06,
    5.0491791231464355e-06,
    6.349875695035382e-06,
    8.150850791233805e-06,
    1.0432367572529066e-05,
    1.3169422955886605e-05,
    1.6332021622586363e-05,
    1.988550473613996e-05,
    2.379092976757787e-05,
    2.800549726561108e-05,
    3.2483019894703906e-05,
    3.717442860088225e-05,
    4.202831035821916e-05,
    4.6991471602848046e-05,
    5.200952117984489e-05
  ]
}