{
  "train_loss": [
    0.6236016435652786,
    0.5616777132809849,
    0.5452883296977553,
    0.5326165639148313,
    0.5215820843071248,
    0.5120010051773837,
    0.5034187821656492,
    0.4958566672630615,
    0.48784885516500937,
    0.4801930485040399,
    0.47293661266380216,
    0.4659586734441708
  ],
  "val_loss": [
    0.6460297948547772,
    0.6367759217108999,
    0.6477201758750848,
    0.6515409066208772,
    0.6527526633015701,
    0.6653057905180114,
    0.6790096049862249,
    0.6675791626530034,
    0.724886918919427,
    0.6777866611523288,
    0.7227584870798247,
    0.6912739142775536
  ],
  "val_mse": [
    0.6466881632804871,
    0.6372750401496887,
    0.6482676267623901,
    0.6518731713294983,
    0.6529220342636108,
    0.6654783487319946,
    0.6783465147018433,
    0.6665898561477661,
    0.7234520316123962,
    0.6763882637023926,
    0.7211045026779175,
    0.6894600987434387
  ],
  "val_mae": [
    0.4787980616092682,
    0.46653321385383606,
    0.471973180770874,
    0.47263211011886597,
    0.47340378165245056,
    0.47913965582847595,
    0.4893485903739929,
    0.4849883019924164,
    0.5125350952148438,
    0.48685213923454285,
    0.5110465288162231,
    0.4940926134586334
  ],
  "epoch_time": [
    88.31360745429993,
    88.3169059753418,
    88.21897339820862,
    87.99417495727539,
    88.04580497741699,
    88.0689787864685,
    88.02057766914368,
    88.06378555297852,
    88.00982904434204,
    88.07503366470337,
    88.05437064170837,
    88.0408387184143
  ],
  "lr": [
    4.262964563306229e-06,
    5.048976988160088e-06,
    6.3494250489759725e-06,
    8.150059922569925e-06,
    1.0431152310474937e-05,
    1.3167708610039059e-05,
    1.6329744765750698e-05,
    1.988261480024134e-05,
    2.3787390425298314e-05,
    2.8001287573544464e-05,
    3.2478135177337866e-05,
    3.716888105854854e-05
  ]
}