{
  "model": "Transformer",
  "dataset": "ETTh1",
  "seq_len": 96,
  "pred_len": 336,
  "enc_in": 7,
  "test_mse": 0.9221343398094177,
  "test_mae": 0.7145575881004333,
  "test_rmse": 0.9602782726287842,
  "val_mse": 1.1798474788665771,
  "val_mae": 0.7578112483024597,
  "val_rmse": 1.0862078666687012,
  "n_params": 29169712,
  "best_epoch": 4,
  "total_epochs_run": 14,
  "total_train_time_sec": 72.43100690841675,
  "avg_epoch_time_sec": 5.091417057173593,
  "config": {},
  "batch_size": 32,
  "lr": 0.0001,
  "patience": 10,
  "optimizer": "Adam",
  "scheduler": "OneCycleLR",
  "loss": "MSE",
  "train_size": 8640,
  "val_size": 2880,
  "test_size": 5900,
  "channel_names": null,
  "save_artifacts": "minimal"
}