{
  "model": "Transformer",
  "dataset": "ETTh1",
  "seq_len": 96,
  "pred_len": 192,
  "enc_in": 7,
  "test_mse": 0.753816545009613,
  "test_mae": 0.6375123858451843,
  "test_rmse": 0.8682261109352112,
  "val_mse": 1.0019237995147705,
  "val_mae": 0.6884478330612183,
  "val_rmse": 1.000961422920227,
  "n_params": 16782400,
  "best_epoch": 5,
  "total_epochs_run": 15,
  "total_train_time_sec": 59.19231963157654,
  "avg_epoch_time_sec": 3.8893201033274334,
  "config": {},
  "batch_size": 32,
  "lr": 0.0001,
  "patience": 10,
  "optimizer": "Adam",
  "scheduler": "OneCycleLR",
  "loss": "MSE",
  "train_size": 8640,
  "val_size": 2880,
  "test_size": 5900,
  "channel_names": null,
  "save_artifacts": "minimal"
}