{
  "train_loss": [
    0.46663000108936264,
    0.37737408000801115,
    0.35499274182722224,
    0.34167565654187443,
    0.3325319570571352,
    0.32532156796996636,
    0.31833809141705677,
    0.3121827499028889,
    0.3062262303889581,
    0.30033835539451015,
    0.2949281243736704,
    0.28900929176952783,
    0.28395100070712265
  ],
  "val_loss": [
    0.742731096249836,
    0.7231680574351841,
    0.7100434403125766,
    0.7172967263360532,
    0.7223622164224686,
    0.7257186243530652,
    0.75290388199541,
    0.791261101361654,
    0.8047627093383146,
    0.8650978152191948,
    0.9097079677179842,
    0.9596128900044246,
    1.0124213470076278
  ],
  "val_mse": [
    0.7432587146759033,
    0.7237198948860168,
    0.7105749845504761,
    0.7178344130516052,
    0.7228789329528809,
    0.7262425422668457,
    0.7533912658691406,
    0.7917695045471191,
    0.8053830862045288,
    0.8657379150390625,
    0.910411536693573,
    0.9604032635688782,
    1.0131564140319824
  ],
  "val_mae": [
    0.577377438545227,
    0.5647932291030884,
    0.5649107694625854,
    0.5677657723426819,
    0.5711806416511536,
    0.574069619178772,
    0.5879236459732056,
    0.6024159789085388,
    0.6084755063056946,
    0.6315566301345825,
    0.6489193439483643,
    0.6594594120979309,
    0.6832231879234314
  ],
  "epoch_time": [
    21.35007905960083,
    21.02161931991577,
    20.929261684417725,
    20.981741905212402,
    21.133439779281616,
    20.95439338684082,
    20.972779512405396,
    20.934760332107544,
    20.966081619262695,
    21.010645866394043,
    21.015909910202026,
    20.974615812301636,
    20.954329252243042
  ],
  "lr": [
    4.262965452653676e-06,
    5.0489805260610035e-06,
    6.349432936489816e-06,
    8.150073764908361e-06,
    1.0431173580878616e-05,
    1.3167738615831642e-05,
    1.63297846171369e-05,
    1.9882665382375876e-05,
    2.3787452374104574e-05,
    2.800136125570648e-05,
    3.247822067482777e-05,
    3.7168978157984454e-05,
    4.202223757330787e-05
  ]
}