{
  "train_loss": [
    0.5034371047795964,
    0.4259718729095309,
    0.40692756049348006,
    0.39411250278223664,
    0.3844059100975957,
    0.37668364450829606,
    0.3702793933880267,
    0.36446565061963665,
    0.35958584582670405,
    0.35495959265225846,
    0.3509049943890455,
    0.3458773100823424,
    0.34240367060712495,
    0.3383342963082628,
    0.33387532800332,
    0.3301087117528
  ],
  "val_loss": [
    0.43251824594518673,
    0.41691331926194375,
    0.40931626746677,
    0.4047663639879452,
    0.4051924048917099,
    0.39823824940425046,
    0.3988619483070179,
    0.416536659939484,
    0.41646573556669103,
    0.42881222690145177,
    0.430728351451316,
    0.42690004263096637,
    0.45056121250462233,
    0.4560550409105589,
    0.4934631474550415,
    0.49123073725392985
  ],
  "val_mse": [
    0.4331667125225067,
    0.4175342321395874,
    0.40994182229042053,
    0.4053715169429779,
    0.40579038858413696,
    0.3988330066204071,
    0.3994643986225128,
    0.4171648919582367,
    0.4170939326286316,
    0.42948445677757263,
    0.43140193819999695,
    0.42756187915802,
    0.45126640796661377,
    0.4567612409591675,
    0.4941945970058441,
    0.49199604988098145
  ],
  "val_mae": [
    0.3466891348361969,
    0.33435535430908203,
    0.32902514934539795,
    0.3227108120918274,
    0.3225758969783783,
    0.3141791820526123,
    0.31718650460243225,
    0.3342626690864563,
    0.3308815360069275,
    0.33442753553390503,
    0.341851145029068,
    0.33591392636299133,
    0.3506122827529907,
    0.35135114192962646,
    0.3902231454849243,
    0.372219979763031
  ],
  "epoch_time": [
    20.343042850494385,
    19.663756847381592,
    19.841163873672485,
    20.13629126548767,
    20.34512162208557,
    20.126023054122925,
    20.04323124885559,
    20.116695165634155,
    20.174907207489014,
    20.18901491165161,
    20.153888940811157,
    20.10539174079895,
    20.119192361831665,
    20.099213123321533,
    20.09106731414795,
    20.14993715286255
  ],
  "lr": [
    4.2629643056347e-06,
    5.048975963120578e-06,
    6.3494227637187975e-06,
    8.150055912015437e-06,
    1.0431146147779475e-05,
    1.316769991643017e-05,
    1.6329733219567295e-05,
    1.9882600145026147e-05,
    2.3787372476803966e-05,
    2.8001266225530463e-05,
    3.247811040605342e-05,
    3.716885292581595e-05,
    4.202209804108384e-05,
    4.698466949219831e-05,
    5.2002193147667464e-05,
    5.701969277315523e-05
  ]
}