{
  "model": "Transformer",
  "dataset": "ETTm1",
  "seq_len": 96,
  "pred_len": 336,
  "enc_in": 7,
  "test_mse": 0.6598687767982483,
  "test_mae": 0.5802795886993408,
  "test_rmse": 0.8123230934143066,
  "val_mse": 0.7105749845504761,
  "val_mae": 0.5649107694625854,
  "val_rmse": 0.8429561257362366,
  "n_params": 29169712,
  "best_epoch": 3,
  "total_epochs_run": 13,
  "total_train_time_sec": 273.89127230644226,
  "avg_epoch_time_sec": 21.015358264629658,
  "config": {},
  "batch_size": 32,
  "lr": 0.0001,
  "patience": 10,
  "optimizer": "Adam",
  "scheduler": "OneCycleLR",
  "loss": "MSE",
  "train_size": 34560,
  "val_size": 11520,
  "test_size": 23600,
  "channel_names": null,
  "save_artifacts": "minimal"
}