{
  "model": "Transformer",
  "dataset": "Weather",
  "seq_len": 96,
  "pred_len": 720,
  "enc_in": 21,
  "test_mse": 0.33431336283683777,
  "test_mae": 0.3829725384712219,
  "test_rmse": 0.5781983733177185,
  "val_mse": 0.6372750401496887,
  "val_mae": 0.46653321385383606,
  "val_rmse": 0.7982950806617737,
  "n_params": 186077456,
  "best_epoch": 2,
  "total_epochs_run": 12,
  "total_train_time_sec": 1060.791882276535,
  "avg_epoch_time_sec": 88.10190673669179,
  "config": {},
  "batch_size": 32,
  "lr": 0.0001,
  "patience": 10,
  "optimizer": "Adam",
  "scheduler": "OneCycleLR",
  "loss": "MSE",
  "train_size": 36887,
  "val_size": 5269,
  "test_size": 10540,
  "channel_names": null,
  "save_artifacts": "minimal"
}