{
  "train_loss": [
    0.5026402573544794,
    0.4214154760118228,
    0.3995514337319803,
    0.38499178979157045,
    0.3743761682872302,
    0.3660808039910427,
    0.35762180289009715,
    0.34980534732454865,
    0.34289351888919917,
    0.3359633649945033,
    0.3286213750687677
  ],
  "val_loss": [
    0.9530886098075269,
    0.9541094602043949,
    0.9834594525508027,
    1.0193875141108213,
    1.0184214331765673,
    1.034176566618592,
    1.0636686885534827,
    1.0876491089810187,
    1.0922505163879537,
    1.139691799790112,
    1.1482320177910932
  ],
  "val_mse": [
    0.9538950324058533,
    0.9549283385276794,
    0.9842869639396667,
    1.0202664136886597,
    1.0192991495132446,
    1.0350310802459717,
    1.0646003484725952,
    1.0885841846466064,
    1.0931836366653442,
    1.1406371593475342,
    1.1491267681121826
  ],
  "val_mae": [
    0.6563248038291931,
    0.6543720364570618,
    0.6677091121673584,
    0.6845545172691345,
    0.6846833825111389,
    0.6915263533592224,
    0.7032837867736816,
    0.7124988436698914,
    0.7143673300743103,
    0.7360737323760986,
    0.7357577085494995
  ],
  "epoch_time": [
    34.745492696762085,
    34.37893486022949,
    34.47737789154053,
    34.4663724899292,
    34.63464283943176,
    34.63391971588135,
    34.65150690078735,
    34.64806389808655,
    34.706074476242065,
    34.63273525238037,
    34.45147395133972
  ],
  "lr": [
    4.262965639725131e-06,
    5.048981270247359e-06,
    6.3494345956036075e-06,
    8.150076676600719e-06,
    1.043117805504099e-05,
    1.316774492745527e-05,
    1.6329792999749605e-05,
    1.9882676022166804e-05,
    2.3787465404837764e-05,
    2.8001376754512237e-05,
    3.247823865894804e-05
  ]
}