{
  "train_loss": [
    0.5801048441033703,
    0.5147050111779421,
    0.49828675480868545,
    0.4865096601296978,
    0.47577755766756397,
    0.4664092508976244,
    0.4584270578999599,
    0.45098700614431847,
    0.44462612020121633,
    0.43815023662020386,
    0.43138692158423986,
    0.42589439182191485,
    0.41947455666272443
  ],
  "val_loss": [
    0.5422174376680663,
    0.5298940756015087,
    0.5232586885165227,
    0.5354128609362402,
    0.5433321681461836,
    0.5485435346827695,
    0.5472648435909497,
    0.5511177793929452,
    0.5653050406590888,
    0.5747668305902105,
    0.5911910276075727,
    0.5958565370620865,
    0.6105010251661664
  ],
  "val_mse": [
    0.5443007946014404,
    0.531869649887085,
    0.5251266956329346,
    0.5373255014419556,
    0.5452316999435425,
    0.5503817200660706,
    0.5490691661834717,
    0.5527681708335876,
    0.5668836832046509,
    0.5763083696365356,
    0.5928995013237,
    0.5977614521980286,
    0.612287700176239
  ],
  "val_mae": [
    0.42045217752456665,
    0.40993210673332214,
    0.4017675518989563,
    0.41294994950294495,
    0.41808539628982544,
    0.42149659991264343,
    0.42048296332359314,
    0.4220741391181946,
    0.43144315481185913,
    0.43503183126449585,
    0.451725572347641,
    0.45257067680358887,
    0.4610893428325653
  ],
  "epoch_time": [
    47.16368913650513,
    47.21609401702881,
    47.27917742729187,
    47.24247884750366,
    47.14284420013428,
    47.14115357398987,
    47.15780162811279,
    47.16589570045471,
    47.06580877304077,
    47.08346700668335,
    47.13256287574768,
    47.0875825881958,
    47.15202260017395
  ],
  "lr": [
    4.2629643995661134e-06,
    5.048976336787821e-06,
    6.349423596784985e-06,
    8.150057374020433e-06,
    1.0431148394324575e-05,
    1.316770308559287e-05,
    1.632973742860574e-05,
    1.988260548742914e-05,
    2.378737901973695e-05,
    2.800127400772232e-05,
    3.247811943616232e-05,
    3.716886318130525e-05,
    4.2022109467631986e-05
  ]
}