{
  "train_loss": [
    0.40650409029959744,
    0.30911634969256224,
    0.2859509574662152,
    0.2707120057063618,
    0.26157363333515615,
    0.25462444176554017,
    0.24821247908267674,
    0.24267660064737223,
    0.2374951578191095,
    0.2329146498241904,
    0.22898873016654447,
    0.2249433349686184,
    0.22142911438779903,
    0.2176454967404655,
    0.21439826220717953,
    0.2100369506264088
  ],
  "val_loss": [
    0.5802457059982796,
    0.5489246024212368,
    0.5408279371093696,
    0.528100337465884,
    0.5075586759498422,
    0.4914233684539795,
    0.5181167979055727,
    0.5230956186291198,
    0.5368825102356118,
    0.5400284101215886,
    0.5487886314450855,
    0.5637465592841028,
    0.64549976677542,
    0.6458104268346034,
    0.6482015679000129,
    0.652764363146164
  ],
  "val_mse": [
    0.581329882144928,
    0.5499206781387329,
    0.5418580174446106,
    0.5290670394897461,
    0.5084941983222961,
    0.4921863377094269,
    0.5189437866210938,
    0.523960530757904,
    0.537757933139801,
    0.5409139394760132,
    0.5498232245445251,
    0.5647055506706238,
    0.6466376781463623,
    0.6470546126365662,
    0.6492952704429626,
    0.6540045142173767
  ],
  "val_mae": [
    0.49331891536712646,
    0.4747125208377838,
    0.471998393535614,
    0.4704422354698181,
    0.46291643381118774,
    0.4604308009147644,
    0.4725151062011719,
    0.47265663743019104,
    0.47939062118530273,
    0.47941356897354126,
    0.48584043979644775,
    0.49325159192085266,
    0.5232213139533997,
    0.5259780883789062,
    0.527673065662384,
    0.5272955894470215
  ],
  "epoch_time": [
    12.409536123275757,
    12.471181631088257,
    12.130360841751099,
    11.976791858673096,
    11.914095878601074,
    11.951576709747314,
    12.013468742370605,
    12.113543510437012,
    12.207561016082764,
    12.203476190567017,
    12.132374048233032,
    12.09168553352356,
    12.099002361297607,
    12.124792337417603,
    12.069040775299072,
    12.095184803009033
  ],
  "lr": [
    4.262965330261914e-06,
    5.048980039175989e-06,
    6.349431851012242e-06,
    8.150071859929406e-06,
    1.0431170653651362e-05,
    1.3167734486442632e-05,
    1.6329779132800187e-05,
    1.9882658421276848e-05,
    2.378744384872784e-05,
    2.8001351115589326e-05,
    3.24782089086895e-05,
    3.716896479519096e-05,
    4.202222268464067e-05,
    4.698480597021596e-05,
    5.200234017888999e-05,
    5.701984874648423e-05
  ]
}