{
  "model": "Transformer",
  "dataset": "Weather",
  "seq_len": 96,
  "pred_len": 336,
  "enc_in": 21,
  "test_mse": 0.272672176361084,
  "test_mae": 0.34163805842399597,
  "test_rmse": 0.5221801996231079,
  "val_mse": 0.5251266956329346,
  "val_mae": 0.4017675518989563,
  "val_rmse": 0.7246562838554382,
  "n_params": 86978960,
  "best_epoch": 3,
  "total_epochs_run": 13,
  "total_train_time_sec": 615.5501928329468,
  "avg_epoch_time_sec": 47.1561983365279,
  "config": {},
  "batch_size": 32,
  "lr": 0.0001,
  "patience": 10,
  "optimizer": "Adam",
  "scheduler": "OneCycleLR",
  "loss": "MSE",
  "train_size": 36887,
  "val_size": 5269,
  "test_size": 10540,
  "channel_names": null,
  "save_artifacts": "minimal"
}