{
  "train_loss": [
    0.6762126925168559,
    0.4967349877115339,
    0.46207372681237757,
    0.4409567565890029,
    0.4253720360575244,
    0.41234994283877313,
    0.4003709638491273,
    0.388543501496315,
    0.37481627438683063,
    0.3622770893853158,
    0.3515408552484587,
    0.34246914298273623,
    0.33561824122443795,
    0.3275751352775842
  ],
  "val_loss": [
    1.2833609577123222,
    1.1805514077861587,
    1.1762713306135946,
    1.1750633941068278,
    1.1824375363913449,
    1.1777353716361059,
    1.177823752938927,
    1.2213935124409663,
    1.2921964030761224,
    1.2943448641083457,
    1.337874297197763,
    1.3687221574318873,
    1.4282555491119235,
    1.4967635792571228
  ],
  "val_mse": [
    1.2883799076080322,
    1.1851248741149902,
    1.1809948682785034,
    1.1798474788665771,
    1.1871817111968994,
    1.1825976371765137,
    1.1826668977737427,
    1.2263970375061035,
    1.2975714206695557,
    1.2997453212738037,
    1.3432598114013672,
    1.3738754987716675,
    1.4336949586868286,
    1.5025442838668823
  ],
  "val_mae": [
    0.800515353679657,
    0.7664204239845276,
    0.7613683342933655,
    0.7578112483024597,
    0.7585995197296143,
    0.7552688717842102,
    0.7549186944961548,
    0.7686581015586853,
    0.7935303449630737,
    0.7929946780204773,
    0.8112510442733765,
    0.8250612616539001,
    0.8458756804466248,
    0.8653190732002258
  ],
  "epoch_time": [
    5.054156303405762,
    5.056565284729004,
    5.09674859046936,
    5.132371187210083,
    5.170693635940552,
    5.187389612197876,
    5.163568496704102,
    5.1160948276519775,
    5.088661432266235,
    5.056664228439331,
    5.0414252281188965,
    5.0479302406311035,
    5.022532224655151,
    5.045037508010864
  ],
  "lr": [
    4.263017449390196e-06,
    5.0491873734489085e-06,
    6.349894088500627e-06,
    8.150883071103771e-06,
    1.0432417174234012e-05,
    1.3169492927870432e-05,
    1.6332114553533467e-05,
    1.988562268983278e-05,
    2.379107422650186e-05,
    2.8005669084295198e-05,
    3.248321926364158e-05,
    3.717465502172063e-05,
    4.202856263073787e-05,
    4.6991747824072515e-05
  ]
}