{
  "model": "PatchTST",
  "dataset": "ETTh1",
  "seq_len": 336,
  "pred_len": 720,
  "enc_in": 7,
  "test_mse": 0.665596067905426,
  "test_mae": 0.5854998230934143,
  "test_rmse": 0.8158407211303711,
  "val_mse": 1.336359977722168,
  "val_mae": 0.8126785755157471,
  "val_rmse": 1.156010389328003,
  "n_params": 501840,
  "best_epoch": 10,
  "total_epochs_run": 20,
  "total_train_time_sec": 52.146344900131226,
  "avg_epoch_time_sec": 2.597859227657318,
  "config": {
    "patch_len": 16,
    "stride": 8,
    "d_model": 16,
    "n_heads": 4,
    "d_ff": 128
  },
  "batch_size": 32,
  "lr": 0.0001,
  "patience": 10,
  "seed": 2023,
  "experiment_tag": "seed2023",
  "optimizer": "Adam",
  "scheduler": "OneCycleLR",
  "loss": "MSE",
  "train_size": 8640,
  "val_size": 2880,
  "test_size": 5900,
  "channel_names": null,
  "save_artifacts": "minimal"
}