{
  "train_loss": [
    0.477812263577351,
    0.42970381570408883,
    0.42236161471096356,
    0.41773982022985917,
    0.412186851189494,
    0.4075014941899574,
    0.4033653196712392,
    0.3992517225892633,
    0.39470849667943536,
    0.3901619135251815,
    0.3855268255288872,
    0.38049134973582477,
    0.37564571194685176,
    0.3708502595609102,
    0.36526234566083726,
    0.3598602921937689,
    0.3540139495757157
  ],
  "val_loss": [
    0.9957579322522734,
    0.9855911433696747,
    0.9746898138305036,
    0.97079055942595,
    0.9689641375912399,
    0.9639515512872759,
    0.9579979243074975,
    0.962923522584322,
    0.9822113554379562,
    0.9833394254035339,
    0.9960682038217783,
    1.0203940262336557,
    1.0064829527059707,
    1.019009364314559,
    1.0115287460659335,
    1.016845155143883,
    1.026135759110131
  ],
  "val_mse": [
    0.9976855516433716,
    0.9874811172485352,
    0.9765476584434509,
    0.9726381897926331,
    0.9707819223403931,
    0.9657822251319885,
    0.9598559737205505,
    0.9648396372795105,
    0.9842728972434998,
    0.9854062795639038,
    0.9981992840766907,
    1.022686243057251,
    1.008777379989624,
    1.0212827920913696,
    1.0138922929763794,
    1.019205093383789,
    1.0285741090774536
  ],
  "val_mae": [
    0.6576211452484131,
    0.652367889881134,
    0.6494334936141968,
    0.6498562097549438,
    0.651746392250061,
    0.6497400403022766,
    0.6484136581420898,
    0.6499524712562561,
    0.6574369072914124,
    0.6577615737915039,
    0.6626187562942505,
    0.6735664010047913,
    0.6655293107032776,
    0.6714009642601013,
    0.6706817150115967,
    0.6712474822998047,
    0.6775277853012085
  ],
  "epoch_time": [
    39.02625226974487,
    38.92389178276062,
    38.87480449676514,
    38.84892821311951,
    38.92358088493347,
    38.878764390945435,
    38.91613578796387,
    38.88323783874512,
    38.8781795501709,
    38.933799743652344,
    38.92839312553406,
    38.93325901031494,
    38.907490730285645,
    38.902148962020874,
    38.88460087776184,
    38.871275186538696,
    38.90690875053406
  ],
  "lr": [
    4.262965750830537e-06,
    5.0489817122342605e-06,
    6.3494355809838555e-06,
    8.150078405911966e-06,
    1.0431180712333819e-05,
    1.3167748676052351e-05,
    1.632979797834765e-05,
    1.9882682341347145e-05,
    2.3787473144045435e-05,
    2.800138595955634e-05,
    3.24782493400688e-05,
    3.71690107130736e-05,
    4.202227384580323e-05,
    4.698486198893786e-05,
    5.200240052926407e-05,
    5.7019912767216076e-05,
    6.19824222914208e-05
  ]
}