{
  "train_loss": [
    0.728280315286086,
    0.6488979684976721,
    0.5877341461982651,
    0.5427457902271285,
    0.5108156231316653,
    0.4864906213971466,
    0.46646449040518445,
    0.449974501439234,
    0.4372196156281256,
    0.4270917098277171,
    0.41928105580476904,
    0.4138987228097652,
    0.40988066179950244,
    0.40664599311681604,
    0.4039983339460471,
    0.4015400175284962,
    0.3995997658360146,
    0.39759324956317194,
    0.3962758209394372,
    0.3949270425106697,
    0.3932267568799347,
    0.39161079556574463,
    0.3902415769844658,
    0.38914533884157776,
    0.38749612708807935,
    0.3854319131657069,
    0.38305861817989423,
    0.38122451270050683,
    0.37918411224727105,
    0.37734714998558105
  ],
  "val_loss": [
    1.624868332534223,
    1.4526785894020184,
    1.3226406827971742,
    1.2332365581312694,
    1.1666459255927317,
    1.1137904246916641,
    1.0706341049155674,
    1.0370976012703534,
    1.0138330072970003,
    0.9980049068863327,
    0.9872204957378877,
    0.9816960261480229,
    0.9794020946766879,
    0.9789829461558445,
    0.9733822963930465,
    0.980014378355967,
    0.9722606056445354,
    0.9705300210295497,
    0.9791353622803817,
    0.9704304595251341,
    0.9719348479364369,
    0.9879517009532129,
    0.9904326979775686,
    0.9846502012900404,
    0.978776374982821,
    1.0010579228401184,
    0.9886541525657112,
    1.0089291877843238,
    1.0046382510178797,
    1.0190765171034917
  ],
  "val_mse": [
    1.63051176071167,
    1.4579670429229736,
    1.3277097940444946,
    1.2382025718688965,
    1.1715397834777832,
    1.11859929561615,
    1.075339913368225,
    1.0416855812072754,
    1.0183749198913574,
    1.0024914741516113,
    0.9916738867759705,
    0.9861342310905457,
    0.9838780164718628,
    0.9834870100021362,
    0.9778167605400085,
    0.9844995737075806,
    0.9766718149185181,
    0.9749437570571899,
    0.9836140275001526,
    0.9748526811599731,
    0.976378858089447,
    0.9925315976142883,
    0.9950700998306274,
    0.9891694188117981,
    0.9832261800765991,
    1.0057129859924316,
    0.9932421445846558,
    1.0136669874191284,
    1.0093019008636475,
    1.0238821506500244
  ],
  "val_mae": [
    0.9206032156944275,
    0.8620738983154297,
    0.8152410984039307,
    0.781629204750061,
    0.7548240423202515,
    0.7320374846458435,
    0.7127499580383301,
    0.6976672410964966,
    0.68573397397995,
    0.6779072880744934,
    0.67169189453125,
    0.6685483455657959,
    0.6665233373641968,
    0.6647880673408508,
    0.6615360379219055,
    0.6619021892547607,
    0.6601964235305786,
    0.6590345501899719,
    0.6593835949897766,
    0.6565394401550293,
    0.6580058336257935,
    0.6617980003356934,
    0.6584652662277222,
    0.6583572030067444,
    0.6577304601669312,
    0.6646786332130432,
    0.6605472564697266,
    0.6686463952064514,
    0.6678333878517151,
    0.6699856519699097
  ],
  "epoch_time": [
    2.6639394760131836,
    2.659929037094116,
    2.6638176441192627,
    2.641503095626831,
    2.6107864379882812,
    2.6431326866149902,
    2.5957250595092773,
    2.6134376525878906,
    2.600036144256592,
    2.6130189895629883,
    2.65102219581604,
    2.655362844467163,
    2.696373701095581,
    2.6888883113861084,
    2.723137617111206,
    2.66597580909729,
    2.6512367725372314,
    2.6242573261260986,
    2.641493082046509,
    2.631701946258545,
    2.6189043521881104,
    2.641639471054077,
    2.6020166873931885,
    2.6240768432617188,
    2.6112639904022217,
    2.674196481704712,
    2.689121961593628,
    2.638241767883301,
    2.6430463790893555,
    2.619995355606079
  ],
  "lr": [
    4.26301826093852e-06,
    5.049190601854597e-06,
    6.349901286002173e-06,
    8.150895702459219e-06,
    1.043243658375172e-05,
    1.3169520308427252e-05,
    1.6332150918098038e-05,
    1.9885668845974608e-05,
    2.3791130754323496e-05,
    2.8005736318174036e-05,
    3.248329727811184e-05,
    3.717474362176484e-05,
    4.2028661346691635e-05,
    4.699185591127769e-05,
    5.200993519872813e-05,
    5.7027905605399754e-05,
    6.199077472088408e-05,
    6.684415399501359e-05,
    7.153485478710677e-05,
    7.601147126529197e-05,
    8.022494376786171e-05,
    8.41290964527268e-05,
    8.768114334282015e-05,
    9.08421572216499e-05,
    9.357749624033222e-05,
    9.585718356087661e-05,
    9.765623587517755e-05,
    9.89549371994415e-05,
    9.973905494351068e-05,
    9.999999921331496e-05
  ]
}