{
  "train_loss": [
    0.8669563876425667,
    0.8027703895347531,
    0.7498824541075824,
    0.7099134298316537,
    0.6809860528269901,
    0.6574947665512311,
    0.6375243100435924,
    0.6212694681394956,
    0.6084565806992447,
    0.5980693257810697,
    0.589564266964353,
    0.5822500248247058,
    0.5743609507124132,
    0.5642379567592959,
    0.5538459422719126,
    0.5462284647714236,
    0.5395731949856513,
    0.5327357933994084,
    0.5276894881252499,
    0.5221159825345132
  ],
  "val_loss": [
    1.8301079828163673,
    1.6812563805744565,
    1.566380035260628,
    1.4932587578378875,
    1.4459857015774167,
    1.4092417307968796,
    1.3800878720036869,
    1.357487678527832,
    1.340737358249467,
    1.3303039762480506,
    1.3324214055620391,
    1.350809192863004,
    1.3914078073254947,
    1.4353024651264321,
    1.4601722359657288,
    1.465367473404983,
    1.4509825223478778,
    1.4396706655107696,
    1.4514331930670246,
    1.438905105508607
  ],
  "val_mse": [
    1.8395531177520752,
    1.6897822618484497,
    1.5740569829940796,
    1.500281810760498,
    1.4525537490844727,
    1.4154982566833496,
    1.3861558437347412,
    1.3634597063064575,
    1.3466871976852417,
    1.336359977722168,
    1.338374376296997,
    1.3571608066558838,
    1.3984605073928833,
    1.4432547092437744,
    1.4693936109542847,
    1.474799394607544,
    1.4608672857284546,
    1.4496062994003296,
    1.461754322052002,
    1.4494304656982422
  ],
  "val_mae": [
    0.9942082166671753,
    0.9457589983940125,
    0.9069594740867615,
    0.8818853497505188,
    0.8647222518920898,
    0.8493837714195251,
    0.8362749814987183,
    0.8258177042007446,
    0.8182743787765503,
    0.8126785755157471,
    0.8110530376434326,
    0.813775360584259,
    0.8228217363357544,
    0.8326383233070374,
    0.8397920727729797,
    0.8416321277618408,
    0.838826060295105,
    0.8368145227432251,
    0.8396650552749634,
    0.8365751504898071
  ],
  "epoch_time": [
    2.636098861694336,
    2.6028852462768555,
    2.6071479320526123,
    2.661224365234375,
    2.5918428897857666,
    2.574336290359497,
    2.5649664402008057,
    2.5864758491516113,
    2.626842975616455,
    2.5142312049865723,
    2.567922353744507,
    2.558793306350708,
    2.5951178073883057,
    2.604504346847534,
    2.5906729698181152,
    2.585540771484375,
    2.616757392883301,
    2.712596893310547,
    2.587143659591675,
    2.572082996368408
  ],
  "lr": [
    4.2630229362605396e-06,
    5.049209200667218e-06,
    6.349942750731989e-06,
    8.15096847155364e-06,
    1.0432548401741659e-05,
    1.316967804743975e-05,
    1.6332360413800535e-05,
    1.9885934750721532e-05,
    2.3791456410022843e-05,
    2.800612365110207e-05,
    3.2483746717579595e-05,
    3.717525404418823e-05,
    4.2029230046239125e-05,
    4.699247859787404e-05,
    5.20106060237829e-05,
    5.702861721521188e-05,
    6.199151833725437e-05,
    6.684491952218164e-05,
    7.153563094372241e-05,
    7.601224573974152e-05
  ]
}