{
  "model": "PatchTST",
  "dataset": "ETTh1",
  "seq_len": 336,
  "pred_len": 720,
  "enc_in": 7,
  "test_mse": 0.6568760275840759,
  "test_mae": 0.5802123546600342,
  "test_rmse": 0.8104788661003113,
  "val_mse": 1.317289113998413,
  "val_mae": 0.806198239326477,
  "val_rmse": 1.147732138633728,
  "n_params": 501840,
  "best_epoch": 11,
  "total_epochs_run": 21,
  "total_train_time_sec": 54.89561057090759,
  "avg_epoch_time_sec": 2.6048966475895474,
  "config": {
    "patch_len": 16,
    "stride": 8,
    "d_model": 16,
    "n_heads": 4,
    "d_ff": 128
  },
  "batch_size": 32,
  "lr": 0.0001,
  "patience": 10,
  "seed": 2021,
  "experiment_tag": "seed2021",
  "optimizer": "Adam",
  "scheduler": "OneCycleLR",
  "loss": "MSE",
  "train_size": 8640,
  "val_size": 2880,
  "test_size": 5900,
  "channel_names": null,
  "save_artifacts": "minimal"
}