{
  "train_loss": [
    0.3482485718983199,
    0.28694104870141784,
    0.27530617463991297,
    0.2656519800200919,
    0.2581774527399222,
    0.2529105303099634,
    0.24866107051692357,
    0.24476620211051062,
    0.24136703717216543,
    0.2385226189670822,
    0.23617555013740713,
    0.23355004004085714,
    0.23119877816979925,
    0.2287917786730387,
    0.2259905018597338,
    0.22313874087682584,
    0.22020751971744462,
    0.21713642169342257,
    0.2137980147161806,
    0.210633370445213,
    0.20723510810347032,
    0.20346553056146147,
    0.19998110288415125
  ],
  "val_loss": [
    0.4148295622437076,
    0.40000359812799724,
    0.3930402008510632,
    0.3888775980266439,
    0.38416862392245177,
    0.3808163937814641,
    0.37613336929799157,
    0.37457575199196935,
    0.3763211316050645,
    0.3716288704199647,
    0.37954491494969606,
    0.37351298378377895,
    0.3698621092831195,
    0.38241782801639107,
    0.3780642742081747,
    0.3881338998911532,
    0.3740870328646915,
    0.38100163704079576,
    0.40439767888626377,
    0.39021753004459553,
    0.3953566772900844,
    0.4074983899333979,
    0.409296498711755
  ],
  "val_mse": [
    0.4151291251182556,
    0.40028703212738037,
    0.3933298587799072,
    0.38914453983306885,
    0.3844422698020935,
    0.3810912072658539,
    0.37642234563827515,
    0.374845951795578,
    0.37659895420074463,
    0.371893972158432,
    0.3798529803752899,
    0.37380263209342957,
    0.3701695203781128,
    0.3827056586742401,
    0.3783832788467407,
    0.3884159326553345,
    0.3743446171283722,
    0.3812679350376129,
    0.4047013819217682,
    0.39051008224487305,
    0.39568549394607544,
    0.4078389108181,
    0.4096333086490631
  ],
  "val_mae": [
    0.4311092793941498,
    0.41949501633644104,
    0.4153355062007904,
    0.4154618978500366,
    0.4098355770111084,
    0.4095059931278229,
    0.4076124131679535,
    0.4096175730228424,
    0.41075599193573,
    0.40607401728630066,
    0.41556060314178467,
    0.4075782895088196,
    0.40787506103515625,
    0.4148586094379425,
    0.4117252230644226,
    0.41741830110549927,
    0.4050232470035553,
    0.4082827568054199,
    0.42549723386764526,
    0.4124457538127899,
    0.4133201837539673,
    0.42210039496421814,
    0.42388153076171875
  ],
  "epoch_time": [
    35.57333016395569,
    35.84744477272034,
    35.413920640945435,
    35.85214066505432,
    35.70959806442261,
    35.56379294395447,
    35.57505655288696,
    35.600327491760254,
    35.60507583618164,
    35.63075828552246,
    35.6444354057312,
    35.67069363594055,
    35.61240863800049,
    35.59678530693054,
    35.57812523841858,
    35.541001081466675,
    35.577911138534546,
    35.54627752304077,
    35.57233262062073,
    35.65253829956055,
    35.691787004470825,
    35.77890729904175,
    35.74442768096924
  ],
  "lr": [
    4.262965452653676e-06,
    5.0489805260610035e-06,
    6.349432936489816e-06,
    8.150073764908361e-06,
    1.0431173580878616e-05,
    1.3167738615831642e-05,
    1.63297846171369e-05,
    1.9882665382375876e-05,
    2.3787452374104574e-05,
    2.800136125570648e-05,
    3.247822067482777e-05,
    3.7168978157984454e-05,
    4.202223757330787e-05,
    4.698482227250656e-05,
    5.2002357741757266e-05,
    5.7019867377481814e-05,
    6.198237485915715e-05,
    6.683550651902427e-05,
    7.152608710859464e-05,
    7.600272243420391e-05,
    8.021636247773688e-05,
    8.412083883246993e-05,
    8.76733705654031e-05
  ]
}