{
  "train_loss": [
    0.4134669558015829,
    0.3639617409201812,
    0.3562885274349011,
    0.3515481273727219,
    0.3461027611697812,
    0.3402498946142602,
    0.33529661896940216,
    0.3316636413363942,
    0.3283153954010397,
    0.32486132721612765,
    0.32126231163712016,
    0.3181350312219463,
    0.3149939514591066,
    0.3118507961854268,
    0.30803666474179797,
    0.3038499477592924,
    0.2996531012516409,
    0.2953117604774614,
    0.2908155374137493
  ],
  "val_loss": [
    0.6787942072705311,
    0.6687078302397448,
    0.6630403817357385,
    0.6618540549102951,
    0.6568812424207435,
    0.6515010893344879,
    0.6511340290527133,
    0.6501666916205603,
    0.6461534186102011,
    0.6486544078325525,
    0.6557118884123424,
    0.6528248376048663,
    0.6895500203923267,
    0.6773280419190141,
    0.6573401035631404,
    0.6735646091620712,
    0.6694114665117334,
    0.6921258806963178,
    0.7142753368791412
  ],
  "val_mse": [
    0.6796683669090271,
    0.6695840954780579,
    0.663882315158844,
    0.6626314520835876,
    0.6575978398323059,
    0.6522437930107117,
    0.6519090533256531,
    0.6509900093078613,
    0.6469811797142029,
    0.6496211886405945,
    0.6566886901855469,
    0.653722882270813,
    0.6906465291976929,
    0.6784301996231079,
    0.6582536101341248,
    0.6744207739830017,
    0.6703944206237793,
    0.6931977868080139,
    0.715318500995636
  ],
  "val_mae": [
    0.5458614826202393,
    0.5388882160186768,
    0.5369890332221985,
    0.5366875529289246,
    0.5373302102088928,
    0.5371151566505432,
    0.5377424955368042,
    0.5381872653961182,
    0.5370668768882751,
    0.5371736884117126,
    0.540990948677063,
    0.5393009185791016,
    0.556274950504303,
    0.5491425395011902,
    0.5406693816184998,
    0.550575315952301,
    0.5477233529090881,
    0.5563777089118958,
    0.5657525658607483
  ],
  "epoch_time": [
    36.90837240219116,
    36.92197370529175,
    36.89211940765381,
    36.91364526748657,
    36.9236741065979,
    36.92416453361511,
    36.92353177070618,
    37.00656771659851,
    36.91672229766846,
    36.907798767089844,
    37.04208064079285,
    36.82506489753723,
    36.88092255592346,
    36.98384714126587,
    36.89401984214783,
    36.8663547039032,
    36.842180252075195,
    36.90525817871094,
    36.92563462257385
  ],
  "lr": [
    4.262965561263452e-06,
    5.048980958120001e-06,
    6.349433899736497e-06,
    8.150075455375897e-06,
    1.04311761784835e-05,
    1.3167742280228024e-05,
    1.6329789483906146e-05,
    1.9882671559615518e-05,
    2.3787459939475226e-05,
    2.8001370253988403e-05,
    3.24782311160313e-05,
    3.7168990016050375e-05,
    4.2022250785425004e-05,
    4.698483673906448e-05,
    5.2002373326943105e-05,
    5.7019883910519584e-05,
    6.198239213617911e-05,
    6.683552430555352e-05,
    7.152610514260932e-05
  ]
}