{
  "train_loss": [
    0.3785891459443495,
    0.32349813177915304,
    0.31425815259972945,
    0.3078882567801794,
    0.3010782349367581,
    0.2956944846759287,
    0.2911898221256367,
    0.28776678036432274,
    0.2846707198155565,
    0.281637284964295,
    0.2790064215660095,
    0.2762544218762686,
    0.2736568111551335,
    0.2707785288062952,
    0.26728905741605463,
    0.2639040848273549,
    0.2607032265005982,
    0.2570645120467987,
    0.25346219930745245,
    0.24936691202706923,
    0.24490047572136822
  ],
  "val_loss": [
    0.5324599243440601,
    0.519396040480324,
    0.5179939914364801,
    0.5090192842492184,
    0.5059823105544892,
    0.4974227257419464,
    0.49770586073485223,
    0.49560000565509466,
    0.4983641361861035,
    0.4967755469558544,
    0.49207701542696286,
    0.49649827689105686,
    0.5011204082822037,
    0.5073588414897405,
    0.5207947587031264,
    0.5448494560929925,
    0.5103275351616186,
    0.5188160184770823,
    0.5344668166105484,
    0.5200554356628726,
    0.5225934953060608
  ],
  "val_mse": [
    0.5328160524368286,
    0.5197649598121643,
    0.5183558464050293,
    0.5093745589256287,
    0.5063241720199585,
    0.49779221415519714,
    0.4980923533439636,
    0.49598193168640137,
    0.49875983595848083,
    0.4971870183944702,
    0.49248117208480835,
    0.4969027638435364,
    0.5015022158622742,
    0.507806658744812,
    0.521238386631012,
    0.5453361868858337,
    0.5107918977737427,
    0.5192793607711792,
    0.5349462628364563,
    0.5204901099205017,
    0.523060142993927
  ],
  "val_mae": [
    0.48568204045295715,
    0.476999431848526,
    0.47696876525878906,
    0.4720999598503113,
    0.47308504581451416,
    0.47142067551612854,
    0.4723588526248932,
    0.4725085496902466,
    0.47446408867836,
    0.47166797518730164,
    0.4705701768398285,
    0.4736141562461853,
    0.47762057185173035,
    0.4763082265853882,
    0.4843141734600067,
    0.49235212802886963,
    0.4779485762119293,
    0.483233779668808,
    0.4896948039531708,
    0.4823593497276306,
    0.48171138763427734
  ],
  "epoch_time": [
    36.206681966781616,
    36.21044421195984,
    36.196600914001465,
    36.20461893081665,
    36.191437005996704,
    36.184467792510986,
    36.23129320144653,
    36.22367024421692,
    36.18793845176697,
    36.18213224411011,
    36.23804688453674,
    36.18419408798218,
    36.23402404785156,
    36.25476551055908,
    36.284844160079956,
    36.273356914520264,
    36.28413939476013,
    36.25520658493042,
    36.2700035572052,
    36.27113151550293,
    36.24196720123291
  ],
  "lr": [
    4.262965499025558e-06,
    5.048980710532325e-06,
    6.3494333477563366e-06,
    8.150074486668117e-06,
    1.0431174689948524e-05,
    1.3167740180377444e-05,
    1.6329786695046237e-05,
    1.988266801980192e-05,
    2.3787455604205195e-05,
    2.8001365097601015e-05,
    3.247822513279024e-05,
    3.716898322088864e-05,
    4.202224321433601e-05,
    4.698482844912914e-05,
    5.2002364395987825e-05,
    5.7019874436406053e-05,
    6.1982382235732e-05,
    6.683551411313781e-05,
    7.152609480837436e-05,
    7.600273011755656e-05,
    8.02163700140996e-05
  ]
}