{
  "model": "PatchTST",
  "dataset": "ETTh1",
  "seq_len": 336,
  "pred_len": 336,
  "enc_in": 7,
  "test_mse": 0.5432144403457642,
  "test_mae": 0.5079272389411926,
  "test_rmse": 0.7370308041572571,
  "val_mse": 1.1961208581924438,
  "val_mae": 0.7440924048423767,
  "val_rmse": 1.0936731100082397,
  "n_params": 243408,
  "best_epoch": 13,
  "total_epochs_run": 23,
  "total_train_time_sec": 60.66223096847534,
  "avg_epoch_time_sec": 2.6299780762713887,
  "config": {
    "patch_len": 16,
    "stride": 8,
    "d_model": 16,
    "n_heads": 4,
    "d_ff": 128
  },
  "batch_size": 32,
  "lr": 0.0001,
  "patience": 10,
  "seed": 2021,
  "experiment_tag": "seed2021",
  "optimizer": "Adam",
  "scheduler": "OneCycleLR",
  "loss": "MSE",
  "train_size": 8640,
  "val_size": 2880,
  "test_size": 5900,
  "channel_names": null,
  "save_artifacts": "minimal"
}