{
  "train_loss": [
    0.7263265871718938,
    0.6497579373625427,
    0.5901804138784823,
    0.5459946801539938,
    0.5135678782057856,
    0.48721669726220984,
    0.46623577583919873,
    0.44956519092495734,
    0.43654973445673706,
    0.42633257058298163,
    0.418956748817278,
    0.413426784423029,
    0.4098818176113099,
    0.4065233635101394,
    0.40430013947336096,
    0.4022493327088036,
    0.4004262935502727,
    0.39857408003844763,
    0.39691060463430383,
    0.3950774787442958,
    0.39315317965778906,
    0.39070146557370666,
    0.38837538147161127,
    0.38583937310889777,
    0.38321704108253296,
    0.3807326395049868,
    0.37873729969201825,
    0.37714228917487524
  ],
  "val_loss": [
    1.6233181389602456,
    1.456254916013898,
    1.3285041044692736,
    1.238951791782637,
    1.1692073651262231,
    1.1140617772534087,
    1.072154971393379,
    1.039531791935096,
    1.0146964709903743,
    1.0016374638354457,
    0.9896959734929575,
    0.9887304362413045,
    0.9837720861306062,
    0.9747101439012064,
    0.9790172421851674,
    0.9822781440374013,
    0.9763168428797979,
    0.9675789612370569,
    0.9851595920485419,
    0.9789123637853442,
    0.9742156631640486,
    0.9792628032532898,
    0.9775550164080955,
    0.9845002170752835,
    0.9942905566579586,
    0.9918086595229201,
    0.994747024734278,
    1.0126301688519683
  ],
  "val_mse": [
    1.6291816234588623,
    1.461743712425232,
    1.3337355852127075,
    1.2440320253372192,
    1.1741677522659302,
    1.1189141273498535,
    1.076892375946045,
    1.0441582202911377,
    1.019232153892517,
    1.0061604976654053,
    0.9941453337669373,
    0.993247926235199,
    0.9882497787475586,
    0.9791150689125061,
    0.983474612236023,
    0.9868181347846985,
    0.9807445406913757,
    0.9718751907348633,
    0.9897390007972717,
    0.9834160804748535,
    0.9786710739135742,
    0.9838073253631592,
    0.9820646643638611,
    0.9891167879104614,
    0.9990550875663757,
    0.9966102838516235,
    0.9995579123497009,
    1.0175659656524658
  ],
  "val_mae": [
    0.9222291707992554,
    0.8652211427688599,
    0.8191105723381042,
    0.7855412364006042,
    0.7573801875114441,
    0.7328827977180481,
    0.7137606143951416,
    0.6990811824798584,
    0.6871399283409119,
    0.6799971461296082,
    0.6736404299736023,
    0.6726376414299011,
    0.6684201955795288,
    0.6651093363761902,
    0.664743959903717,
    0.6665183901786804,
    0.661604642868042,
    0.6599121689796448,
    0.6633357405662537,
    0.661170482635498,
    0.6601930260658264,
    0.6621831059455872,
    0.6601126194000244,
    0.6608521342277527,
    0.6655682921409607,
    0.6662986874580383,
    0.6676178574562073,
    0.6750606298446655
  ],
  "epoch_time": [
    2.7474236488342285,
    2.7045950889587402,
    2.655501365661621,
    2.72233247756958,
    2.663750171661377,
    2.6113224029541016,
    2.640270471572876,
    2.630070686340332,
    2.6643052101135254,
    2.638232946395874,
    2.6630733013153076,
    2.6804275512695312,
    2.739882469177246,
    2.73014760017395,
    2.7277848720550537,
    2.660682201385498,
    2.6516292095184326,
    2.653214931488037,
    2.6339993476867676,
    2.726935386657715,
    2.6913070678710938,
    2.665872097015381,
    2.647350788116455,
    2.666630506515503,
    2.8275086879730225,
    2.6247153282165527,
    2.6422135829925537,
    2.718078374862671
  ],
  "lr": [
    4.26301826093852e-06,
    5.049190601854597e-06,
    6.349901286002173e-06,
    8.150895702459219e-06,
    1.043243658375172e-05,
    1.3169520308427252e-05,
    1.6332150918098038e-05,
    1.9885668845974608e-05,
    2.3791130754323496e-05,
    2.8005736318174036e-05,
    3.248329727811184e-05,
    3.717474362176484e-05,
    4.2028661346691635e-05,
    4.699185591127769e-05,
    5.200993519872813e-05,
    5.7027905605399754e-05,
    6.199077472088408e-05,
    6.684415399501359e-05,
    7.153485478710677e-05,
    7.601147126529197e-05,
    8.022494376786171e-05,
    8.41290964527268e-05,
    8.768114334282015e-05,
    9.08421572216499e-05,
    9.357749624033222e-05,
    9.585718356087661e-05,
    9.765623587517755e-05,
    9.89549371994415e-05
  ]
}