{
  "model": "PatchTST",
  "dataset": "ETTh1",
  "seq_len": 336,
  "pred_len": 96,
  "enc_in": 7,
  "test_mse": 0.44155848026275635,
  "test_mae": 0.44211313128471375,
  "test_rmse": 0.6644986867904663,
  "val_mse": 0.6882537603378296,
  "val_mae": 0.5522273182868958,
  "val_rmse": 0.8296105861663818,
  "n_params": 81888,
  "best_epoch": 29,
  "total_epochs_run": 39,
  "total_train_time_sec": 105.9268229007721,
  "avg_epoch_time_sec": 2.7088203063377967,
  "config": {
    "patch_len": 16,
    "stride": 8,
    "d_model": 16,
    "n_heads": 4,
    "d_ff": 128
  },
  "batch_size": 32,
  "lr": 0.0001,
  "patience": 10,
  "seed": 2021,
  "experiment_tag": "seed2021",
  "optimizer": "Adam",
  "scheduler": "OneCycleLR",
  "loss": "MSE",
  "train_size": 8640,
  "val_size": 2880,
  "test_size": 5900,
  "channel_names": null,
  "save_artifacts": "minimal"
}