{
  "model": "PatchTST",
  "dataset": "ETTh1",
  "seq_len": 336,
  "pred_len": 192,
  "enc_in": 7,
  "test_mse": 0.494119793176651,
  "test_mae": 0.47575643658638,
  "test_rmse": 0.7029365301132202,
  "val_mse": 0.9549350142478943,
  "val_mae": 0.6521787643432617,
  "val_rmse": 0.9772077798843384,
  "n_params": 146496,
  "best_epoch": 24,
  "total_epochs_run": 34,
  "total_train_time_sec": 90.98071956634521,
  "avg_epoch_time_sec": 2.6682249237509335,
  "config": {
    "patch_len": 16,
    "stride": 8,
    "d_model": 16,
    "n_heads": 4,
    "d_ff": 128
  },
  "batch_size": 32,
  "lr": 0.0001,
  "patience": 10,
  "seed": 2022,
  "experiment_tag": "seed2022",
  "optimizer": "Adam",
  "scheduler": "OneCycleLR",
  "loss": "MSE",
  "train_size": 8640,
  "val_size": 2880,
  "test_size": 5900,
  "channel_names": null,
  "save_artifacts": "minimal"
}