{
  "train_loss": [
    0.4766736668752508,
    0.42936733279665423,
    0.42263737682399005,
    0.4183644803228442,
    0.41318190046572756,
    0.40808192390767073,
    0.4034085511136533,
    0.39916132454544223,
    0.39477516527162243,
    0.39061594763708435,
    0.3866080946601223,
    0.3821579101206352,
    0.37785787614277694,
    0.3725100976860626,
    0.36722076272213017,
    0.36070521934440053
  ],
  "val_loss": [
    0.9947973341204044,
    0.9862189471903371,
    0.9800197682002696,
    0.9741890719841894,
    0.9689024851725596,
    0.9631277796607919,
    0.966888705359363,
    0.9716253851245089,
    0.9873630076465083,
    0.9936811839025922,
    0.988109092886855,
    1.0011331093293139,
    0.9990763498424757,
    1.0050169943218552,
    1.0183788983196747,
    1.0518012993582866
  ],
  "val_mse": [
    0.9967231750488281,
    0.988109290599823,
    0.9819182753562927,
    0.9760493636131287,
    0.9707081913948059,
    0.9648888111114502,
    0.9687210321426392,
    0.9735086560249329,
    0.9893020391464233,
    0.9957254528999329,
    0.9901776313781738,
    1.0032306909561157,
    1.0011119842529297,
    1.0071464776992798,
    1.02056086063385,
    1.0540412664413452
  ],
  "val_mae": [
    0.6572994589805603,
    0.6524900794029236,
    0.6512829065322876,
    0.6502425074577332,
    0.6505898833274841,
    0.6497941613197327,
    0.6497945785522461,
    0.6523791551589966,
    0.6579949259757996,
    0.6583865880966187,
    0.6584131717681885,
    0.6667723655700684,
    0.6620762944221497,
    0.6660147309303284,
    0.6709476709365845,
    0.685842752456665
  ],
  "epoch_time": [
    39.04558801651001,
    38.91502928733826,
    38.878180742263794,
    38.891579389572144,
    38.91253995895386,
    38.88134050369263,
    38.92260551452637,
    38.89079999923706,
    38.910669803619385,
    38.893561601638794,
    38.87691020965576,
    38.93670034408569,
    38.88029646873474,
    38.89612340927124,
    38.90574073791504,
    38.89911437034607
  ],
  "lr": [
    4.262965750830537e-06,
    5.0489817122342605e-06,
    6.3494355809838555e-06,
    8.150078405911966e-06,
    1.0431180712333819e-05,
    1.3167748676052351e-05,
    1.632979797834765e-05,
    1.9882682341347145e-05,
    2.3787473144045435e-05,
    2.800138595955634e-05,
    3.24782493400688e-05,
    3.71690107130736e-05,
    4.202227384580323e-05,
    4.698486198893786e-05,
    5.200240052926407e-05,
    5.7019912767216076e-05
  ]
}