{
  "train_loss": [
    0.7249277132773116,
    0.6491973751147274,
    0.5874939686931641,
    0.5403998584850974,
    0.5067721085821687,
    0.48173829453735956,
    0.4616344048100498,
    0.4462104967460331,
    0.4347035677536674,
    0.4258408659531665,
    0.41901271922786243,
    0.41376947225789307,
    0.4101292380231171,
    0.4066089209124976,
    0.40422185171734204,
    0.40201647102597204,
    0.40016018307727313,
    0.3984175627175056,
    0.3969406384253219,
    0.39528946772865625,
    0.39381458742816455,
    0.392310080674326,
    0.3905060733024311,
    0.38831486155393097,
    0.38619973148281866,
    0.38387610035922687,
    0.38069091425111645,
    0.3780054936531504,
    0.3763057402235717,
    0.3744571849762687,
    0.3726492313292658,
    0.37132802888338745,
    0.36969464345883,
    0.3686037338062709
  ],
  "val_loss": [
    1.626524913149911,
    1.4496089083117407,
    1.30957932649432,
    1.2108816512533136,
    1.1415092292669657,
    1.0900012009047173,
    1.050643172618505,
    1.024372184397401,
    1.0058098292431317,
    0.9926584822100561,
    0.9868429887133676,
    0.9782754436538026,
    0.9782643799443502,
    0.9793315074733786,
    0.9712226209608285,
    0.9621248055954237,
    0.961992052559917,
    0.9631305439649401,
    0.9717352434590056,
    0.9751155070356421,
    0.9710431564095858,
    0.9828980186501065,
    0.96058451585673,
    0.9507070443517452,
    0.9702790754066931,
    0.9767958922563372,
    0.9836343498648824,
    0.9704267114803597,
    0.9985943664167378,
    0.9920105102497179,
    1.0138449010414046,
    1.0297493918521985,
    1.0142659230812177,
    1.01451800219916
  ],
  "val_mse": [
    1.6320666074752808,
    1.4548125267028809,
    1.3145595788955688,
    1.215727686882019,
    1.1462656259536743,
    1.0946682691574097,
    1.055206537246704,
    1.02888023853302,
    1.0102699995040894,
    0.9970652461051941,
    0.9912955164909363,
    0.9826639890670776,
    0.9826438426971436,
    0.983809769153595,
    0.9756197929382324,
    0.9663394093513489,
    0.9661877155303955,
    0.9674355983734131,
    0.9761927127838135,
    0.9795428514480591,
    0.9754819869995117,
    0.987487256526947,
    0.9648915529251099,
    0.9549350142478943,
    0.974837064743042,
    0.9814197421073914,
    0.9883831739425659,
    0.9750314950942993,
    1.0034254789352417,
    0.9968222379684448,
    1.0188210010528564,
    1.034836769104004,
    1.0192416906356812,
    1.0195297002792358
  ],
  "val_mae": [
    0.9205743670463562,
    0.8619228601455688,
    0.812177300453186,
    0.7747983932495117,
    0.7462344765663147,
    0.7233672738075256,
    0.7055028080940247,
    0.6926332116127014,
    0.6831888556480408,
    0.6764375567436218,
    0.671815812587738,
    0.6697589755058289,
    0.6666638255119324,
    0.6643000841140747,
    0.6630402207374573,
    0.6607227921485901,
    0.6574937105178833,
    0.657123327255249,
    0.6612614393234253,
    0.6584145426750183,
    0.6602466702461243,
    0.6620497107505798,
    0.6572437882423401,
    0.6521787643432617,
    0.6603080630302429,
    0.6610578894615173,
    0.6647234559059143,
    0.6603356003761292,
    0.6688662171363831,
    0.6663950681686401,
    0.675536036491394,
    0.676768958568573,
    0.6761464476585388,
    0.672478437423706
  ],
  "epoch_time": [
    2.642171621322632,
    2.621439218521118,
    2.709023952484131,
    2.6999330520629883,
    2.7850122451782227,
    2.666569232940674,
    2.6324853897094727,
    2.632338523864746,
    2.663083076477051,
    2.6248223781585693,
    2.6369247436523438,
    2.691560983657837,
    2.6618006229400635,
    2.81486177444458,
    2.6214089393615723,
    2.634150981903076,
    2.652846097946167,
    2.7018930912017822,
    2.7658894062042236,
    2.645723581314087,
    2.664815902709961,
    2.6677772998809814,
    2.682708501815796,
    2.702648878097534,
    2.654740571975708,
    2.6546459197998047,
    2.697582721710205,
    2.6965677738189697,
    2.6058504581451416,
    2.6147186756134033,
    2.6191635131835938,
    2.628850221633911,
    2.679272413253784,
    2.6463656425476074
  ],
  "lr": [
    4.26301826093852e-06,
    5.049190601854597e-06,
    6.349901286002173e-06,
    8.150895702459219e-06,
    1.043243658375172e-05,
    1.3169520308427252e-05,
    1.6332150918098038e-05,
    1.9885668845974608e-05,
    2.3791130754323496e-05,
    2.8005736318174036e-05,
    3.248329727811184e-05,
    3.717474362176484e-05,
    4.2028661346691635e-05,
    4.699185591127769e-05,
    5.200993519872813e-05,
    5.7027905605399754e-05,
    6.199077472088408e-05,
    6.684415399501359e-05,
    7.153485478710677e-05,
    7.601147126529197e-05,
    8.022494376786171e-05,
    8.41290964527268e-05,
    8.768114334282015e-05,
    9.08421572216499e-05,
    9.357749624033222e-05,
    9.585718356087661e-05,
    9.765623587517755e-05,
    9.89549371994415e-05,
    9.973905494351068e-05,
    9.999999921331496e-05,
    9.99492548135451e-05,
    9.979791966473231e-05,
    9.954629853572624e-05,
    9.919489815799424e-05
  ]
}