{
  "model": "PatchTST",
  "dataset": "ETTh1",
  "seq_len": 336,
  "pred_len": 96,
  "enc_in": 7,
  "test_mse": 0.44528573751449585,
  "test_mae": 0.44618701934814453,
  "test_rmse": 0.66729736328125,
  "val_mse": 0.6906071305274963,
  "val_mae": 0.553415060043335,
  "val_rmse": 0.8310277462005615,
  "n_params": 81888,
  "best_epoch": 29,
  "total_epochs_run": 39,
  "total_train_time_sec": 107.29092478752136,
  "avg_epoch_time_sec": 2.744214210754786,
  "config": {
    "patch_len": 16,
    "stride": 8,
    "d_model": 16,
    "n_heads": 4,
    "d_ff": 128
  },
  "batch_size": 32,
  "lr": 0.0001,
  "patience": 10,
  "seed": 2023,
  "experiment_tag": "seed2023",
  "optimizer": "Adam",
  "scheduler": "OneCycleLR",
  "loss": "MSE",
  "train_size": 8640,
  "val_size": 2880,
  "test_size": 5900,
  "channel_names": null,
  "save_artifacts": "minimal"
}