{
  "model": "PatchTST",
  "dataset": "ETTm1",
  "seq_len": 336,
  "pred_len": 720,
  "enc_in": 7,
  "test_mse": 0.49906644225120544,
  "test_mae": 0.4754689633846283,
  "test_rmse": 0.7064463496208191,
  "val_mse": 0.9648888111114502,
  "val_mae": 0.6497941613197327,
  "val_rmse": 0.9822875261306763,
  "n_params": 4277712,
  "best_epoch": 6,
  "total_epochs_run": 16,
  "total_train_time_sec": 622.8215308189392,
  "avg_epoch_time_sec": 38.90854877233505,
  "config": {
    "patch_len": 16,
    "stride": 8
  },
  "batch_size": 32,
  "lr": 0.0001,
  "patience": 10,
  "seed": 2023,
  "experiment_tag": "seed2023",
  "optimizer": "Adam",
  "scheduler": "OneCycleLR",
  "loss": "MSE",
  "train_size": 34560,
  "val_size": 11520,
  "test_size": 23600,
  "channel_names": null,
  "save_artifacts": "minimal"
}