{
  "train_loss": [
    0.4751988073531627,
    0.42930698426086333,
    0.42243176263177973,
    0.4179363871258332,
    0.4126231794484821,
    0.40749388694080035,
    0.40311203013176905,
    0.39930110344344816,
    0.39525143393700535,
    0.39137130338118664,
    0.38687969845254416,
    0.38242285410449295,
    0.3772299921899721,
    0.37212401124672767,
    0.3664682283784052,
    0.361390146194693
  ],
  "val_loss": [
    0.9963224206755801,
    0.9855130135377006,
    0.977687560112738,
    0.9795138154905744,
    0.9683306277615995,
    0.9604482267778821,
    0.9691335482113972,
    0.9673647969597723,
    0.9652662402155195,
    0.976656758567182,
    0.9935891650980566,
    1.0003939343661796,
    1.0084625291751652,
    1.013602695677702,
    1.043420840736206,
    1.0223548414594517
  ],
  "val_mse": [
    0.9982346892356873,
    0.987407386302948,
    0.9795655012130737,
    0.9813839197158813,
    0.970135509967804,
    0.962228536605835,
    0.9709748029708862,
    0.9693001508712769,
    0.9671322107315063,
    0.9786593914031982,
    0.9956333041191101,
    1.0024627447128296,
    1.0106208324432373,
    1.0156984329223633,
    1.045683741569519,
    1.024577021598816
  ],
  "val_mae": [
    0.65849369764328,
    0.6525883078575134,
    0.6496952772140503,
    0.6513895988464355,
    0.6513100862503052,
    0.6485594511032104,
    0.6544080376625061,
    0.6522436738014221,
    0.6506167054176331,
    0.6522815823554993,
    0.6600213050842285,
    0.6653845906257629,
    0.665488064289093,
    0.6673774123191833,
    0.6795575022697449,
    0.6715051531791687
  ],
  "epoch_time": [
    38.9076828956604,
    38.947044372558594,
    38.89529633522034,
    38.948034048080444,
    38.89170217514038,
    38.97518873214722,
    38.96007299423218,
    38.97905778884888,
    38.98963117599487,
    38.92792868614197,
    38.90406847000122,
    38.90284085273743,
    38.89723587036133,
    38.93606185913086,
    38.9815878868103,
    39.05828619003296
  ],
  "lr": [
    4.262965750830537e-06,
    5.0489817122342605e-06,
    6.3494355809838555e-06,
    8.150078405911966e-06,
    1.0431180712333819e-05,
    1.3167748676052351e-05,
    1.632979797834765e-05,
    1.9882682341347145e-05,
    2.3787473144045435e-05,
    2.800138595955634e-05,
    3.24782493400688e-05,
    3.71690107130736e-05,
    4.202227384580323e-05,
    4.698486198893786e-05,
    5.200240052926407e-05,
    5.7019912767216076e-05
  ]
}