{
  "model": "PatchTST",
  "dataset": "ETTm1",
  "seq_len": 336,
  "pred_len": 720,
  "enc_in": 7,
  "test_mse": 0.49924343824386597,
  "test_mae": 0.47499987483024597,
  "test_rmse": 0.7065715789794922,
  "val_mse": 0.962228536605835,
  "val_mae": 0.6485594511032104,
  "val_rmse": 0.9809324741363525,
  "n_params": 4277712,
  "best_epoch": 6,
  "total_epochs_run": 16,
  "total_train_time_sec": 623.3624768257141,
  "avg_epoch_time_sec": 38.94385752081871,
  "config": {
    "patch_len": 16,
    "stride": 8
  },
  "batch_size": 32,
  "lr": 0.0001,
  "patience": 10,
  "seed": 2022,
  "experiment_tag": "seed2022",
  "optimizer": "Adam",
  "scheduler": "OneCycleLR",
  "loss": "MSE",
  "train_size": 34560,
  "val_size": 11520,
  "test_size": 23600,
  "channel_names": null,
  "save_artifacts": "minimal"
}