{
  "model": "PatchTST",
  "dataset": "ETTh1",
  "seq_len": 336,
  "pred_len": 720,
  "enc_in": 7,
  "test_mse": 0.665597677230835,
  "test_mae": 0.5858981609344482,
  "test_rmse": 0.8158416748046875,
  "val_mse": 1.3397802114486694,
  "val_mae": 0.8132156133651733,
  "val_rmse": 1.1574887037277222,
  "n_params": 501840,
  "best_epoch": 10,
  "total_epochs_run": 20,
  "total_train_time_sec": 52.467992305755615,
  "avg_epoch_time_sec": 2.614045739173889,
  "config": {
    "patch_len": 16,
    "stride": 8,
    "d_model": 16,
    "n_heads": 4,
    "d_ff": 128
  },
  "batch_size": 32,
  "lr": 0.0001,
  "patience": 10,
  "seed": 2022,
  "experiment_tag": "seed2022",
  "optimizer": "Adam",
  "scheduler": "OneCycleLR",
  "loss": "MSE",
  "train_size": 8640,
  "val_size": 2880,
  "test_size": 5900,
  "channel_names": null,
  "save_artifacts": "minimal"
}