{
  "train_loss": [
    0.6833758952561766,
    0.6050424115965143,
    0.5423471305985004,
    0.4938100693980232,
    0.45760572887957096,
    0.4303696796996519,
    0.40892756497487426,
    0.3929133047349751,
    0.3800783163169399,
    0.3708197014639154,
    0.3638679953874089,
    0.3585305295418948,
    0.3543258954305202,
    0.351159960613586,
    0.3485223238822073,
    0.34599416702985764,
    0.34400949242990464,
    0.3424657186260447,
    0.34071899740956724,
    0.3394692184519954,
    0.33787643595132977,
    0.3369581123115495,
    0.3355501381447539,
    0.3347892934689298,
    0.33357991301454604,
    0.3323724550427869,
    0.33088239323114976,
    0.3301533001358621,
    0.3289071093313396,
    0.32755138719221577,
    0.3264897018088959,
    0.3252930938033387,
    0.324270625540521,
    0.3226461429730989,
    0.32214936130912974
  ],
  "val_loss": [
    1.4563366913950289,
    1.2645465120092614,
    1.1117029735794315,
    0.9957575511622738,
    0.9089954719915019,
    0.8454295654188503,
    0.7990917110597933,
    0.7687210578035999,
    0.7488509435932358,
    0.7316027699739902,
    0.720029839641088,
    0.7137623456391421,
    0.7100845377940637,
    0.7114139628874792,
    0.707936196358173,
    0.7010883905670859,
    0.7039751999757506,
    0.7017520639029416,
    0.7005102810534564,
    0.7011801681735299,
    0.7027588157684772,
    0.693520796086107,
    0.6978553317777523,
    0.6917850559988579,
    0.6863175209660035,
    0.6905821827905518,
    0.6888349123976447,
    0.7012403349984776,
    0.6975384241381248,
    0.7054157012275287,
    0.6974870166801787,
    0.696990390392867,
    0.694640630444923,
    0.6979881820160073,
    0.69393101847404
  ],
  "val_mse": [
    1.4607958793640137,
    1.2684876918792725,
    1.115242600440979,
    0.9989809989929199,
    0.9119488596916199,
    0.84818035364151,
    0.8016784191131592,
    0.7712087631225586,
    0.7512544393539429,
    0.7339388132095337,
    0.7223395705223083,
    0.716020941734314,
    0.7123525738716125,
    0.7137011885643005,
    0.710174024105072,
    0.7032934427261353,
    0.706171989440918,
    0.7039681673049927,
    0.7027461528778076,
    0.7034576535224915,
    0.7050294280052185,
    0.695758044719696,
    0.7001521587371826,
    0.6939942240715027,
    0.6885871291160583,
    0.6928625106811523,
    0.6910914182662964,
    0.7035819292068481,
    0.6998307108879089,
    0.7078710794448853,
    0.6998312473297119,
    0.6993433237075806,
    0.6970314383506775,
    0.7004004716873169,
    0.696395754814148
  ],
  "val_mae": [
    0.8684786558151245,
    0.803945779800415,
    0.7485166788101196,
    0.703222393989563,
    0.6666711568832397,
    0.6380971670150757,
    0.6160701513290405,
    0.6013084053993225,
    0.5913180708885193,
    0.5812753438949585,
    0.5754929780960083,
    0.569492518901825,
    0.5681530237197876,
    0.5692159533500671,
    0.5651819705963135,
    0.5620226860046387,
    0.5612279176712036,
    0.5609991550445557,
    0.5576959252357483,
    0.5582584738731384,
    0.5601235032081604,
    0.5540308356285095,
    0.5531557202339172,
    0.554385781288147,
    0.5510040521621704,
    0.5537678003311157,
    0.55224609375,
    0.5550739169120789,
    0.5555933117866516,
    0.563936173915863,
    0.554804801940918,
    0.558706521987915,
    0.5560711026191711,
    0.5626962184906006,
    0.5596039891242981
  ],
  "epoch_time": [
    2.715855360031128,
    2.6623125076293945,
    2.8012330532073975,
    2.6773500442504883,
    2.6307621002197266,
    2.633913516998291,
    2.6486244201660156,
    2.7039926052093506,
    2.6297571659088135,
    2.6469109058380127,
    2.6465654373168945,
    2.7053921222686768,
    2.6663148403167725,
    2.655442476272583,
    2.6500661373138428,
    2.64095139503479,
    2.888819932937622,
    2.547023057937622,
    2.6111114025115967,
    2.7945556640625,
    2.649955987930298,
    2.6625335216522217,
    2.6579551696777344,
    2.690774917602539,
    2.685326099395752,
    2.6754279136657715,
    2.622986316680908,
    2.6744844913482666,
    2.7254889011383057,
    2.690084457397461,
    2.7019803524017334,
    2.6846237182617188,
    2.6414620876312256,
    2.61480712890625,
    2.714914083480835
  ],
  "lr": [
    4.263017449390196e-06,
    5.0491873734489085e-06,
    6.349894088500627e-06,
    8.150883071103771e-06,
    1.0432417174234012e-05,
    1.3169492927870432e-05,
    1.6332114553533467e-05,
    1.988562268983278e-05,
    2.379107422650186e-05,
    2.8005669084295198e-05,
    3.248321926364158e-05,
    3.717465502172063e-05,
    4.202856263073787e-05,
    4.6991747824072515e-05,
    5.200981875545778e-05,
    5.702778208250903e-05,
    6.199064564208398e-05,
    6.684402111271967e-05,
    7.153472005953196e-05,
    7.601133682948553e-05,
    8.022481190904994e-05,
    8.412896957037119e-05,
    8.768102391386186e-05,
    9.08420477614586e-05,
    9.357739926191742e-05,
    9.585710153295345e-05,
    9.765617117970432e-05,
    9.895489208926323e-05,
    9.973903150075092e-05,
    9.999999923164486e-05,
    9.994925949508714e-05,
    9.979792900005849e-05,
    9.954631250603641e-05,
    9.919491673515411e-05,
    9.874444935172947e-05
  ]
}