{
  "train_loss": [
    0.37723723429615275,
    0.32302352633267667,
    0.31458428524511667,
    0.30837109006471713,
    0.30138496523293706,
    0.29580132905761813,
    0.291334342530395,
    0.28746215603818115,
    0.2844031163520221,
    0.2815923578371333,
    0.27898591184885235,
    0.27693774508398206,
    0.2742293654106074,
    0.27165286540144024,
    0.2687277413715424,
    0.2656109994408777,
    0.2620951854470532,
    0.2589177840292061
  ],
  "val_loss": [
    0.5308168797515506,
    0.5210676865955425,
    0.514686617025629,
    0.5094894203898865,
    0.5066145211025033,
    0.5067235261721666,
    0.49799246256521273,
    0.4912007968266343,
    0.5016054671560956,
    0.49590022400628,
    0.49918981160708636,
    0.49412091602679603,
    0.5035470041857902,
    0.5086597762785332,
    0.5170075345004714,
    0.5067850001762773,
    0.516675848297255,
    0.5247765722099779
  ],
  "val_mse": [
    0.5311563014984131,
    0.5214362740516663,
    0.5150504112243652,
    0.5098537802696228,
    0.5069782137870789,
    0.5071115493774414,
    0.498372882604599,
    0.49158504605293274,
    0.5020095109939575,
    0.49630528688430786,
    0.4996144473552704,
    0.4945105016231537,
    0.503984808921814,
    0.5091192126274109,
    0.5174447894096375,
    0.5071941614151001,
    0.5170931816101074,
    0.5252290368080139
  ],
  "val_mae": [
    0.48499926924705505,
    0.4773140847682953,
    0.4741162359714508,
    0.4722232222557068,
    0.47185447812080383,
    0.4736792743206024,
    0.470598965883255,
    0.46924811601638794,
    0.4762205481529236,
    0.4730476140975952,
    0.47589483857154846,
    0.47217676043510437,
    0.4760606288909912,
    0.4771682918071747,
    0.4848686754703522,
    0.48057815432548523,
    0.4846046566963196,
    0.4805101454257965
  ],
  "epoch_time": [
    36.24157476425171,
    36.26822209358215,
    36.27119755744934,
    36.2674343585968,
    36.21428084373474,
    36.18271851539612,
    36.157448291778564,
    36.160589933395386,
    36.14050364494324,
    36.112632513046265,
    36.12963819503784,
    36.14650797843933,
    36.14778709411621,
    36.125248670578,
    36.13965964317322,
    36.13470458984375,
    36.156957149505615,
    36.221243143081665
  ],
  "lr": [
    4.262965499025558e-06,
    5.048980710532325e-06,
    6.3494333477563366e-06,
    8.150074486668117e-06,
    1.0431174689948524e-05,
    1.3167740180377444e-05,
    1.6329786695046237e-05,
    1.988266801980192e-05,
    2.3787455604205195e-05,
    2.8001365097601015e-05,
    3.247822513279024e-05,
    3.716898322088864e-05,
    4.202224321433601e-05,
    4.698482844912914e-05,
    5.2002364395987825e-05,
    5.7019874436406053e-05,
    6.1982382235732e-05,
    6.683551411313781e-05
  ]
}