{
  "train_loss": [
    0.7686809097906672,
    0.6970881817331276,
    0.6401064046415459,
    0.5975058918975922,
    0.5663903851106943,
    0.5415836305742762,
    0.5213913232925905,
    0.5056009733054533,
    0.4929396160635125,
    0.4835675473672798,
    0.47634766690702324,
    0.4710587089559639,
    0.4672838195739501,
    0.46376883253515006,
    0.461107382214213,
    0.4580601572272289,
    0.45452493800216887,
    0.450129988083399,
    0.44638395465042696,
    0.44320886010625754,
    0.4399664175797658,
    0.4369425562969652,
    0.4337784299649388,
    0.4304968146195852,
    0.4282945890024484
  ],
  "val_loss": [
    1.733205705029624,
    1.5795790919235775,
    1.4638297396046775,
    1.3868682401520864,
    1.334539507968085,
    1.2940123851810184,
    1.2638371220656803,
    1.235534850188664,
    1.2187544439520155,
    1.211132065313203,
    1.2018898108175822,
    1.200435592021261,
    1.198211001072611,
    1.2024303764104842,
    1.1959399998188018,
    1.21786333833422,
    1.2249459155968256,
    1.2527958082301276,
    1.2418505890028817,
    1.2687965418611253,
    1.245911165220397,
    1.262055320399148,
    1.2463413719620025,
    1.2810131328446523,
    1.2845631825072426
  ],
  "val_mse": [
    1.7421278953552246,
    1.5883808135986328,
    1.4728842973709106,
    1.396484136581421,
    1.3448199033737183,
    1.304672122001648,
    1.274640679359436,
    1.2461062669754028,
    1.2291958332061768,
    1.221596121788025,
    1.21214759349823,
    1.210757851600647,
    1.2084877490997314,
    1.2128324508666992,
    1.2061383724212646,
    1.2286460399627686,
    1.235738754272461,
    1.264113187789917,
    1.2526575326919556,
    1.2802109718322754,
    1.2563399076461792,
    1.272538423538208,
    1.2562183141708374,
    1.2912955284118652,
    1.2951329946517944
  ],
  "val_mae": [
    0.9539379477500916,
    0.902485728263855,
    0.8616838455200195,
    0.8336632251739502,
    0.8132677674293518,
    0.7958142161369324,
    0.7816048264503479,
    0.7692441344261169,
    0.7610982060432434,
    0.7562070488929749,
    0.7516140937805176,
    0.7491294741630554,
    0.7478988170623779,
    0.7474842071533203,
    0.7450856566429138,
    0.7492078542709351,
    0.7521981000900269,
    0.7591486573219299,
    0.7576019763946533,
    0.7642793655395508,
    0.7613330483436584,
    0.7649187445640564,
    0.7627362608909607,
    0.7740734219551086,
    0.7742881774902344
  ],
  "epoch_time": [
    2.7784109115600586,
    2.6839711666107178,
    2.707340717315674,
    2.72541880607605,
    2.681917190551758,
    2.7151358127593994,
    2.655343770980835,
    2.6355905532836914,
    2.6904280185699463,
    2.7157132625579834,
    2.719775438308716,
    2.6203114986419678,
    2.601154088973999,
    2.5974700450897217,
    2.563549041748047,
    2.5767834186553955,
    2.644434690475464,
    2.6447222232818604,
    2.664022207260132,
    2.688958168029785,
    2.6406726837158203,
    2.663908004760742,
    2.6684675216674805,
    2.6891889572143555,
    2.771792411804199
  ],
  "lr": [
    4.2630193734285576e-06,
    5.04919502743089e-06,
    6.349911152510351e-06,
    8.150913017824154e-06,
    1.0432463190782344e-05,
    1.316955784234588e-05,
    1.6332200767503553e-05,
    1.988573211789901e-05,
    2.3791208243980548e-05,
    2.8005828483930616e-05,
    3.2483404222134586e-05,
    3.717486507671155e-05,
    4.202879666872674e-05,
    4.699200407959692e-05,
    5.201009482168032e-05,
    5.702807493319402e-05,
    6.199095166477102e-05,
    6.684433615273038e-05,
    7.153503947427918e-05,
    7.601165555239353e-05,
    8.022512452224236e-05,
    8.412927038514191e-05,
    8.768130705781578e-05,
    9.084230727109555e-05,
    9.357762917933523e-05
  ]
}