{
  "model": "PatchTST",
  "dataset": "ETTm1",
  "seq_len": 336,
  "pred_len": 96,
  "enc_in": 7,
  "test_mse": 0.3513469398021698,
  "test_mae": 0.382527619600296,
  "test_rmse": 0.5927452445030212,
  "val_mse": 0.3701695203781128,
  "val_mae": 0.40787506103515625,
  "val_rmse": 0.6084156036376953,
  "n_params": 922464,
  "best_epoch": 13,
  "total_epochs_run": 23,
  "total_train_time_sec": 819.8013699054718,
  "avg_epoch_time_sec": 35.633872882179595,
  "config": {
    "patch_len": 16,
    "stride": 8
  },
  "batch_size": 32,
  "lr": 0.0001,
  "patience": 10,
  "seed": 2021,
  "experiment_tag": "seed2021",
  "optimizer": "Adam",
  "scheduler": "OneCycleLR",
  "loss": "MSE",
  "train_size": 34560,
  "val_size": 11520,
  "test_size": 23600,
  "channel_names": null,
  "save_artifacts": "minimal"
}