{
  "train_loss": [
    0.7008286039344966,
    0.6178471001330763,
    0.5534646263113245,
    0.5047337617725134,
    0.46892882185056806,
    0.4405188881792128,
    0.41776651225518435,
    0.399281247286126,
    0.38434558152221143,
    0.3733872486045584,
    0.36542190436739475,
    0.3595535936765373,
    0.35547329986002296,
    0.35192769567947835,
    0.34906360623426735,
    0.3466638312675059,
    0.3443847266607918,
    0.34247744840104133,
    0.3409950032364577,
    0.3398853635881096,
    0.33808980812318623,
    0.33712413627654314,
    0.33561267936602235,
    0.33442221622681245,
    0.3333677089540288,
    0.3323470466420986,
    0.33101040992187336,
    0.32967454590834677,
    0.3287289093132131,
    0.3277295742300339,
    0.3266208636923693,
    0.32533932296792045,
    0.3243902720278129,
    0.32277493056608364,
    0.3216953403898515,
    0.32072832802077755,
    0.3197160751442425,
    0.3181612084736116,
    0.31741866626543924
  ],
  "val_loss": [
    1.486807152048334,
    1.300246725221733,
    1.1545191852303294,
    1.044638028392544,
    0.9555283243005926,
    0.8833136972668884,
    0.8269445056265051,
    0.7857383377366252,
    0.7577180254769016,
    0.7437926724359587,
    0.7276969608161357,
    0.7175046191974119,
    0.7136511835572007,
    0.7128953767287267,
    0.7017415069140397,
    0.7062014898696503,
    0.6975958778873667,
    0.6932272512417335,
    0.6984210890995992,
    0.6903327990855489,
    0.6978120689655279,
    0.70020444913731,
    0.6999556449326602,
    0.6938222428033878,
    0.6941796950512118,
    0.6958090482981174,
    0.6886900160219762,
    0.6906666910493529,
    0.6859811586025474,
    0.7012757985042287,
    0.6939331567906714,
    0.6980933876974242,
    0.6993390509447495,
    0.6975235223963663,
    0.7034879177808762,
    0.7070575832546532,
    0.7012337337840687,
    0.7015853433252929,
    0.702532495577614
  ],
  "val_mse": [
    1.4912559986114502,
    1.3043407201766968,
    1.1583176851272583,
    1.048153281211853,
    0.958713948726654,
    0.8862149715423584,
    0.829620897769928,
    0.7882544994354248,
    0.7601441144943237,
    0.7461759448051453,
    0.7300350666046143,
    0.7197889089584351,
    0.7159202694892883,
    0.7151888608932495,
    0.7039947509765625,
    0.7084747552871704,
    0.6998249888420105,
    0.6954476237297058,
    0.7006760239601135,
    0.6925117373466492,
    0.7000231146812439,
    0.7024884223937988,
    0.702238142490387,
    0.6960734128952026,
    0.6964514255523682,
    0.6980764865875244,
    0.690996527671814,
    0.6929885149002075,
    0.6882537603378296,
    0.7036848664283752,
    0.696300745010376,
    0.700497031211853,
    0.7017536759376526,
    0.6999625563621521,
    0.7059729695320129,
    0.709549605846405,
    0.7037572264671326,
    0.7041292190551758,
    0.7050817608833313
  ],
  "val_mae": [
    0.8779468536376953,
    0.8141074776649475,
    0.761060357093811,
    0.718889057636261,
    0.6827971339225769,
    0.6518500447273254,
    0.6270135045051575,
    0.6077674031257629,
    0.5938767194747925,
    0.5855876803398132,
    0.5777872800827026,
    0.5729095935821533,
    0.5680186152458191,
    0.56796795129776,
    0.5635852217674255,
    0.564047634601593,
    0.5602933168411255,
    0.5598353743553162,
    0.5556321740150452,
    0.555181622505188,
    0.5587250590324402,
    0.5572461485862732,
    0.5604615211486816,
    0.5511354804039001,
    0.5514389276504517,
    0.5506573915481567,
    0.5537809729576111,
    0.5504261255264282,
    0.5522273182868958,
    0.5573301315307617,
    0.5545591115951538,
    0.5575997233390808,
    0.556368350982666,
    0.5549025535583496,
    0.5612412691116333,
    0.5644598603248596,
    0.559781014919281,
    0.5620302557945251,
    0.561478853225708
  ],
  "epoch_time": [
    3.863184928894043,
    2.6620707511901855,
    2.726335287094116,
    2.7035884857177734,
    2.7035679817199707,
    2.6902987957000732,
    2.7083442211151123,
    2.6823055744171143,
    2.6766769886016846,
    2.6542108058929443,
    2.655634641647339,
    2.664252519607544,
    2.6189043521881104,
    2.6358487606048584,
    2.591948986053467,
    2.670400619506836,
    2.753704071044922,
    2.6937618255615234,
    2.6522977352142334,
    2.6581239700317383,
    2.6530728340148926,
    2.6882481575012207,
    2.631455898284912,
    2.6552178859710693,
    2.669398307800293,
    2.7591745853424072,
    2.7613964080810547,
    2.6203415393829346,
    2.6821794509887695,
    2.7128665447235107,
    2.7299962043762207,
    2.67467999458313,
    2.6615304946899414,
    2.657313585281372,
    2.724147081375122,
    2.710927963256836,
    2.6797964572906494,
    2.6231184005737305,
    2.683668851852417
  ],
  "lr": [
    4.263017449390196e-06,
    5.0491873734489085e-06,
    6.349894088500627e-06,
    8.150883071103771e-06,
    1.0432417174234012e-05,
    1.3169492927870432e-05,
    1.6332114553533467e-05,
    1.988562268983278e-05,
    2.379107422650186e-05,
    2.8005669084295198e-05,
    3.248321926364158e-05,
    3.717465502172063e-05,
    4.202856263073787e-05,
    4.6991747824072515e-05,
    5.200981875545778e-05,
    5.702778208250903e-05,
    6.199064564208398e-05,
    6.684402111271967e-05,
    7.153472005953196e-05,
    7.601133682948553e-05,
    8.022481190904994e-05,
    8.412896957037119e-05,
    8.768102391386186e-05,
    9.08420477614586e-05,
    9.357739926191742e-05,
    9.585710153295345e-05,
    9.765617117970432e-05,
    9.895489208926323e-05,
    9.973903150075092e-05,
    9.999999923164486e-05,
    9.994925949508714e-05,
    9.979792900005849e-05,
    9.954631250603641e-05,
    9.919491673515411e-05,
    9.874444935172947e-05,
    9.81958175371233e-05,
    9.755012616279687e-05,
    9.680867556524776e-05,
    9.597295892730525e-05
  ]
}