{
  "train_loss": [
    0.4164080581538963,
    0.3644895587077785,
    0.3565126942845309,
    0.35172719554140164,
    0.3463125818737055,
    0.3403355095384254,
    0.3355120076279915,
    0.3319603886184431,
    0.32891710621777065,
    0.32549007203187214,
    0.3219257652252997,
    0.31857289833995506,
    0.3151324642250513,
    0.31089503725426054,
    0.30733814783485797,
    0.3028110934243774,
    0.29831076886881286,
    0.2933751452605155,
    0.2886590606570807
  ],
  "val_loss": [
    0.6769622285576428,
    0.6655202586861217,
    0.6631135166348779,
    0.6656371987917844,
    0.6475620133035324,
    0.6501946351764833,
    0.6496083105969078,
    0.6502256166189909,
    0.6409326257731984,
    0.6537568074158009,
    0.663996616071638,
    0.6816255610436202,
    0.6824080632670837,
    0.6824506290914382,
    0.6934424906530801,
    0.6985851659056018,
    0.7056422452716267,
    0.7022028673659353,
    0.6982820654178367
  ],
  "val_mse": [
    0.6778826117515564,
    0.66640305519104,
    0.6639952659606934,
    0.6665261387825012,
    0.6483561396598816,
    0.6509760022163391,
    0.6504115462303162,
    0.6510641574859619,
    0.6418051719665527,
    0.6547661423683167,
    0.6650468111038208,
    0.6826049089431763,
    0.6835041642189026,
    0.6835302710533142,
    0.6945928335189819,
    0.6997753977775574,
    0.7068632245063782,
    0.7033705115318298,
    0.699512779712677
  ],
  "val_mae": [
    0.545423150062561,
    0.5383711457252502,
    0.5373026132583618,
    0.5390923023223877,
    0.5345610976219177,
    0.5393579602241516,
    0.5383011102676392,
    0.5376186966896057,
    0.5341333150863647,
    0.5400844812393188,
    0.545418918132782,
    0.5536651015281677,
    0.5513771176338196,
    0.5493677258491516,
    0.5549125671386719,
    0.557885468006134,
    0.5578656792640686,
    0.5567407608032227,
    0.5556983351707458
  ],
  "epoch_time": [
    36.983861684799194,
    36.909911155700684,
    36.83045196533203,
    36.82033395767212,
    36.84297442436218,
    36.9397337436676,
    37.05938267707825,
    37.0443959236145,
    37.06332468986511,
    37.035439252853394,
    36.95820498466492,
    36.94728755950928,
    36.930461406707764,
    36.92609167098999,
    36.98185634613037,
    36.998600244522095,
    37.101579666137695,
    36.8869686126709,
    36.94131064414978
  ],
  "lr": [
    4.262965561263452e-06,
    5.048980958120001e-06,
    6.349433899736497e-06,
    8.150075455375897e-06,
    1.04311761784835e-05,
    1.3167742280228024e-05,
    1.6329789483906146e-05,
    1.9882671559615518e-05,
    2.3787459939475226e-05,
    2.8001370253988403e-05,
    3.24782311160313e-05,
    3.7168990016050375e-05,
    4.2022250785425004e-05,
    4.698483673906448e-05,
    5.2002373326943105e-05,
    5.7019883910519584e-05,
    6.198239213617911e-05,
    6.683552430555352e-05,
    7.152610514260932e-05
  ]
}