{
  "model": "PatchTST",
  "dataset": "ETTm1",
  "seq_len": 336,
  "pred_len": 336,
  "enc_in": 7,
  "test_mse": 0.43794697523117065,
  "test_mae": 0.44004490971565247,
  "test_rmse": 0.6617756485939026,
  "val_mse": 0.6481543779373169,
  "val_mae": 0.5386407971382141,
  "val_rmse": 0.8050803542137146,
  "n_params": 2212944,
  "best_epoch": 8,
  "total_epochs_run": 18,
  "total_train_time_sec": 664.3667862415314,
  "avg_epoch_time_sec": 36.89680528640747,
  "config": {
    "patch_len": 16,
    "stride": 8
  },
  "batch_size": 32,
  "lr": 0.0001,
  "patience": 10,
  "seed": 2023,
  "experiment_tag": "seed2023",
  "optimizer": "Adam",
  "scheduler": "OneCycleLR",
  "loss": "MSE",
  "train_size": 34560,
  "val_size": 11520,
  "test_size": 23600,
  "channel_names": null,
  "save_artifacts": "minimal"
}