{
  "model": "PatchTST",
  "dataset": "ETTm1",
  "seq_len": 336,
  "pred_len": 192,
  "enc_in": 7,
  "test_mse": 0.3945116698741913,
  "test_mae": 0.41148900985717773,
  "test_rmse": 0.628101646900177,
  "val_mse": 0.49142757058143616,
  "val_mae": 0.4703853726387024,
  "val_rmse": 0.7010189294815063,
  "n_params": 1438656,
  "best_epoch": 11,
  "total_epochs_run": 21,
  "total_train_time_sec": 760.5443680286407,
  "avg_epoch_time_sec": 36.20338862282889,
  "config": {
    "patch_len": 16,
    "stride": 8
  },
  "batch_size": 32,
  "lr": 0.0001,
  "patience": 10,
  "seed": 2022,
  "experiment_tag": "seed2022",
  "optimizer": "Adam",
  "scheduler": "OneCycleLR",
  "loss": "MSE",
  "train_size": 34560,
  "val_size": 11520,
  "test_size": 23600,
  "channel_names": null,
  "save_artifacts": "minimal"
}