{
  "model": "PatchTST",
  "dataset": "ETTh1",
  "seq_len": 336,
  "pred_len": 336,
  "enc_in": 7,
  "test_mse": 0.5423573851585388,
  "test_mae": 0.5081138014793396,
  "test_rmse": 0.7364491820335388,
  "val_mse": 1.2053483724594116,
  "val_mae": 0.746492326259613,
  "val_rmse": 1.0978835821151733,
  "n_params": 243408,
  "best_epoch": 14,
  "total_epochs_run": 24,
  "total_train_time_sec": 64.02681112289429,
  "avg_epoch_time_sec": 2.659085879723231,
  "config": {
    "patch_len": 16,
    "stride": 8,
    "d_model": 16,
    "n_heads": 4,
    "d_ff": 128
  },
  "batch_size": 32,
  "lr": 0.0001,
  "patience": 10,
  "seed": 2022,
  "experiment_tag": "seed2022",
  "optimizer": "Adam",
  "scheduler": "OneCycleLR",
  "loss": "MSE",
  "train_size": 8640,
  "val_size": 2880,
  "test_size": 5900,
  "channel_names": null,
  "save_artifacts": "minimal"
}