{
  "model": "PatchTST",
  "dataset": "ETTh1",
  "seq_len": 336,
  "pred_len": 96,
  "enc_in": 7,
  "test_mse": 0.44367125630378723,
  "test_mae": 0.4428551197052002,
  "test_rmse": 0.6660864949226379,
  "val_mse": 0.6885871291160583,
  "val_mae": 0.5510040521621704,
  "val_rmse": 0.8298115134239197,
  "n_params": 81888,
  "best_epoch": 25,
  "total_epochs_run": 35,
  "total_train_time_sec": 93.90220975875854,
  "avg_epoch_time_sec": 2.6757074083600725,
  "config": {
    "patch_len": 16,
    "stride": 8,
    "d_model": 16,
    "n_heads": 4,
    "d_ff": 128
  },
  "batch_size": 32,
  "lr": 0.0001,
  "patience": 10,
  "seed": 2022,
  "experiment_tag": "seed2022",
  "optimizer": "Adam",
  "scheduler": "OneCycleLR",
  "loss": "MSE",
  "train_size": 8640,
  "val_size": 2880,
  "test_size": 5900,
  "channel_names": null,
  "save_artifacts": "minimal"
}