{
  "train_loss": [
    0.3451749076734788,
    0.28617503450690696,
    0.27383655826884407,
    0.2632212799888167,
    0.25663524736103377,
    0.252545018790475,
    0.24866814285125338,
    0.24535655207918017,
    0.24175649724802872,
    0.2388891946894814,
    0.23602439246470663,
    0.233494128968993,
    0.23092152871624838,
    0.22815267745873719,
    0.22565552091844535,
    0.22315680501217242,
    0.2207827395558581,
    0.21775948741310758,
    0.21464695103508447,
    0.21124133639610732,
    0.20808656824015317,
    0.2046910910456534,
    0.20091824446006296
  ],
  "val_loss": [
    0.4119648834749498,
    0.39782697892068786,
    0.390326413194453,
    0.3887062258159565,
    0.3865267993393824,
    0.38444570108432247,
    0.37965063626209666,
    0.3745946323966087,
    0.3736256742447357,
    0.37910579369330955,
    0.3694858625745911,
    0.37741989298839046,
    0.3690332579144655,
    0.3744797661084607,
    0.3716255937104438,
    0.37839853964338044,
    0.37744855155003515,
    0.3857126022106632,
    0.37986085356698945,
    0.39031643404354277,
    0.3991661769168865,
    0.4116341657936573,
    0.39671210257567313
  ],
  "val_mse": [
    0.41225218772888184,
    0.3981126844882965,
    0.3906066119670868,
    0.38899338245391846,
    0.38681548833847046,
    0.3847205936908722,
    0.3799215853214264,
    0.3748677372932434,
    0.37386634945869446,
    0.37942612171173096,
    0.3697739541530609,
    0.3777061700820923,
    0.3693380057811737,
    0.3748014569282532,
    0.37194353342056274,
    0.3787153661251068,
    0.3777749836444855,
    0.3860394358634949,
    0.3801945447921753,
    0.3906557261943817,
    0.3995063602924347,
    0.4119889438152313,
    0.39708852767944336
  ],
  "val_mae": [
    0.42954501509666443,
    0.41835087537765503,
    0.41444000601768494,
    0.4135771095752716,
    0.41128358244895935,
    0.4121421277523041,
    0.40936192870140076,
    0.40872642397880554,
    0.4089258909225464,
    0.4115976095199585,
    0.4039604961872101,
    0.4131789207458496,
    0.40521106123924255,
    0.40858447551727295,
    0.4075276851654053,
    0.4112687408924103,
    0.40970084071159363,
    0.41300174593925476,
    0.4099874198436737,
    0.4149670898914337,
    0.4197743237018585,
    0.4255726635456085,
    0.4154300391674042
  ],
  "epoch_time": [
    35.54569458961487,
    35.73713684082031,
    35.81549096107483,
    35.82299280166626,
    35.83018898963928,
    35.845141649246216,
    35.81811547279358,
    35.78563857078552,
    35.80031490325928,
    35.79067015647888,
    35.80015850067139,
    35.80339789390564,
    35.825209617614746,
    35.80665040016174,
    35.79421281814575,
    35.78866624832153,
    35.787190437316895,
    35.77821326255798,
    35.77574872970581,
    35.74572134017944,
    35.75175094604492,
    35.774171113967896,
    35.794217586517334
  ],
  "lr": [
    4.262965452653676e-06,
    5.0489805260610035e-06,
    6.349432936489816e-06,
    8.150073764908361e-06,
    1.0431173580878616e-05,
    1.3167738615831642e-05,
    1.63297846171369e-05,
    1.9882665382375876e-05,
    2.3787452374104574e-05,
    2.800136125570648e-05,
    3.247822067482777e-05,
    3.7168978157984454e-05,
    4.202223757330787e-05,
    4.698482227250656e-05,
    5.2002357741757266e-05,
    5.7019867377481814e-05,
    6.198237485915715e-05,
    6.683550651902427e-05,
    7.152608710859464e-05,
    7.600272243420391e-05,
    8.021636247773688e-05,
    8.412083883246993e-05,
    8.76733705654031e-05
  ]
}