{
  "model": "PatchTST",
  "dataset": "ETTm1",
  "seq_len": 336,
  "pred_len": 336,
  "enc_in": 7,
  "test_mse": 0.43643099069595337,
  "test_mae": 0.4376920759677887,
  "test_rmse": 0.6606292128562927,
  "val_mse": 0.6418051719665527,
  "val_mae": 0.5341333150863647,
  "val_rmse": 0.8011274337768555,
  "n_params": 2212944,
  "best_epoch": 9,
  "total_epochs_run": 19,
  "total_train_time_sec": 702.3754358291626,
  "avg_epoch_time_sec": 36.958008979496206,
  "config": {
    "patch_len": 16,
    "stride": 8
  },
  "batch_size": 32,
  "lr": 0.0001,
  "patience": 10,
  "seed": 2021,
  "experiment_tag": "seed2021",
  "optimizer": "Adam",
  "scheduler": "OneCycleLR",
  "loss": "MSE",
  "train_size": 34560,
  "val_size": 11520,
  "test_size": 23600,
  "channel_names": null,
  "save_artifacts": "minimal"
}