{
  "train_loss": [
    0.6927485233172774,
    0.6108687649248168,
    0.5481253468897194,
    0.5021185555960983,
    0.4677029475569725,
    0.43986742896959186,
    0.4172812020406127,
    0.3992099354509264,
    0.3845390847418457,
    0.3733128692256287,
    0.3648074618540704,
    0.3590051169740036,
    0.35462668165564537,
    0.35162685939576477,
    0.3489682786166668,
    0.3467586819315329,
    0.34471181069966406,
    0.34288754197768867,
    0.34128721192246303,
    0.3402099359082058,
    0.3387614188250154,
    0.33725515217520297,
    0.3360444747377187,
    0.33457495737820864,
    0.33330236771143973,
    0.33204666984966025,
    0.3308872339548543,
    0.32915053819306195,
    0.3279654475627467,
    0.3268388871802017,
    0.32524048059713095,
    0.3239365965127945,
    0.3231219101580791,
    0.32163188845152035,
    0.32076242205221206,
    0.31988168362295255,
    0.3187280020210892,
    0.3172058875206858,
    0.31656029098667204
  ],
  "val_loss": [
    1.4640417969846107,
    1.2830911503209697,
    1.1428998530685128,
    1.0388300608504901,
    0.9537758691744371,
    0.8834167804036822,
    0.8310181676567375,
    0.7906242955427665,
    0.761247814475716,
    0.7455653931413379,
    0.7315204567336416,
    0.7251272174445066,
    0.720303712920709,
    0.7146253945765557,
    0.7045768456799644,
    0.7108529079463575,
    0.7090362459421158,
    0.711575939477264,
    0.7047258195551959,
    0.6986405075370491,
    0.6979447520011431,
    0.6924296198533727,
    0.7069371543921433,
    0.697997675313578,
    0.6964507274232902,
    0.6971629627726295,
    0.695672955992934,
    0.6956707303980728,
    0.6882181415310153,
    0.6942436710580603,
    0.6950127648842799,
    0.7009956935396442,
    0.6953728439939486,
    0.7044551353175919,
    0.7048298130174736,
    0.715695745372153,
    0.7154588035561822,
    0.7099752348738831,
    0.6980693309338062
  ],
  "val_mse": [
    1.4683314561843872,
    1.2870416641235352,
    1.146579623222351,
    1.0422592163085938,
    0.9569233059883118,
    0.8863056898117065,
    0.8337240219116211,
    0.7931932210922241,
    0.7637094259262085,
    0.7479868531227112,
    0.7338982820510864,
    0.7274657487869263,
    0.7226424217224121,
    0.7169066667556763,
    0.7068395614624023,
    0.7131348848342896,
    0.7112928032875061,
    0.7138967514038086,
    0.7069994807243347,
    0.7009092569351196,
    0.7002139091491699,
    0.6947121024131775,
    0.709263265132904,
    0.7002772688865662,
    0.6988019943237305,
    0.6995148062705994,
    0.6980843544006348,
    0.6980258822441101,
    0.6906071305274963,
    0.6966707706451416,
    0.6974732279777527,
    0.7035169005393982,
    0.6978625655174255,
    0.7070530652999878,
    0.7074571251869202,
    0.7183887362480164,
    0.7181900143623352,
    0.7126855254173279,
    0.7007613778114319
  ],
  "val_mae": [
    0.8743636012077332,
    0.8117467761039734,
    0.759901225566864,
    0.7196512222290039,
    0.6849067211151123,
    0.6538271307945251,
    0.6296263933181763,
    0.6107056736946106,
    0.5960723757743835,
    0.5882607102394104,
    0.5792838931083679,
    0.5758250951766968,
    0.5733433961868286,
    0.5683184862136841,
    0.5646768808364868,
    0.5645776987075806,
    0.5643559098243713,
    0.5667406916618347,
    0.5597956776618958,
    0.5585111975669861,
    0.5602169036865234,
    0.5550790429115295,
    0.5607568621635437,
    0.5559412837028503,
    0.5566626787185669,
    0.5552000403404236,
    0.552051305770874,
    0.5570645928382874,
    0.553415060043335,
    0.5572733879089355,
    0.5572697520256042,
    0.5598182678222656,
    0.5583193898200989,
    0.5642892718315125,
    0.5636094808578491,
    0.5663653016090393,
    0.5678682327270508,
    0.5653356313705444,
    0.5591245293617249
  ],
  "epoch_time": [
    2.9131786823272705,
    2.7854807376861572,
    2.6845016479492188,
    2.8134570121765137,
    2.8968169689178467,
    2.7187340259552,
    2.7816646099090576,
    2.712277889251709,
    2.731107473373413,
    2.7110157012939453,
    2.732555627822876,
    2.6724231243133545,
    2.6231777667999268,
    2.8195533752441406,
    2.7291407585144043,
    2.769303798675537,
    2.7357256412506104,
    2.7895078659057617,
    2.7435293197631836,
    2.7700350284576416,
    2.7294459342956543,
    2.7391674518585205,
    2.8085923194885254,
    2.7714364528656006,
    2.753188371658325,
    2.71578311920166,
    2.844393730163574,
    2.75618577003479,
    2.66149640083313,
    2.71852445602417,
    2.674353837966919,
    2.7504220008850098,
    2.670365810394287,
    2.7335445880889893,
    2.690985918045044,
    2.723749876022339,
    2.7218432426452637,
    2.7079620361328125,
    2.7197258472442627
  ],
  "lr": [
    4.263017449390196e-06,
    5.0491873734489085e-06,
    6.349894088500627e-06,
    8.150883071103771e-06,
    1.0432417174234012e-05,
    1.3169492927870432e-05,
    1.6332114553533467e-05,
    1.988562268983278e-05,
    2.379107422650186e-05,
    2.8005669084295198e-05,
    3.248321926364158e-05,
    3.717465502172063e-05,
    4.202856263073787e-05,
    4.6991747824072515e-05,
    5.200981875545778e-05,
    5.702778208250903e-05,
    6.199064564208398e-05,
    6.684402111271967e-05,
    7.153472005953196e-05,
    7.601133682948553e-05,
    8.022481190904994e-05,
    8.412896957037119e-05,
    8.768102391386186e-05,
    9.08420477614586e-05,
    9.357739926191742e-05,
    9.585710153295345e-05,
    9.765617117970432e-05,
    9.895489208926323e-05,
    9.973903150075092e-05,
    9.999999923164486e-05,
    9.994925949508714e-05,
    9.979792900005849e-05,
    9.954631250603641e-05,
    9.919491673515411e-05,
    9.874444935172947e-05,
    9.81958175371233e-05,
    9.755012616279687e-05,
    9.680867556524776e-05,
    9.597295892730525e-05
  ]
}