{
  "model": "PatchTST",
  "dataset": "ETTm1",
  "seq_len": 336,
  "pred_len": 192,
  "enc_in": 7,
  "test_mse": 0.39307233691215515,
  "test_mae": 0.4106389582157135,
  "test_rmse": 0.6269547939300537,
  "val_mse": 0.49248117208480835,
  "val_mae": 0.4705701768398285,
  "val_rmse": 0.701770007610321,
  "n_params": 1438656,
  "best_epoch": 11,
  "total_epochs_run": 21,
  "total_train_time_sec": 761.0274140834808,
  "avg_epoch_time_sec": 36.22909356298901,
  "config": {
    "patch_len": 16,
    "stride": 8
  },
  "batch_size": 32,
  "lr": 0.0001,
  "patience": 10,
  "seed": 2021,
  "experiment_tag": "seed2021",
  "optimizer": "Adam",
  "scheduler": "OneCycleLR",
  "loss": "MSE",
  "train_size": 34560,
  "val_size": 11520,
  "test_size": 23600,
  "channel_names": null,
  "save_artifacts": "minimal"
}