{
  "model": "PatchTST",
  "dataset": "ETTm1",
  "seq_len": 336,
  "pred_len": 96,
  "enc_in": 7,
  "test_mse": 0.34733331203460693,
  "test_mae": 0.3800564408302307,
  "test_rmse": 0.5893499255180359,
  "val_mse": 0.3693380057811737,
  "val_mae": 0.40521106123924255,
  "val_rmse": 0.6077318787574768,
  "n_params": 922464,
  "best_epoch": 13,
  "total_epochs_run": 23,
  "total_train_time_sec": 823.2597649097443,
  "avg_epoch_time_sec": 35.78333451436914,
  "config": {
    "patch_len": 16,
    "stride": 8
  },
  "batch_size": 32,
  "lr": 0.0001,
  "patience": 10,
  "seed": 2022,
  "experiment_tag": "seed2022",
  "optimizer": "Adam",
  "scheduler": "OneCycleLR",
  "loss": "MSE",
  "train_size": 34560,
  "val_size": 11520,
  "test_size": 23600,
  "channel_names": null,
  "save_artifacts": "minimal"
}