{
  "model": "PatchTST",
  "dataset": "ETTm1",
  "seq_len": 336,
  "pred_len": 192,
  "enc_in": 7,
  "test_mse": 0.3948827087879181,
  "test_mae": 0.4117303788661957,
  "test_rmse": 0.6283969283103943,
  "val_mse": 0.49158504605293274,
  "val_mae": 0.46924811601638794,
  "val_rmse": 0.701131284236908,
  "n_params": 1438656,
  "best_epoch": 8,
  "total_epochs_run": 18,
  "total_train_time_sec": 651.4041213989258,
  "avg_epoch_time_sec": 36.17879716555277,
  "config": {
    "patch_len": 16,
    "stride": 8
  },
  "batch_size": 32,
  "lr": 0.0001,
  "patience": 10,
  "seed": 2023,
  "experiment_tag": "seed2023",
  "optimizer": "Adam",
  "scheduler": "OneCycleLR",
  "loss": "MSE",
  "train_size": 34560,
  "val_size": 11520,
  "test_size": 23600,
  "channel_names": null,
  "save_artifacts": "minimal"
}