{
  "model": "PatchTST",
  "dataset": "ETTm1",
  "seq_len": 336,
  "pred_len": 336,
  "enc_in": 7,
  "test_mse": 0.4390275180339813,
  "test_mae": 0.4398154616355896,
  "test_rmse": 0.6625915169715881,
  "val_mse": 0.6469811797142029,
  "val_mae": 0.5370668768882751,
  "val_rmse": 0.8043513894081116,
  "n_params": 2212944,
  "best_epoch": 9,
  "total_epochs_run": 19,
  "total_train_time_sec": 701.7079408168793,
  "avg_epoch_time_sec": 36.91599646367525,
  "config": {
    "patch_len": 16,
    "stride": 8
  },
  "batch_size": 32,
  "lr": 0.0001,
  "patience": 10,
  "seed": 2022,
  "experiment_tag": "seed2022",
  "optimizer": "Adam",
  "scheduler": "OneCycleLR",
  "loss": "MSE",
  "train_size": 34560,
  "val_size": 11520,
  "test_size": 23600,
  "channel_names": null,
  "save_artifacts": "minimal"
}