{
  "model": "PatchTST",
  "dataset": "ETTm1",
  "seq_len": 336,
  "pred_len": 96,
  "enc_in": 7,
  "test_mse": 0.3476259410381317,
  "test_mae": 0.37806436419487,
  "test_rmse": 0.5895981192588806,
  "val_mse": 0.366227388381958,
  "val_mae": 0.3997920751571655,
  "val_rmse": 0.6051672697067261,
  "n_params": 922464,
  "best_epoch": 11,
  "total_epochs_run": 21,
  "total_train_time_sec": 750.2034847736359,
  "avg_epoch_time_sec": 35.71422458830334,
  "config": {
    "patch_len": 16,
    "stride": 8
  },
  "batch_size": 32,
  "lr": 0.0001,
  "patience": 10,
  "seed": 2023,
  "experiment_tag": "seed2023",
  "optimizer": "Adam",
  "scheduler": "OneCycleLR",
  "loss": "MSE",
  "train_size": 34560,
  "val_size": 11520,
  "test_size": 23600,
  "channel_names": null,
  "save_artifacts": "minimal"
}