{
  "train_loss": [
    0.4146243758197096,
    0.36422895912408154,
    0.3567231261471288,
    0.3521421676091815,
    0.3469741562270578,
    0.34079734233891323,
    0.3357314052336389,
    0.3319525636092349,
    0.32863541552489156,
    0.3258187087697731,
    0.322855729936878,
    0.31992025774700444,
    0.3165755357322432,
    0.3134181683810957,
    0.3092719909151958,
    0.3049700193465938,
    0.3006324058045071,
    0.2954468568250523
  ],
  "val_loss": [
    0.6777113516979357,
    0.6650120808578589,
    0.6631412412313854,
    0.6630921328330741,
    0.6539204036707387,
    0.6560687814565266,
    0.6515542815713321,
    0.6472869692041593,
    0.6496615358135279,
    0.6507563735413201,
    0.6606528613716364,
    0.6611581481774064,
    0.6638836115598679,
    0.6589870327754932,
    0.6815831659909557,
    0.6846222721697653,
    0.6808534341919071,
    0.6839332020458053
  ],
  "val_mse": [
    0.678598165512085,
    0.6658697724342346,
    0.6639950275421143,
    0.6639007925987244,
    0.6546671390533447,
    0.6568198204040527,
    0.6523534655570984,
    0.6481543779373169,
    0.6505517363548279,
    0.6516801714897156,
    0.6616981029510498,
    0.6622005701065063,
    0.6650100350379944,
    0.660041093826294,
    0.6828409433364868,
    0.6858958601951599,
    0.6820539236068726,
    0.6851996779441833
  ],
  "val_mae": [
    0.5455103516578674,
    0.537664532661438,
    0.5365961194038391,
    0.5381600856781006,
    0.5349765419960022,
    0.5391108393669128,
    0.5370272397994995,
    0.5386407971382141,
    0.538366973400116,
    0.5399309396743774,
    0.5413387417793274,
    0.5424707531929016,
    0.5451379418373108,
    0.5436009764671326,
    0.549686849117279,
    0.5553979873657227,
    0.5483888983726501,
    0.5503307580947876
  ],
  "epoch_time": [
    36.96177577972412,
    36.94355821609497,
    36.86267852783203,
    36.844932556152344,
    36.82740497589111,
    36.776461601257324,
    36.809810638427734,
    36.87580227851868,
    36.89890432357788,
    36.89080214500427,
    36.973085165023804,
    36.90018010139465,
    36.88920712471008,
    36.93653059005737,
    36.932066917419434,
    36.93429374694824,
    36.95728373527527,
    36.92771673202515
  ],
  "lr": [
    4.262965561263452e-06,
    5.048980958120001e-06,
    6.349433899736497e-06,
    8.150075455375897e-06,
    1.04311761784835e-05,
    1.3167742280228024e-05,
    1.6329789483906146e-05,
    1.9882671559615518e-05,
    2.3787459939475226e-05,
    2.8001370253988403e-05,
    3.24782311160313e-05,
    3.7168990016050375e-05,
    4.2022250785425004e-05,
    4.698483673906448e-05,
    5.2002373326943105e-05,
    5.7019883910519584e-05,
    6.198239213617911e-05,
    6.683552430555352e-05
  ]
}