{
  "model": "PatchTST",
  "dataset": "ETTh1",
  "seq_len": 336,
  "pred_len": 192,
  "enc_in": 7,
  "test_mse": 0.49508345127105713,
  "test_mae": 0.4764617681503296,
  "test_rmse": 0.7036216855049133,
  "val_mse": 0.9718751907348633,
  "val_mae": 0.6599121689796448,
  "val_rmse": 0.9858372807502747,
  "n_params": 146496,
  "best_epoch": 18,
  "total_epochs_run": 28,
  "total_train_time_sec": 75.25374412536621,
  "avg_epoch_time_sec": 2.6796163490840366,
  "config": {
    "patch_len": 16,
    "stride": 8,
    "d_model": 16,
    "n_heads": 4,
    "d_ff": 128
  },
  "batch_size": 32,
  "lr": 0.0001,
  "patience": 10,
  "seed": 2023,
  "experiment_tag": "seed2023",
  "optimizer": "Adam",
  "scheduler": "OneCycleLR",
  "loss": "MSE",
  "train_size": 8640,
  "val_size": 2880,
  "test_size": 5900,
  "channel_names": null,
  "save_artifacts": "minimal"
}