{
  "model": "PatchTST",
  "dataset": "ETTm1",
  "seq_len": 336,
  "pred_len": 720,
  "enc_in": 7,
  "test_mse": 0.5001667737960815,
  "test_mae": 0.4752355217933655,
  "test_rmse": 0.7072247266769409,
  "val_mse": 0.9598559737205505,
  "val_mae": 0.6484136581420898,
  "val_rmse": 0.9797223806381226,
  "n_params": 4277712,
  "best_epoch": 7,
  "total_epochs_run": 17,
  "total_train_time_sec": 661.7690451145172,
  "avg_epoch_time_sec": 38.907155976575964,
  "config": {
    "patch_len": 16,
    "stride": 8
  },
  "batch_size": 32,
  "lr": 0.0001,
  "patience": 10,
  "seed": 2021,
  "experiment_tag": "seed2021",
  "optimizer": "Adam",
  "scheduler": "OneCycleLR",
  "loss": "MSE",
  "train_size": 34560,
  "val_size": 11520,
  "test_size": 23600,
  "channel_names": null,
  "save_artifacts": "minimal"
}