{
  "train_loss": [
    0.8669504908066762,
    0.802736270276806,
    0.7484829888565128,
    0.7066222844244558,
    0.6765829817655218,
    0.6535778425413848,
    0.6346484103283299,
    0.619472572823617,
    0.6075157752016929,
    0.5980305337201693,
    0.5896139069448544,
    0.580558888142622,
    0.5706843156603318,
    0.5645146212748837,
    0.5596780406020362,
    0.5548210777813876,
    0.5494726878681263,
    0.5424002029221772,
    0.5355446212905369,
    0.5293033388345051
  ],
  "val_loss": [
    1.8443816633060062,
    1.6867410705007355,
    1.562713768975488,
    1.4820280794439644,
    1.4332498209229831,
    1.398033583986348,
    1.3694590422613868,
    1.3499040285061146,
    1.3359381546234261,
    1.3337502284296627,
    1.34420504549454,
    1.3962475811613018,
    1.4449865026720639,
    1.4268896867488992,
    1.432990480085899,
    1.4298319888525997,
    1.4232495622388248,
    1.453053060276755,
    1.5004532676318596,
    1.4469308966192707
  ],
  "val_mse": [
    1.854384422302246,
    1.6955180168151855,
    1.570509910583496,
    1.489081859588623,
    1.4398183822631836,
    1.4043102264404297,
    1.375545859336853,
    1.3558995723724365,
    1.3418805599212646,
    1.3397802114486694,
    1.3503772020339966,
    1.4029959440231323,
    1.4528579711914062,
    1.4346336126327515,
    1.440948247909546,
    1.4381067752838135,
    1.4316895008087158,
    1.4623229503631592,
    1.5109646320343018,
    1.4566030502319336
  ],
  "val_mae": [
    0.9966601729393005,
    0.9461992979049683,
    0.9045419692993164,
    0.8766350746154785,
    0.8586272597312927,
    0.8437342643737793,
    0.8313131928443909,
    0.8222677111625671,
    0.8155161738395691,
    0.8132156133651733,
    0.8140819668769836,
    0.8253674507141113,
    0.8340901732444763,
    0.8284217715263367,
    0.8283676505088806,
    0.8270180225372314,
    0.8251206874847412,
    0.8325939178466797,
    0.847255527973175,
    0.8346211314201355
  ],
  "epoch_time": [
    2.5646603107452393,
    2.6337709426879883,
    2.580246925354004,
    2.5919885635375977,
    2.632564067840576,
    2.7195515632629395,
    2.7232601642608643,
    2.6263186931610107,
    2.6686885356903076,
    2.5748252868652344,
    2.6173431873321533,
    2.5982096195220947,
    2.5503218173980713,
    2.552415609359741,
    2.524907350540161,
    2.6291494369506836,
    2.658845901489258,
    2.616443157196045,
    2.588026285171509,
    2.6293773651123047
  ],
  "lr": [
    4.2630229362605396e-06,
    5.049209200667218e-06,
    6.349942750731989e-06,
    8.15096847155364e-06,
    1.0432548401741659e-05,
    1.316967804743975e-05,
    1.6332360413800535e-05,
    1.9885934750721532e-05,
    2.3791456410022843e-05,
    2.800612365110207e-05,
    3.2483746717579595e-05,
    3.717525404418823e-05,
    4.2029230046239125e-05,
    4.699247859787404e-05,
    5.20106060237829e-05,
    5.702861721521188e-05,
    6.199151833725437e-05,
    6.684491952218164e-05,
    7.153563094372241e-05,
    7.601224573974152e-05
  ]
}