{
  "train_loss": [
    0.3760699628101467,
    0.32283776388735785,
    0.3138486347384646,
    0.3073030652606252,
    0.30058321592276205,
    0.2952601327468849,
    0.2905638467587061,
    0.2871865698557806,
    0.283823332201728,
    0.28106249470757855,
    0.27855205652238285,
    0.27565939298297365,
    0.27304136101244086,
    0.27022582752348,
    0.26768990863300335,
    0.26440329352080094,
    0.2612095374126874,
    0.25770899195045316,
    0.2543362604624128,
    0.2502715641445185,
    0.24656611547813254
  ],
  "val_loss": [
    0.5303199905902147,
    0.5180344320833683,
    0.5127753476547294,
    0.50868858964464,
    0.5035557194158088,
    0.5017944248176591,
    0.4973785960397055,
    0.4948932991558036,
    0.49324735271376235,
    0.4942554589577539,
    0.49102393905957076,
    0.5010368395163569,
    0.4983046886965979,
    0.512715356034595,
    0.5228760086519774,
    0.5174435157502113,
    0.5181010781982264,
    0.5283342449557643,
    0.5252410629331026,
    0.5373501172505839,
    0.5530020302638065
  ],
  "val_mse": [
    0.5306719541549683,
    0.5183885097503662,
    0.513136088848114,
    0.5090346932411194,
    0.5039153695106506,
    0.5021560192108154,
    0.49775567650794983,
    0.49527302384376526,
    0.493638813495636,
    0.49464428424835205,
    0.49142757058143616,
    0.5014468431472778,
    0.49873170256614685,
    0.5131512880325317,
    0.5233205556869507,
    0.5178987979888916,
    0.5185409784317017,
    0.5288102626800537,
    0.5256903767585754,
    0.5378202795982361,
    0.5534766316413879
  ],
  "val_mae": [
    0.48462045192718506,
    0.4764714539051056,
    0.47399163246154785,
    0.4730912148952484,
    0.47046366333961487,
    0.4740622639656067,
    0.47208330035209656,
    0.4730313718318939,
    0.4719517230987549,
    0.47380173206329346,
    0.4703853726387024,
    0.47428658604621887,
    0.4733668863773346,
    0.482210248708725,
    0.48413291573524475,
    0.4813292324542999,
    0.482164204120636,
    0.483792781829834,
    0.4830920994281769,
    0.48651644587516785,
    0.4939209222793579
  ],
  "epoch_time": [
    36.14062547683716,
    36.181474685668945,
    36.15220260620117,
    36.20884442329407,
    36.22585368156433,
    36.2562530040741,
    36.23841643333435,
    36.260504722595215,
    36.232433557510376,
    36.190244913101196,
    36.22893166542053,
    36.21337938308716,
    36.18781638145447,
    36.193063735961914,
    36.1818323135376,
    36.16197490692139,
    36.16468048095703,
    36.22806406021118,
    36.215983629226685,
    36.196133613586426,
    36.21244740486145
  ],
  "lr": [
    4.262965499025558e-06,
    5.048980710532325e-06,
    6.3494333477563366e-06,
    8.150074486668117e-06,
    1.0431174689948524e-05,
    1.3167740180377444e-05,
    1.6329786695046237e-05,
    1.988266801980192e-05,
    2.3787455604205195e-05,
    2.8001365097601015e-05,
    3.247822513279024e-05,
    3.716898322088864e-05,
    4.202224321433601e-05,
    4.698482844912914e-05,
    5.2002364395987825e-05,
    5.7019874436406053e-05,
    6.1982382235732e-05,
    6.683551411313781e-05,
    7.152609480837436e-05,
    7.600273011755656e-05,
    8.02163700140996e-05
  ]
}