{
  "train_loss": [
    0.7641047938281752,
    0.6933788819964152,
    0.6354810207723135,
    0.5916496363270235,
    0.5602332229116356,
    0.5362352996944902,
    0.51761157170357,
    0.5030477510159275,
    0.49175390002717934,
    0.4829419823774851,
    0.4763326595825364,
    0.47093363938082655,
    0.46673158409605064,
    0.46306280163397273,
    0.4597216988184366,
    0.45606898040656585,
    0.4525900264102292,
    0.4495401907876792,
    0.44698563122366325,
    0.4441988148603095,
    0.44080449491140833,
    0.43756680687268573,
    0.4339079247660426,
    0.4312998122240166
  ],
  "val_loss": [
    1.7347606105463846,
    1.574691961492811,
    1.4513791288648332,
    1.3706905475684574,
    1.3178405753203801,
    1.2793505936861038,
    1.2514167198113033,
    1.2288390755653382,
    1.2082921321902955,
    1.1978461452892848,
    1.197658022386687,
    1.2012122656617845,
    1.1974901229143142,
    1.1950903304985592,
    1.21836650456701,
    1.2165544492857796,
    1.246785889353071,
    1.229194781609944,
    1.2360508991139276,
    1.2354786298104694,
    1.2361184213842664,
    1.244833584342684,
    1.237788103733744,
    1.2539409501211984
  ],
  "val_mse": [
    1.7437739372253418,
    1.5837349891662598,
    1.4606597423553467,
    1.3804571628570557,
    1.3281430006027222,
    1.2899348735809326,
    1.2620424032211304,
    1.239371657371521,
    1.2184549570083618,
    1.2079768180847168,
    1.2079981565475464,
    1.2116683721542358,
    1.2079218626022339,
    1.2053483724594116,
    1.2291697263717651,
    1.2270665168762207,
    1.2581229209899902,
    1.2400438785552979,
    1.2469896078109741,
    1.2459503412246704,
    1.2463128566741943,
    1.2554887533187866,
    1.2480638027191162,
    1.26432204246521
  ],
  "val_mae": [
    0.9526938199996948,
    0.9000570178031921,
    0.8570588231086731,
    0.8274672627449036,
    0.8063759207725525,
    0.7895115613937378,
    0.7763849496841431,
    0.7659279108047485,
    0.7577704191207886,
    0.7522547841072083,
    0.7505233883857727,
    0.7494787573814392,
    0.7472540140151978,
    0.746492326259613,
    0.7510165572166443,
    0.7499439716339111,
    0.7563689947128296,
    0.7529920339584351,
    0.7548611760139465,
    0.7556273341178894,
    0.757664680480957,
    0.7588905096054077,
    0.7600521445274353,
    0.7643556594848633
  ],
  "epoch_time": [
    2.631728410720825,
    2.692617893218994,
    2.6938741207122803,
    2.611116409301758,
    2.600437879562378,
    2.654163360595703,
    2.634312868118286,
    2.709869384765625,
    2.637803554534912,
    2.634660243988037,
    2.630052089691162,
    2.671293258666992,
    2.6477696895599365,
    2.64176344871521,
    2.666537284851074,
    2.6895854473114014,
    2.779613494873047,
    2.6648659706115723,
    2.7323384284973145,
    2.6727826595306396,
    2.7325682640075684,
    2.6375699043273926,
    2.578606128692627,
    2.5721309185028076
  ],
  "lr": [
    4.2630193734285576e-06,
    5.04919502743089e-06,
    6.349911152510351e-06,
    8.150913017824154e-06,
    1.0432463190782344e-05,
    1.316955784234588e-05,
    1.6332200767503553e-05,
    1.988573211789901e-05,
    2.3791208243980548e-05,
    2.8005828483930616e-05,
    3.2483404222134586e-05,
    3.717486507671155e-05,
    4.202879666872674e-05,
    4.699200407959692e-05,
    5.201009482168032e-05,
    5.702807493319402e-05,
    6.199095166477102e-05,
    6.684433615273038e-05,
    7.153503947427918e-05,
    7.601165555239353e-05,
    8.022512452224236e-05,
    8.412927038514191e-05,
    8.768130705781578e-05,
    9.084230727109555e-05
  ]
}