{
  "train_loss": [
    0.346109470425918,
    0.2864649097590688,
    0.2752239014568964,
    0.264978204866064,
    0.25743870209294456,
    0.2526404193513389,
    0.24885392749566745,
    0.24541817532806862,
    0.24204983622338938,
    0.23907191517429102,
    0.23662600069399398,
    0.23381288525758495,
    0.2313073505883369,
    0.2285795446072913,
    0.22632291152598039,
    0.2234245057149631,
    0.2209678203790094,
    0.21804027387952715,
    0.21517024315040956,
    0.21222172846657697,
    0.2086327605326896
  ],
  "val_loss": [
    0.4123778306591923,
    0.39636090611475344,
    0.3931046082538899,
    0.38482169710335884,
    0.382175502831637,
    0.3784217138906205,
    0.381865276007642,
    0.3753626236439782,
    0.37956639434015027,
    0.37026751068251623,
    0.36597884352981874,
    0.3784012923108398,
    0.37348365173903253,
    0.3697073606919143,
    0.3759957709985782,
    0.37547100631665087,
    0.3817699630811853,
    0.39072433446858734,
    0.3815976676748534,
    0.39429301382055887,
    0.3881205660250757
  ],
  "val_mse": [
    0.4126754403114319,
    0.3966471254825592,
    0.39339348673820496,
    0.38510018587112427,
    0.38245266675949097,
    0.378695547580719,
    0.3821598291397095,
    0.375620573759079,
    0.3798569440841675,
    0.3705710470676422,
    0.366227388381958,
    0.37868988513946533,
    0.3737974464893341,
    0.37002259492874146,
    0.3762762248516083,
    0.37570837140083313,
    0.38206151127815247,
    0.39105847477912903,
    0.38193273544311523,
    0.394624263048172,
    0.38837966322898865
  ],
  "val_mae": [
    0.4296501874923706,
    0.4170580804347992,
    0.4157795310020447,
    0.41020768880844116,
    0.408989816904068,
    0.4073026776313782,
    0.4111632704734802,
    0.40772661566734314,
    0.4147781729698181,
    0.40548017621040344,
    0.3997920751571655,
    0.4135879576206207,
    0.4097067415714264,
    0.405806303024292,
    0.4091833531856537,
    0.4047980010509491,
    0.41203221678733826,
    0.4187777638435364,
    0.41290828585624695,
    0.41940927505493164,
    0.411348819732666
  ],
  "epoch_time": [
    35.54743528366089,
    35.646291732788086,
    35.7922785282135,
    35.831814765930176,
    35.692819595336914,
    35.619799852371216,
    35.667152881622314,
    35.610251903533936,
    35.82072854042053,
    35.63640642166138,
    35.61371469497681,
    35.679114818573,
    35.76868462562561,
    35.801350355148315,
    35.831817865371704,
    35.8142032623291,
    35.76607537269592,
    35.73790788650513,
    35.730302572250366,
    35.67276477813721,
    35.71780061721802
  ],
  "lr": [
    4.262965452653676e-06,
    5.0489805260610035e-06,
    6.349432936489816e-06,
    8.150073764908361e-06,
    1.0431173580878616e-05,
    1.3167738615831642e-05,
    1.63297846171369e-05,
    1.9882665382375876e-05,
    2.3787452374104574e-05,
    2.800136125570648e-05,
    3.247822067482777e-05,
    3.7168978157984454e-05,
    4.202223757330787e-05,
    4.698482227250656e-05,
    5.2002357741757266e-05,
    5.7019867377481814e-05,
    6.198237485915715e-05,
    6.683550651902427e-05,
    7.152608710859464e-05,
    7.600272243420391e-05,
    8.021636247773688e-05
  ]
}