{
  "train_loss": [
    0.7725876890511877,
    0.6983887797378632,
    0.6396926734820906,
    0.5967521084599705,
    0.566222510663381,
    0.5424333348810433,
    0.5232908200308022,
    0.5074729598669642,
    0.49447705719365653,
    0.48436590921447936,
    0.47706441575264835,
    0.4713929338627551,
    0.46746394887985476,
    0.46428014930472317,
    0.46174735058263605,
    0.45913046658278467,
    0.45672673561486854,
    0.4540854401617165,
    0.4512775510429857,
    0.4479326617765618,
    0.4446578512948201,
    0.44068589076459647,
    0.4365983479712383
  ],
  "val_loss": [
    1.7322413444519043,
    1.5723925352096557,
    1.454528032881873,
    1.3781684798853737,
    1.328283143043518,
    1.2917987142290388,
    1.2624639187540327,
    1.2384222801242555,
    1.2221844796623502,
    1.2102472897086824,
    1.200600615995271,
    1.2006812572479248,
    1.1859068355390003,
    1.2037647958312716,
    1.197949509535517,
    1.1900074120078767,
    1.198498959200723,
    1.2100056899445397,
    1.2086334326437542,
    1.2343158951827458,
    1.2382102353232247,
    1.2346962388072695,
    1.2471864223480225
  ],
  "val_mse": [
    1.7407830953598022,
    1.5807547569274902,
    1.4630005359649658,
    1.3871314525604248,
    1.337993860244751,
    1.3021953105926514,
    1.273102045059204,
    1.249125361442566,
    1.232823133468628,
    1.221003532409668,
    1.2111914157867432,
    1.2112367153167725,
    1.1961208581924438,
    1.2146574258804321,
    1.2084866762161255,
    1.200577974319458,
    1.2090204954147339,
    1.2205007076263428,
    1.2190725803375244,
    1.2453681230545044,
    1.2492802143096924,
    1.2453491687774658,
    1.2577028274536133
  ],
  "val_mae": [
    0.9524612426757812,
    0.8990300893783569,
    0.8575481176376343,
    0.8297830820083618,
    0.8103539347648621,
    0.7945507168769836,
    0.78122878074646,
    0.7699519991874695,
    0.7618722319602966,
    0.7555246353149414,
    0.7505873441696167,
    0.7494139671325684,
    0.7440924048423767,
    0.7470327615737915,
    0.7463122606277466,
    0.7415317296981812,
    0.7435647249221802,
    0.7477691769599915,
    0.7471736669540405,
    0.753115177154541,
    0.7555177807807922,
    0.7562496662139893,
    0.7633365988731384
  ],
  "epoch_time": [
    2.6339566707611084,
    2.5774343013763428,
    2.6827309131622314,
    2.608474016189575,
    2.64091420173645,
    2.6371617317199707,
    2.6727757453918457,
    2.7130885124206543,
    2.6428141593933105,
    2.6476054191589355,
    2.653661012649536,
    2.6134259700775146,
    2.599524974822998,
    2.5633902549743652,
    2.564256429672241,
    2.6087281703948975,
    2.637270450592041,
    2.627514600753784,
    2.632051944732666,
    2.6071317195892334,
    2.672105073928833,
    2.655714988708496,
    2.597764492034912
  ],
  "lr": [
    4.2630193734285576e-06,
    5.04919502743089e-06,
    6.349911152510351e-06,
    8.150913017824154e-06,
    1.0432463190782344e-05,
    1.316955784234588e-05,
    1.6332200767503553e-05,
    1.988573211789901e-05,
    2.3791208243980548e-05,
    2.8005828483930616e-05,
    3.2483404222134586e-05,
    3.717486507671155e-05,
    4.202879666872674e-05,
    4.699200407959692e-05,
    5.201009482168032e-05,
    5.702807493319402e-05,
    6.199095166477102e-05,
    6.684433615273038e-05,
    7.153503947427918e-05,
    7.601165555239353e-05,
    8.022512452224236e-05,
    8.412927038514191e-05,
    8.768130705781578e-05
  ]
}