{
  "model": "PatchTST",
  "dataset": "ETTh1",
  "seq_len": 336,
  "pred_len": 336,
  "enc_in": 7,
  "test_mse": 0.5418593883514404,
  "test_mae": 0.5080220699310303,
  "test_rmse": 0.7361109852790833,
  "val_mse": 1.2061383724212646,
  "val_mae": 0.7450856566429138,
  "val_rmse": 1.0982433557510376,
  "n_params": 243408,
  "best_epoch": 15,
  "total_epochs_run": 25,
  "total_train_time_sec": 66.97097945213318,
  "avg_epoch_time_sec": 2.669779224395752,
  "config": {
    "patch_len": 16,
    "stride": 8,
    "d_model": 16,
    "n_heads": 4,
    "d_ff": 128
  },
  "batch_size": 32,
  "lr": 0.0001,
  "patience": 10,
  "seed": 2023,
  "experiment_tag": "seed2023",
  "optimizer": "Adam",
  "scheduler": "OneCycleLR",
  "loss": "MSE",
  "train_size": 8640,
  "val_size": 2880,
  "test_size": 5900,
  "channel_names": null,
  "save_artifacts": "minimal"
}