{
  "train_loss": [
    0.8666749770128275,
    0.8004459789030662,
    0.7467302121693575,
    0.7068510978533749,
    0.6785345090089469,
    0.6565040709600167,
    0.6379725331998576,
    0.6226350607248298,
    0.6099214175330938,
    0.5996624448882879,
    0.5917188843342825,
    0.5857916509551842,
    0.5811401732611757,
    0.5761579042497064,
    0.5680088219763357,
    0.5607945756821693,
    0.5556210419045219,
    0.5492386628052354,
    0.5392525754397428,
    0.5290230210823349,
    0.5230951948004936
  ],
  "val_loss": [
    1.825711829908963,
    1.6691805720329285,
    1.5529782319891041,
    1.480562604706863,
    1.434814740871561,
    1.4019886573840832,
    1.3767828396682082,
    1.3548398007606637,
    1.334848502586628,
    1.3233226054701313,
    1.3114603778411602,
    1.311518559168125,
    1.3134029970086853,
    1.3372028932489197,
    1.4075622538040424,
    1.410113864931567,
    1.415766228889597,
    1.4119742091359764,
    1.4094658812572216,
    1.4455539234753312,
    1.4199099910670314
  ],
  "val_mse": [
    1.8351409435272217,
    1.6778206825256348,
    1.5608150959014893,
    1.4876558780670166,
    1.4413518905639648,
    1.4081461429595947,
    1.3827978372573853,
    1.3607925176620483,
    1.3407468795776367,
    1.3291821479797363,
    1.317289113998413,
    1.317350149154663,
    1.31917142868042,
    1.3435572385787964,
    1.4152209758758545,
    1.4180889129638672,
    1.4241207838058472,
    1.4207087755203247,
    1.4195191860198975,
    1.4567737579345703,
    1.4307289123535156
  ],
  "val_mae": [
    0.992296576499939,
    0.9415127038955688,
    0.9020971655845642,
    0.8771921396255493,
    0.860467791557312,
    0.8464471101760864,
    0.834574282169342,
    0.8249072432518005,
    0.8166102170944214,
    0.8106001615524292,
    0.806198239326477,
    0.8035976886749268,
    0.803224503993988,
    0.8082069754600525,
    0.8251123428344727,
    0.8245519399642944,
    0.8253358602523804,
    0.824353039264679,
    0.8267672657966614,
    0.8429343700408936,
    0.833983838558197
  ],
  "epoch_time": [
    2.6057703495025635,
    2.6099119186401367,
    2.6538217067718506,
    2.5597305297851562,
    2.5845370292663574,
    2.5954155921936035,
    2.6416447162628174,
    2.633167028427124,
    2.5923261642456055,
    2.6687371730804443,
    2.5738894939422607,
    2.6070351600646973,
    2.633660078048706,
    2.575773239135742,
    2.5493855476379395,
    2.594376564025879,
    2.627748489379883,
    2.6591053009033203,
    2.5966708660125732,
    2.568352699279785,
    2.571769952774048
  ],
  "lr": [
    4.2630229362605396e-06,
    5.049209200667218e-06,
    6.349942750731989e-06,
    8.15096847155364e-06,
    1.0432548401741659e-05,
    1.316967804743975e-05,
    1.6332360413800535e-05,
    1.9885934750721532e-05,
    2.3791456410022843e-05,
    2.800612365110207e-05,
    3.2483746717579595e-05,
    3.717525404418823e-05,
    4.2029230046239125e-05,
    4.699247859787404e-05,
    5.20106060237829e-05,
    5.702861721521188e-05,
    6.199151833725437e-05,
    6.684491952218164e-05,
    7.153563094372241e-05,
    7.601224573974152e-05,
    8.022570339489907e-05
  ]
}